2025-11-27 19:23:19,568 [INFO] 
================================================================================
2025-11-27 19:23:19,568 [INFO] OneKE 知识抽取 - 整本书细粒度分析
2025-11-27 19:23:19,568 [INFO] ================================================================================
2025-11-27 19:23:19,568 [INFO] PDF 路径: /root/projects/cwy/DeepKE/cwy/data/家庭教育-亲子关系-链接力-核心能力《非暴力.pdf
2025-11-27 19:23:19,568 [INFO] 输出目录: /root/projects/cwy/DeepKE/cwy/src/full_book_results
2025-11-27 19:23:19,568 [INFO] 处理页数: 全部
2025-11-27 19:23:19,568 [INFO] 处理段落: 全部
2025-11-27 19:23:19,568 [INFO] ================================================================================
2025-11-27 19:23:19,568 [INFO] ================================================================================
2025-11-27 19:23:19,568 [INFO] 开始加载 OneKE 模型...
2025-11-27 19:23:19,568 [INFO] 模型路径: /data2/models/OneKE/ZJUNLP/OneKE
2025-11-27 19:23:19,589 [INFO] 使用设备: cuda
2025-11-27 19:23:20,824 [INFO] We will use 90% of the memory on device 0 for storing the model, and 10% for the buffer to avoid OOM. You can set `max_memory` in to a higher value to use more memory (at your own risk).
Loading checkpoint shards:   0%|          | 0/3 [00:00<?, ?it/s]Loading checkpoint shards:  33%|███▎      | 1/3 [00:04<00:08,  4.47s/it]Loading checkpoint shards:  67%|██████▋   | 2/3 [00:08<00:04,  4.43s/it]Loading checkpoint shards: 100%|██████████| 3/3 [00:11<00:00,  3.79s/it]Loading checkpoint shards: 100%|██████████| 3/3 [00:11<00:00,  3.97s/it]
2025-11-27 19:23:33,054 [INFO] ✅ 模型加载完成！
2025-11-27 19:23:33,054 [INFO] ================================================================================
2025-11-27 19:23:33,054 [INFO] ================================================================================
2025-11-27 19:23:33,054 [INFO] 开始读取 PDF: /root/projects/cwy/DeepKE/cwy/data/家庭教育-亲子关系-链接力-核心能力《非暴力.pdf
2025-11-27 19:23:33,139 [INFO] PDF 总页数: 226
2025-11-27 19:23:33,139 [INFO] 将处理 226 页（整本书）...
2025-11-27 19:23:33,459 [INFO] 已处理 10/226 页，累计段落: 61
2025-11-27 19:23:33,975 [INFO] 已处理 20/226 页，累计段落: 220
2025-11-27 19:23:34,523 [INFO] 已处理 30/226 页，累计段落: 379
2025-11-27 19:23:35,080 [INFO] 已处理 40/226 页，累计段落: 550
2025-11-27 19:23:35,549 [INFO] 已处理 50/226 页，累计段落: 650
2025-11-27 19:23:35,984 [INFO] 已处理 60/226 页，累计段落: 770
2025-11-27 19:23:36,470 [INFO] 已处理 70/226 页，累计段落: 912
2025-11-27 19:23:37,020 [INFO] 已处理 80/226 页，累计段落: 1047
2025-11-27 19:23:37,519 [INFO] 已处理 90/226 页，累计段落: 1208
2025-11-27 19:23:38,098 [INFO] 已处理 100/226 页，累计段落: 1399
2025-11-27 19:23:38,661 [INFO] 已处理 110/226 页，累计段落: 1529
2025-11-27 19:23:39,226 [INFO] 已处理 120/226 页，累计段落: 1712
2025-11-27 19:23:39,701 [INFO] 已处理 130/226 页，累计段落: 1856
2025-11-27 19:23:40,245 [INFO] 已处理 140/226 页，累计段落: 2041
2025-11-27 19:23:40,978 [INFO] 已处理 150/226 页，累计段落: 2229
2025-11-27 19:23:41,565 [INFO] 已处理 160/226 页，累计段落: 2427
2025-11-27 19:23:42,034 [INFO] 已处理 170/226 页，累计段落: 2581
2025-11-27 19:23:42,651 [INFO] 已处理 180/226 页，累计段落: 2782
2025-11-27 19:23:43,407 [INFO] 已处理 190/226 页，累计段落: 2977
2025-11-27 19:23:43,922 [INFO] 已处理 200/226 页，累计段落: 3142
2025-11-27 19:23:44,482 [INFO] 已处理 210/226 页，累计段落: 3333
2025-11-27 19:23:44,896 [INFO] 已处理 220/226 页，累计段落: 3459
2025-11-27 19:23:44,969 [INFO] ✅ 提取完成！共 3465 个段落
2025-11-27 19:23:44,969 [INFO] ================================================================================
2025-11-27 19:23:44,974 [INFO] ================================================================================
2025-11-27 19:23:44,974 [INFO] 开始批量抽取（共 3465 个段落，693 批）...
2025-11-27 19:23:44,974 [INFO] 批处理大小: 5 个段落/批（加速5倍）
2025-11-27 19:23:44,974 [INFO] 每 50 批保存一次中间结果
2025-11-27 19:23:44,974 [INFO] ================================================================================
2025-11-27 19:23:44,974 [INFO] 
================================================================================
2025-11-27 19:23:44,975 [INFO] 处理第 1/693 批 (段落 1-5)
2025-11-27 19:23:44,975 [INFO] ================================================================================
2025-11-27 19:23:44,975 [INFO] 📄 本批段落数: 5
2025-11-27 19:23:44,975 [INFO] 📄 合并文本长度: 154 字符
2025-11-27 19:23:44,975 [INFO] 📄 完整文本:
马歇尔·卢森堡博士发现了一种沟通方式，依照它来谈话和聆听，

能使人们情意相通，和谐相处，这就是“非暴力沟通”。

做为一个遵纪守法的好人，也许我们从来没有把谈话和“暴力”扯上

关系。不过如果稍微留意一下现实生活中的谈话方式，并且用心体会各

种谈话方式给我们的不同感受，我们一定会发现，有些话确实伤人！言
2025-11-27 19:23:44,975 [INFO] --------------------------------------------------------------------------------
2025-11-27 19:23:50,469 [INFO] ✅ 实体抽取成功: 共 4 个实体
2025-11-27 19:23:50,469 [INFO]    完整结果:
{"人物": ["马歇尔·卢森堡"], "概念": ["非暴力沟通"], "方法": [], "理论": [], "组织": [], "书籍": [], "情绪": [], "行为": ["谈话", "聆听"]}
2025-11-27 19:23:56,143 [INFO] ✅ 关系抽取成功: 共 1 个关系
2025-11-27 19:23:56,143 [INFO]    完整结果:
{"提出": [{"subject": "非暴力沟通", "object": "马歇尔·卢森堡"}], "包含": [], "应用": [], "来源": [], "解释": [], "相关": [], "导致": [], "影响": []}
2025-11-27 19:23:56,143 [INFO] 
📊 进度统计:
2025-11-27 19:23:56,143 [INFO]    已处理批次: 1/693 (0.1%)
2025-11-27 19:23:56,144 [INFO]    已处理段落: 5/3465
2025-11-27 19:23:56,144 [INFO]    成功: 1, 失败: 0
2025-11-27 19:23:56,144 [INFO]    已用时: 0.2 分钟
2025-11-27 19:23:56,144 [INFO]    预计剩余: 128.8 分钟
2025-11-27 19:23:56,144 [INFO]    预计总时间: 129.0 分钟
2025-11-27 19:23:56,144 [INFO] 
================================================================================
2025-11-27 19:23:56,144 [INFO] 处理第 2/693 批 (段落 6-10)
2025-11-27 19:23:56,144 [INFO] ================================================================================
2025-11-27 19:23:56,144 [INFO] 📄 本批段落数: 5
2025-11-27 19:23:56,144 [INFO] 📄 合并文本长度: 168 字符
2025-11-27 19:23:56,144 [INFO] 📄 完整文本:
语上的指责、嘲讽、否定、说教以及任意打断、拒不回应、随意出口的

评价和结论给我们带来的情感和精神上的创伤甚至比肉体的伤害更加令

人痛苦。这些无心或有意的语言暴力让人与人变得冷漠、隔膜、敌视。

● 突破那些引发愤怒、沮丧、焦虑等负面情绪的思维方式；

非暴力沟通／（美）马歇尔·卢森堡（Marshall B.Rosenberg）著；
2025-11-27 19:23:56,144 [INFO] --------------------------------------------------------------------------------
2025-11-27 19:24:04,320 [INFO] ✅ 实体抽取成功: 共 8 个实体
2025-11-27 19:24:04,320 [INFO]    完整结果:
{"人物": ["马歇尔·卢森堡", "Marshall B.Rosenberg"], "概念": ["语言暴力", "负面情绪"], "方法": ["非暴力沟通"], "理论": [], "组织": [], "书籍": [], "情绪": ["愤怒", "沮丧", "焦虑"], "行为": []}
2025-11-27 19:24:07,634 [INFO] ✅ 关系抽取成功: 共 0 个关系
2025-11-27 19:24:07,635 [INFO]    完整结果:
{"提出": [], "包含": [], "应用": [], "来源": [], "解释": [], "相关": [], "导致": [], "影响": []}
2025-11-27 19:24:07,635 [INFO] 
📊 进度统计:
2025-11-27 19:24:07,635 [INFO]    已处理批次: 2/693 (0.3%)
2025-11-27 19:24:07,635 [INFO]    已处理段落: 10/3465
2025-11-27 19:24:07,635 [INFO]    成功: 2, 失败: 0
2025-11-27 19:24:07,635 [INFO]    已用时: 0.4 分钟
2025-11-27 19:24:07,635 [INFO]    预计剩余: 130.5 分钟
2025-11-27 19:24:07,635 [INFO]    预计总时间: 130.9 分钟
2025-11-27 19:24:07,635 [INFO] 
================================================================================
2025-11-27 19:24:07,635 [INFO] 处理第 3/693 批 (段落 11-15)
2025-11-27 19:24:07,635 [INFO] ================================================================================
2025-11-27 19:24:07,635 [INFO] 📄 本批段落数: 5
2025-11-27 19:24:07,635 [INFO] 📄 合并文本长度: 157 字符
2025-11-27 19:24:07,635 [INFO] 📄 完整文本:
刘轶译.-2版（修订本）-北京：华夏出版社有限公司，2021.5

书名原文：Nonviolent Communication

ISBN 978-7-5222-0051-4

Ⅰ.①非⋯Ⅱ.①马⋯②刘⋯Ⅲ.①心理交往-通俗读物Ⅳ.①C912.11-49

中国版本图书馆CIP数据核字（2021）第006542号
2025-11-27 19:24:07,635 [INFO] --------------------------------------------------------------------------------
2025-11-27 19:24:14,456 [INFO] ✅ 实体抽取成功: 共 4 个实体
2025-11-27 19:24:14,456 [INFO]    完整结果:
{"人物": ["刘"], "概念": [], "方法": [], "理论": [], "组织": ["华夏出版社有限公司", "中国版本图书馆"], "书籍": ["Nonviolent Communication"], "情绪": [], "行为": []}
2025-11-27 19:24:18,885 [INFO] ✅ 关系抽取成功: 共 0 个关系
2025-11-27 19:24:18,885 [INFO]    完整结果:
{"提出": [], "包含": [], "应用": [], "来源": [], "解释": [], "相关": [], "导致": [], "影响": []}
2025-11-27 19:24:18,885 [INFO] 
📊 进度统计:
2025-11-27 19:24:18,885 [INFO]    已处理批次: 3/693 (0.4%)
2025-11-27 19:24:18,885 [INFO]    已处理段落: 15/3465
2025-11-27 19:24:18,885 [INFO]    成功: 3, 失败: 0
2025-11-27 19:24:18,885 [INFO]    已用时: 0.6 分钟
2025-11-27 19:24:18,885 [INFO]    预计剩余: 130.0 分钟
2025-11-27 19:24:18,885 [INFO]    预计总时间: 130.6 分钟
2025-11-27 19:24:18,885 [INFO] 
================================================================================
2025-11-27 19:24:18,885 [INFO] 处理第 4/693 批 (段落 16-20)
2025-11-27 19:24:18,885 [INFO] ================================================================================
2025-11-27 19:24:18,885 [INFO] 📄 本批段落数: 5
2025-11-27 19:24:18,886 [INFO] 📄 合并文本长度: 288 字符
2025-11-27 19:24:18,886 [INFO] 📄 完整文本:
Translated from the book Nonviolent Communication:A Language of

Life 3rd Edition,ISBN 13/10:9781892005281/189200528X by Marshall

B.Rosenberg. Copyright ? Fall 2015 Puddle Dancer Press,published by

Used with permission.

For further information about Nonviolent Communication(TM) please
2025-11-27 19:24:18,886 [INFO] --------------------------------------------------------------------------------
2025-11-27 19:24:27,496 [INFO] ✅ 实体抽取成功: 共 4 个实体
2025-11-27 19:24:27,497 [INFO]    完整结果:
{"人物": ["Marshall"], "概念": [], "方法": ["Nonviolent Communication", "Nonviolent Communication(TM)"], "理论": [], "组织": [], "书籍": ["Nonviolent Communication:A Language of\n\nLife 3rd Edition"], "情绪": [], "行为": []}
2025-11-27 19:24:33,201 [INFO] ✅ 关系抽取成功: 共 1 个关系
2025-11-27 19:24:33,201 [INFO]    完整结果:
{"提出": [], "包含": [], "应用": [], "来源": [{"subject": "Nonviolent Communication", "object": "Marshall"}], "解释": [], "相关": [], "导致": [], "影响": []}
2025-11-27 19:24:33,201 [INFO] 
📊 进度统计:
2025-11-27 19:24:33,201 [INFO]    已处理批次: 4/693 (0.6%)
2025-11-27 19:24:33,201 [INFO]    已处理段落: 20/3465
2025-11-27 19:24:33,201 [INFO]    成功: 4, 失败: 0
2025-11-27 19:24:33,201 [INFO]    已用时: 0.8 分钟
2025-11-27 19:24:33,201 [INFO]    预计剩余: 138.4 分钟
2025-11-27 19:24:33,201 [INFO]    预计总时间: 139.3 分钟
2025-11-27 19:24:33,201 [INFO] 
================================================================================
2025-11-27 19:24:33,201 [INFO] 处理第 5/693 批 (段落 21-25)
2025-11-27 19:24:33,201 [INFO] ================================================================================
2025-11-27 19:24:33,201 [INFO] 📄 本批段落数: 5
2025-11-27 19:24:33,201 [INFO] 📄 合并文本长度: 181 字符
2025-11-27 19:24:33,201 [INFO] 📄 完整文本:
visit the Center for Nonviolent Communication on the Web

北京市版权局著作权合同登记号：图字01-2016-2253号

版 次 2021年5月北京第2版 2021年5月北京第1次印刷

若发现本版图书有印装质量问题，请与我社营销中心联系调换．

有关非暴力沟通的更多信息，请联系非暴力沟通中心，地址如下
2025-11-27 19:24:33,201 [INFO] --------------------------------------------------------------------------------
2025-11-27 19:24:39,606 [INFO] ✅ 实体抽取成功: 共 4 个实体
2025-11-27 19:24:39,606 [INFO]    完整结果:
{"人物": [], "概念": [], "方法": ["非暴力沟通"], "理论": [], "组织": ["Center for Nonviolent Communication", "北京市版权局", "非暴力沟通中心"], "书籍": [], "情绪": [], "行为": []}
2025-11-27 19:24:45,241 [INFO] ✅ 关系抽取成功: 共 1 个关系
2025-11-27 19:24:45,241 [INFO]    完整结果:
{"提出": [], "包含": [], "应用": [], "来源": [], "解释": [], "相关": [{"subject": "非暴力沟通", "object": "非暴力沟通中心"}], "导致": [], "影响": []}
2025-11-27 19:24:45,241 [INFO] 
📊 进度统计:
2025-11-27 19:24:45,241 [INFO]    已处理批次: 5/693 (0.7%)
2025-11-27 19:24:45,242 [INFO]    已处理段落: 25/3465
2025-11-27 19:24:45,242 [INFO]    成功: 5, 失败: 0
2025-11-27 19:24:45,242 [INFO]    已用时: 1.0 分钟
2025-11-27 19:24:45,242 [INFO]    预计剩余: 138.2 分钟
2025-11-27 19:24:45,242 [INFO]    预计总时间: 139.2 分钟
2025-11-27 19:24:45,242 [INFO] 
================================================================================
2025-11-27 19:24:45,242 [INFO] 处理第 6/693 批 (段落 26-30)
2025-11-27 19:24:45,242 [INFO] ================================================================================
2025-11-27 19:24:45,242 [INFO] 📄 本批段落数: 5
2025-11-27 19:24:45,242 [INFO] 📄 合并文本长度: 183 字符
2025-11-27 19:24:45,242 [INFO] 📄 完整文本:
Center for Nonviolent Communication (CNVC)

9301 Indian School Rd., NE, Suite 204Albuquerque NM 87112-2861

US Only: 800-255-7696

Website: www.CNVC.org

我们每一个人都渴望幸福，渴望生活在一个和平、稳定而又繁荣的
2025-11-27 19:24:45,242 [INFO] --------------------------------------------------------------------------------
2025-11-27 19:24:49,495 [INFO] ✅ 实体抽取成功: 共 2 个实体
2025-11-27 19:24:49,496 [INFO]    完整结果:
{"人物": [], "概念": [], "方法": [], "理论": [], "组织": ["Center for Nonviolent Communication", "CNVC"], "书籍": [], "情绪": [], "行为": []}
2025-11-27 19:24:52,558 [INFO] ✅ 关系抽取成功: 共 0 个关系
2025-11-27 19:24:52,559 [INFO]    完整结果:
{"提出": [], "包含": [], "应用": [], "来源": [], "解释": [], "相关": [], "导致": [], "影响": []}
2025-11-27 19:24:52,559 [INFO] 
📊 进度统计:
2025-11-27 19:24:52,559 [INFO]    已处理批次: 6/693 (0.9%)
2025-11-27 19:24:52,559 [INFO]    已处理段落: 30/3465
2025-11-27 19:24:52,559 [INFO]    成功: 6, 失败: 0
2025-11-27 19:24:52,559 [INFO]    已用时: 1.1 分钟
2025-11-27 19:24:52,559 [INFO]    预计剩余: 129.0 分钟
2025-11-27 19:24:52,559 [INFO]    预计总时间: 130.1 分钟
2025-11-27 19:24:52,559 [INFO] 
================================================================================
2025-11-27 19:24:52,559 [INFO] 处理第 7/693 批 (段落 31-35)
2025-11-27 19:24:52,559 [INFO] ================================================================================
2025-11-27 19:24:52,559 [INFO] 📄 本批段落数: 5
2025-11-27 19:24:52,559 [INFO] 📄 合并文本长度: 162 字符
2025-11-27 19:24:52,559 [INFO] 📄 完整文本:
社会当中。当人们的基本需要诸如食物和住所得到满足，决定我们生活

品质的便是人与人的连结。这意味着，如果我和家人、亲属、朋友以及

同事的关系在情感上是安全、滋养的；我可以表达我的想法并且得到理

解、接纳、鼓励、同理；当美好的事情发生时能够庆祝……我便能掌握

我的力量。这将当我在生命遭遇困难时给予我信心、价值感和勇气。
2025-11-27 19:24:52,559 [INFO] --------------------------------------------------------------------------------
2025-11-27 19:24:55,834 [INFO] ✅ 实体抽取成功: 共 1 个实体
2025-11-27 19:24:55,834 [INFO]    完整结果:
{"人物": [], "概念": [], "方法": [], "理论": [], "组织": [], "书籍": [], "情绪": [], "行为": ["庆祝"]}
2025-11-27 19:24:58,928 [INFO] ✅ 关系抽取成功: 共 0 个关系
2025-11-27 19:24:58,928 [INFO]    完整结果:
{"提出": [], "包含": [], "应用": [], "来源": [], "解释": [], "相关": [], "导致": [], "影响": []}
2025-11-27 19:24:58,928 [INFO] 
📊 进度统计:
2025-11-27 19:24:58,928 [INFO]    已处理批次: 7/693 (1.0%)
2025-11-27 19:24:58,928 [INFO]    已处理段落: 35/3465
2025-11-27 19:24:58,928 [INFO]    成功: 7, 失败: 0
2025-11-27 19:24:58,929 [INFO]    已用时: 1.2 分钟
2025-11-27 19:24:58,929 [INFO]    预计剩余: 120.8 分钟
2025-11-27 19:24:58,929 [INFO]    预计总时间: 122.0 分钟
2025-11-27 19:24:58,929 [INFO] 
================================================================================
2025-11-27 19:24:58,929 [INFO] 处理第 8/693 批 (段落 36-40)
2025-11-27 19:24:58,929 [INFO] ================================================================================
2025-11-27 19:24:58,929 [INFO] 📄 本批段落数: 5
2025-11-27 19:24:58,929 [INFO] 📄 合并文本长度: 161 字符
2025-11-27 19:24:58,929 [INFO] 📄 完整文本:
而如果我与身边的人在关系中的状态是相互纠错、评判、指责，那

么我会感到受伤、难过和孤独，我的生活也会很有压力。我相信，如果

我们学习如何沟通、如何相互交谈和聆听、如何不带批评地诚实表达自

己、如何带着同理心聆听……就会带来不同的关系品质。在本书中，马

歇尔向我们展示了如何在日常生活中一步一步地做到这些，不论是在家
2025-11-27 19:24:58,929 [INFO] --------------------------------------------------------------------------------
2025-11-27 19:25:07,874 [INFO] ✅ 实体抽取成功: 共 12 个实体
2025-11-27 19:25:07,874 [INFO]    完整结果:
{"人物": ["马歇尔"], "概念": [], "方法": [], "理论": [], "组织": [], "书籍": [], "情绪": ["受伤", "难过", "孤独"], "行为": ["相互纠错", "评判", "指责", "沟通", "相互交谈", "聆听", "不带批评地诚实表达自", "带着同理心聆听"]}
2025-11-27 19:25:10,949 [INFO] ✅ 关系抽取成功: 共 0 个关系
2025-11-27 19:25:10,949 [INFO]    完整结果:
{"提出": [], "包含": [], "应用": [], "来源": [], "解释": [], "相关": [], "导致": [], "影响": []}
2025-11-27 19:25:10,949 [INFO] 
📊 进度统计:
2025-11-27 19:25:10,949 [INFO]    已处理批次: 8/693 (1.2%)
2025-11-27 19:25:10,949 [INFO]    已处理段落: 40/3465
2025-11-27 19:25:10,949 [INFO]    成功: 8, 失败: 0
2025-11-27 19:25:10,949 [INFO]    已用时: 1.4 分钟
2025-11-27 19:25:10,949 [INFO]    预计剩余: 122.7 分钟
2025-11-27 19:25:10,949 [INFO]    预计总时间: 124.1 分钟
2025-11-27 19:25:10,949 [INFO] 
================================================================================
2025-11-27 19:25:10,949 [INFO] 处理第 9/693 批 (段落 41-45)
2025-11-27 19:25:10,949 [INFO] ================================================================================
2025-11-27 19:25:10,949 [INFO] 📄 本批段落数: 5
2025-11-27 19:25:10,949 [INFO] 📄 合并文本长度: 160 字符
2025-11-27 19:25:10,949 [INFO] 📄 完整文本:
庭中还是工作中，如此我们将拥有改变情境的力量，而不是让它变得更

在这个如此多人共同生活的社会，即便我们拥有相同的愿景、梦

想，要如何实现它们，每个人都可能有着不同的想法。这些不同常常引

发群体内的冲突。新版中增加的章节为我们展现了如何通过非暴力沟通

的调解来和平解决人与人之间的冲突。这种调解方式既能为一个安全而
2025-11-27 19:25:10,949 [INFO] --------------------------------------------------------------------------------
2025-11-27 19:25:14,383 [INFO] ✅ 实体抽取成功: 共 1 个实体
2025-11-27 19:25:14,383 [INFO]    完整结果:
{"人物": [], "概念": [], "方法": ["非暴力沟通"], "理论": [], "组织": [], "书籍": [], "情绪": [], "行为": []}
2025-11-27 19:25:18,885 [INFO] ✅ 关系抽取成功: 共 1 个关系
2025-11-27 19:25:18,885 [INFO]    完整结果:
{"提出": [], "包含": [], "应用": [{"subject": "非暴力沟通", "object": "调解"}], "来源": [], "解释": [], "相关": [], "导致": [], "影响": []}
2025-11-27 19:25:18,885 [INFO] 
📊 进度统计:
2025-11-27 19:25:18,885 [INFO]    已处理批次: 9/693 (1.3%)
2025-11-27 19:25:18,885 [INFO]    已处理段落: 45/3465
2025-11-27 19:25:18,885 [INFO]    成功: 9, 失败: 0
2025-11-27 19:25:18,885 [INFO]    已用时: 1.6 分钟
2025-11-27 19:25:18,885 [INFO]    预计剩余: 119.0 分钟
2025-11-27 19:25:18,885 [INFO]    预计总时间: 120.5 分钟
2025-11-27 19:25:18,885 [INFO] 
================================================================================
2025-11-27 19:25:18,885 [INFO] 处理第 10/693 批 (段落 46-50)
2025-11-27 19:25:18,885 [INFO] ================================================================================
2025-11-27 19:25:18,885 [INFO] 📄 本批段落数: 5
2025-11-27 19:25:18,885 [INFO] 📄 合并文本长度: 161 字符
2025-11-27 19:25:18,885 [INFO] 📄 完整文本:
又和谐的社会做出贡献，也同时培育活力以及创造力以推进社会向前发

于我，从马歇尔那收获的重大学习是自我同理。通过自我同理，我

对自己有了更多的理解和认识。例如理解自己为什么会去做那些让自己

后悔的事情。这意味着，如果在行动之前就能懂得这些，我便不用如此

行动。我学会了如何理解我的错误，我也学会了宽恕自己意味着什么。
2025-11-27 19:25:18,885 [INFO] --------------------------------------------------------------------------------
2025-11-27 19:25:22,603 [INFO] ✅ 实体抽取成功: 共 2 个实体
2025-11-27 19:25:22,603 [INFO]    完整结果:
{"人物": ["马歇尔"], "概念": ["自我同理"], "方法": [], "理论": [], "组织": [], "书籍": [], "情绪": [], "行为": []}
2025-11-27 19:25:27,224 [INFO] ✅ 关系抽取成功: 共 1 个关系
2025-11-27 19:25:27,224 [INFO]    完整结果:
{"提出": [], "包含": [], "应用": [], "来源": [], "解释": [], "相关": [], "导致": [], "影响": [{"subject": "自我同理", "object": "理解自己"}]}
2025-11-27 19:25:27,224 [INFO] 
📊 进度统计:
2025-11-27 19:25:27,224 [INFO]    已处理批次: 10/693 (1.4%)
2025-11-27 19:25:27,224 [INFO]    已处理段落: 50/3465
2025-11-27 19:25:27,224 [INFO]    成功: 10, 失败: 0
2025-11-27 19:25:27,224 [INFO]    已用时: 1.7 分钟
2025-11-27 19:25:27,224 [INFO]    预计剩余: 116.4 分钟
2025-11-27 19:25:27,224 [INFO]    预计总时间: 118.1 分钟
2025-11-27 19:25:27,224 [INFO] 
================================================================================
2025-11-27 19:25:27,224 [INFO] 处理第 11/693 批 (段落 51-55)
2025-11-27 19:25:27,224 [INFO] ================================================================================
2025-11-27 19:25:27,224 [INFO] 📄 本批段落数: 5
2025-11-27 19:25:27,224 [INFO] 📄 合并文本长度: 163 字符
2025-11-27 19:25:27,224 [INFO] 📄 完整文本:
另外对我很有帮助的还有：如何充分地表达愤怒，让彼此加深理解并走

向更深的连结；如何用不伤害关系的方式说“不”，因而我能更好地应对

生活并且减少压力；在面对那些被我归类为“敌人”的人时，将他们作

为“人”来看待，看到他们和我一样遭受着苦痛，他们和我一样在那一刻

今日，我们正在共同面对由我们自己的思想和生活方式所创造的诸
2025-11-27 19:25:27,224 [INFO] --------------------------------------------------------------------------------
2025-11-27 19:25:31,694 [INFO] ✅ 实体抽取成功: 共 3 个实体
2025-11-27 19:25:31,694 [INFO]    完整结果:
{"人物": [], "概念": [], "方法": [], "理论": [], "组织": [], "书籍": [], "情绪": ["愤怒"], "行为": ["表达愤怒", "说“不”"]}
2025-11-27 19:25:34,801 [INFO] ✅ 关系抽取成功: 共 0 个关系
2025-11-27 19:25:34,801 [INFO]    完整结果:
{"提出": [], "包含": [], "应用": [], "来源": [], "解释": [], "相关": [], "导致": [], "影响": []}
2025-11-27 19:25:34,801 [INFO] 
📊 进度统计:
2025-11-27 19:25:34,801 [INFO]    已处理批次: 11/693 (1.6%)
2025-11-27 19:25:34,801 [INFO]    已处理段落: 55/3465
2025-11-27 19:25:34,801 [INFO]    成功: 11, 失败: 0
2025-11-27 19:25:34,801 [INFO]    已用时: 1.8 分钟
2025-11-27 19:25:34,801 [INFO]    预计剩余: 113.5 分钟
2025-11-27 19:25:34,801 [INFO]    预计总时间: 115.3 分钟
2025-11-27 19:25:34,802 [INFO] 
================================================================================
2025-11-27 19:25:34,802 [INFO] 处理第 12/693 批 (段落 56-60)
2025-11-27 19:25:34,802 [INFO] ================================================================================
2025-11-27 19:25:34,802 [INFO] 📄 本批段落数: 5
2025-11-27 19:25:34,802 [INFO] 📄 合并文本长度: 151 字符
2025-11-27 19:25:34,802 [INFO] 📄 完整文本:
多问题，而此刻，世界召唤我们一起走向未知、绘制新的路径。当我们

和自己内心最深处、最真诚的人类共同需要相连结时，我们便拥有了这

份勇气。我相信中国正在朝着这个方向引领世界，而此书将带给人们一

种看待世界的新方式以及新的思考和连结方式。

我也要庆祝我们在中国的第一位国际认证培训师刘轶，她亦是《非
2025-11-27 19:25:34,802 [INFO] --------------------------------------------------------------------------------
2025-11-27 19:25:38,171 [INFO] ✅ 实体抽取成功: 共 1 个实体
2025-11-27 19:25:38,172 [INFO]    完整结果:
{"人物": ["刘轶"], "概念": [], "方法": [], "理论": [], "组织": [], "书籍": [], "情绪": [], "行为": []}
2025-11-27 19:25:41,258 [INFO] ✅ 关系抽取成功: 共 0 个关系
2025-11-27 19:25:41,259 [INFO]    完整结果:
{"提出": [], "包含": [], "应用": [], "来源": [], "解释": [], "相关": [], "导致": [], "影响": []}
2025-11-27 19:25:41,259 [INFO] 
📊 进度统计:
2025-11-27 19:25:41,259 [INFO]    已处理批次: 12/693 (1.7%)
2025-11-27 19:25:41,259 [INFO]    已处理段落: 60/3465
2025-11-27 19:25:41,259 [INFO]    成功: 12, 失败: 0
2025-11-27 19:25:41,259 [INFO]    已用时: 1.9 分钟
2025-11-27 19:25:41,259 [INFO]    预计剩余: 110.0 分钟
2025-11-27 19:25:41,259 [INFO]    预计总时间: 111.9 分钟
2025-11-27 19:25:41,259 [INFO] 
================================================================================
2025-11-27 19:25:41,259 [INFO] 处理第 13/693 批 (段落 61-65)
2025-11-27 19:25:41,259 [INFO] ================================================================================
2025-11-27 19:25:41,259 [INFO] 📄 本批段落数: 5
2025-11-27 19:25:41,259 [INFO] 📄 合并文本长度: 162 字符
2025-11-27 19:25:41,259 [INFO] 📄 完整文本:
暴力沟通》新版的译者。我希望这本书能启迪更多的人们，并且召唤更

很荣幸在过去三年我能与马歇尔博士的《非暴力沟通》有如此亲密

的接触，这本书可以说汇集了马歇尔对于“非暴力沟通”这套方法的所有

精华内容。对于我来说，翻译的过程意味着不断深切感悟非暴力沟通的

精神，体会其大道至简背后所蕴藏着的对人性深刻的理解。马歇尔博士
2025-11-27 19:25:41,259 [INFO] --------------------------------------------------------------------------------
2025-11-27 19:25:46,853 [INFO] ✅ 实体抽取成功: 共 4 个实体
2025-11-27 19:25:46,853 [INFO]    完整结果:
{"人物": ["马歇尔"], "概念": [], "方法": ["非暴力沟通"], "理论": [], "组织": [], "书籍": ["暴力沟通》", "《非暴力沟通》"], "情绪": [], "行为": []}
2025-11-27 19:25:52,187 [INFO] ✅ 关系抽取成功: 共 1 个关系
2025-11-27 19:25:52,188 [INFO]    完整结果:
{"提出": [], "包含": [], "应用": [], "来源": [], "解释": [{"subject": "非暴力沟通", "object": "马歇尔"}], "相关": [], "导致": [], "影响": []}
2025-11-27 19:25:52,188 [INFO] 
📊 进度统计:
2025-11-27 19:25:52,188 [INFO]    已处理批次: 13/693 (1.9%)
2025-11-27 19:25:52,188 [INFO]    已处理段落: 65/3465
2025-11-27 19:25:52,188 [INFO]    成功: 13, 失败: 0
2025-11-27 19:25:52,188 [INFO]    已用时: 2.1 分钟
2025-11-27 19:25:52,188 [INFO]    预计剩余: 110.9 分钟
2025-11-27 19:25:52,188 [INFO]    预计总时间: 113.0 分钟
2025-11-27 19:25:52,188 [INFO] 
================================================================================
2025-11-27 19:25:52,188 [INFO] 处理第 14/693 批 (段落 66-70)
2025-11-27 19:25:52,188 [INFO] ================================================================================
2025-11-27 19:25:52,188 [INFO] 📄 本批段落数: 5
2025-11-27 19:25:52,188 [INFO] 📄 合并文本长度: 150 字符
2025-11-27 19:25:52,188 [INFO] 📄 完整文本:
其人、其事、其教诲让我获得许多滋养与感动。

回顾学习和实践非暴力沟通的这些年，我见证着自己的成长和蜕

变。持续地为内心带去慈悲、关爱和理解不仅柔软了生命，也不断澄清

着内心真正的渴望以及想要活出的状态。鲁米说，我们无须找寻爱，而

只须消融内心爱的阻碍。非暴力沟通不仅是一个找寻爱的桥梁，更重要
2025-11-27 19:25:52,188 [INFO] --------------------------------------------------------------------------------
2025-11-27 19:25:56,230 [INFO] ✅ 实体抽取成功: 共 2 个实体
2025-11-27 19:25:56,230 [INFO]    完整结果:
{"人物": ["鲁米"], "概念": [], "方法": ["非暴力沟通"], "理论": [], "组织": [], "书籍": [], "情绪": [], "行为": []}
2025-11-27 19:26:01,466 [INFO] ✅ 关系抽取成功: 共 1 个关系
2025-11-27 19:26:01,466 [INFO]    完整结果:
{"提出": [], "包含": [], "应用": [], "来源": [{"subject": "非暴力沟通", "object": "鲁米"}], "解释": [], "相关": [], "导致": [], "影响": []}
2025-11-27 19:26:01,466 [INFO] 
📊 进度统计:
2025-11-27 19:26:01,466 [INFO]    已处理批次: 14/693 (2.0%)
2025-11-27 19:26:01,466 [INFO]    已处理段落: 70/3465
2025-11-27 19:26:01,466 [INFO]    成功: 14, 失败: 0
2025-11-27 19:26:01,466 [INFO]    已用时: 2.3 分钟
2025-11-27 19:26:01,466 [INFO]    预计剩余: 110.3 分钟
2025-11-27 19:26:01,466 [INFO]    预计总时间: 112.6 分钟
2025-11-27 19:26:01,466 [INFO] 
================================================================================
2025-11-27 19:26:01,467 [INFO] 处理第 15/693 批 (段落 71-75)
2025-11-27 19:26:01,467 [INFO] ================================================================================
2025-11-27 19:26:01,467 [INFO] 📄 本批段落数: 5
2025-11-27 19:26:01,467 [INFO] 📄 合并文本长度: 161 字符
2025-11-27 19:26:01,467 [INFO] 📄 完整文本:
的是，它让我拥有爱的能力来支持生命中的各种关系。而在一个更广大

的层面，非暴力沟通更是引领我走向世界，带着对人本自具足的信任与

尊重，赋能更多人活出真我。因着这些年来的教学，我也得以见证许许

多多的生命经由非暴力沟通走向越来越多的自由、力量、和平以及福

如今，自马歇尔博士开创非暴力沟通已经整整50年，非暴力沟通的
2025-11-27 19:26:01,467 [INFO] --------------------------------------------------------------------------------
2025-11-27 19:26:05,717 [INFO] ✅ 实体抽取成功: 共 2 个实体
2025-11-27 19:26:05,718 [INFO]    完整结果:
{"人物": ["马歇尔"], "概念": [], "方法": ["非暴力沟通"], "理论": [], "组织": [], "书籍": [], "情绪": [], "行为": []}
2025-11-27 19:26:11,247 [INFO] ✅ 关系抽取成功: 共 1 个关系
2025-11-27 19:26:11,247 [INFO]    完整结果:
{"提出": [{"subject": "非暴力沟通", "object": "马歇尔博士"}], "包含": [], "应用": [], "来源": [], "解释": [], "相关": [], "导致": [], "影响": []}
2025-11-27 19:26:11,247 [INFO] 
📊 进度统计:
2025-11-27 19:26:11,248 [INFO]    已处理批次: 15/693 (2.2%)
2025-11-27 19:26:11,248 [INFO]    已处理段落: 75/3465
2025-11-27 19:26:11,248 [INFO]    成功: 15, 失败: 0
2025-11-27 19:26:11,248 [INFO]    已用时: 2.4 分钟
2025-11-27 19:26:11,248 [INFO]    预计剩余: 110.2 分钟
2025-11-27 19:26:11,248 [INFO]    预计总时间: 112.6 分钟
2025-11-27 19:26:11,248 [INFO] 
================================================================================
2025-11-27 19:26:11,248 [INFO] 处理第 16/693 批 (段落 76-80)
2025-11-27 19:26:11,248 [INFO] ================================================================================
2025-11-27 19:26:11,248 [INFO] 📄 本批段落数: 5
2025-11-27 19:26:11,248 [INFO] 📄 合并文本长度: 160 字符
2025-11-27 19:26:11,248 [INFO] 📄 完整文本:
影响力在全球持续扩大着，越来越多的人开始学习、实践并从中受益，

这在我看来并不意外。走过风云突变的50年，站在以2020年所开启的更

加多变、未知和动荡的时代前，非暴力沟通仍在向世界持续贡献着力量

与活力。在这里，我想简单分享一下个人的实践和学习体会。

首先从个体层面，人不可能永无止境地被外在撕扯，这包括消费主
2025-11-27 19:26:11,248 [INFO] --------------------------------------------------------------------------------
2025-11-27 19:26:14,777 [INFO] ✅ 实体抽取成功: 共 1 个实体
2025-11-27 19:26:14,777 [INFO]    完整结果:
{"人物": [], "概念": [], "方法": ["非暴力沟通"], "理论": [], "组织": [], "书籍": [], "情绪": [], "行为": []}
2025-11-27 19:26:17,838 [INFO] ✅ 关系抽取成功: 共 0 个关系
2025-11-27 19:26:17,838 [INFO]    完整结果:
{"提出": [], "包含": [], "应用": [], "来源": [], "解释": [], "相关": [], "导致": [], "影响": []}
2025-11-27 19:26:17,838 [INFO] 
📊 进度统计:
2025-11-27 19:26:17,838 [INFO]    已处理批次: 16/693 (2.3%)
2025-11-27 19:26:17,838 [INFO]    已处理段落: 80/3465
2025-11-27 19:26:17,838 [INFO]    成功: 16, 失败: 0
2025-11-27 19:26:17,838 [INFO]    已用时: 2.5 分钟
2025-11-27 19:26:17,838 [INFO]    预计剩余: 107.8 分钟
2025-11-27 19:26:17,838 [INFO]    预计总时间: 110.3 分钟
2025-11-27 19:26:17,838 [INFO] 
================================================================================
2025-11-27 19:26:17,838 [INFO] 处理第 17/693 批 (段落 81-85)
2025-11-27 19:26:17,838 [INFO] ================================================================================
2025-11-27 19:26:17,838 [INFO] 📄 本批段落数: 5
2025-11-27 19:26:17,838 [INFO] 📄 合并文本长度: 164 字符
2025-11-27 19:26:17,838 [INFO] 📄 完整文本:
义、碎片化的信息、竞争比较……我们作为宇宙之中承载着神圣使命的

存在，重拾真我、完整、相互依存以及回归本质和意义，是人内心最深

切也是最自然的渴望与召唤。如果人无法活出真我，人与人的相遇便无

法真实，那“沟通”方法便会沦为操控与算计的工具。在这个层面，我认

为非暴力沟通提供的是人与人得以连结的底层逻辑，而这个连结首先从
2025-11-27 19:26:17,838 [INFO] --------------------------------------------------------------------------------
2025-11-27 19:26:21,845 [INFO] ✅ 实体抽取成功: 共 1 个实体
2025-11-27 19:26:21,846 [INFO]    完整结果:
{"人物": [], "概念": [], "方法": ["非暴力沟通"], "理论": [], "组织": [], "书籍": [], "情绪": [], "行为": []}
2025-11-27 19:26:25,316 [INFO] ✅ 关系抽取成功: 共 0 个关系
2025-11-27 19:26:25,316 [INFO]    完整结果:
{"提出": [], "包含": [], "应用": [], "来源": [], "解释": [], "相关": [], "导致": [], "影响": []}
2025-11-27 19:26:25,316 [INFO] 
📊 进度统计:
2025-11-27 19:26:25,316 [INFO]    已处理批次: 17/693 (2.5%)
2025-11-27 19:26:25,316 [INFO]    已处理段落: 85/3465
2025-11-27 19:26:25,316 [INFO]    成功: 17, 失败: 0
2025-11-27 19:26:25,316 [INFO]    已用时: 2.7 分钟
2025-11-27 19:26:25,316 [INFO]    预计剩余: 106.3 分钟
2025-11-27 19:26:25,316 [INFO]    预计总时间: 108.9 分钟
2025-11-27 19:26:25,316 [INFO] 
================================================================================
2025-11-27 19:26:25,316 [INFO] 处理第 18/693 批 (段落 86-90)
2025-11-27 19:26:25,316 [INFO] ================================================================================
2025-11-27 19:26:25,316 [INFO] 📄 本批段落数: 5
2025-11-27 19:26:25,316 [INFO] 📄 合并文本长度: 153 字符
2025-11-27 19:26:25,316 [INFO] 📄 完整文本:
与自己开始，从“认识自己”这样一个源头的探寻开始建立与自己的友爱

关系，再推己及人，与他人建立带有尊重、理解和关爱的联系。

“你不能用创造问题的思维来解决问题。——爱因斯坦”

今天，越来越多的系统（不论是家庭、组织还是社会）开始关注一

种不同于以往——能够赋能于人、激发内驱力和参与共创的方式来开展
2025-11-27 19:26:25,316 [INFO] --------------------------------------------------------------------------------
2025-11-27 19:26:29,823 [INFO] ✅ 实体抽取成功: 共 3 个实体
2025-11-27 19:26:29,824 [INFO]    完整结果:
{"人物": ["爱因斯坦"], "概念": [], "方法": [], "理论": [], "组织": [], "书籍": [], "情绪": [], "行为": ["友爱", "参与共创"]}
2025-11-27 19:26:32,878 [INFO] ✅ 关系抽取成功: 共 0 个关系
2025-11-27 19:26:32,878 [INFO]    完整结果:
{"提出": [], "包含": [], "应用": [], "来源": [], "解释": [], "相关": [], "导致": [], "影响": []}
2025-11-27 19:26:32,878 [INFO] 
📊 进度统计:
2025-11-27 19:26:32,878 [INFO]    已处理批次: 18/693 (2.6%)
2025-11-27 19:26:32,878 [INFO]    已处理段落: 90/3465
2025-11-27 19:26:32,878 [INFO]    成功: 18, 失败: 0
2025-11-27 19:26:32,878 [INFO]    已用时: 2.8 分钟
2025-11-27 19:26:32,878 [INFO]    预计剩余: 104.9 分钟
2025-11-27 19:26:32,878 [INFO]    预计总时间: 107.7 分钟
2025-11-27 19:26:32,878 [INFO] 
================================================================================
2025-11-27 19:26:32,878 [INFO] 处理第 19/693 批 (段落 91-95)
2025-11-27 19:26:32,878 [INFO] ================================================================================
2025-11-27 19:26:32,878 [INFO] 📄 本批段落数: 5
2025-11-27 19:26:32,878 [INFO] 📄 合并文本长度: 161 字符
2025-11-27 19:26:32,878 [INFO] 📄 完整文本:
互动、发展自身。而行为的改变则需建立在意识、心智成长以及能力建

设之上，在这个层面非暴力沟通的学习无异于一种从内向外的成长练习

写到这里，或许那些初识《非暴力沟通》的读者、学习者会满怀好

奇甚至疑问：《非暴力沟通》难道不是关于人际沟通、好好说话吗？我

希望透过这一版的《非暴力沟通》能够为大家更清晰地呈现马歇尔在书
2025-11-27 19:26:32,879 [INFO] --------------------------------------------------------------------------------
2025-11-27 19:26:37,809 [INFO] ✅ 实体抽取成功: 共 3 个实体
2025-11-27 19:26:37,809 [INFO]    完整结果:
{"人物": ["马歇尔"], "概念": [], "方法": [], "理论": ["非暴力沟通"], "组织": [], "书籍": ["《非暴力沟通》"], "情绪": [], "行为": []}
2025-11-27 19:26:40,936 [INFO] ✅ 关系抽取成功: 共 0 个关系
2025-11-27 19:26:40,936 [INFO]    完整结果:
{"提出": [], "包含": [], "应用": [], "来源": [], "解释": [], "相关": [], "导致": [], "影响": []}
2025-11-27 19:26:40,936 [INFO] 
📊 进度统计:
2025-11-27 19:26:40,936 [INFO]    已处理批次: 19/693 (2.7%)
2025-11-27 19:26:40,936 [INFO]    已处理段落: 95/3465
2025-11-27 19:26:40,936 [INFO]    成功: 19, 失败: 0
2025-11-27 19:26:40,936 [INFO]    已用时: 2.9 分钟
2025-11-27 19:26:40,936 [INFO]    预计剩余: 104.0 分钟
2025-11-27 19:26:40,936 [INFO]    预计总时间: 107.0 分钟
2025-11-27 19:26:40,936 [INFO] 
================================================================================
2025-11-27 19:26:40,936 [INFO] 处理第 20/693 批 (段落 96-100)
2025-11-27 19:26:40,936 [INFO] ================================================================================
2025-11-27 19:26:40,936 [INFO] 📄 本批段落数: 5
2025-11-27 19:26:40,936 [INFO] 📄 合并文本长度: 163 字符
2025-11-27 19:26:40,936 [INFO] 📄 完整文本:
名中所要展现的：一种生命的语言。“我想要与那美妙的生命之流保持

连结。”马歇尔，这位喜欢在教学中拿起吉他弹唱的伟大老师曾这样歌

唱道。经年累月的社会和文化制约透过某类语言（比较、评判、命令、

推卸责任……）让我们疏离了与生命（人的需要）的连结，加深着与自

己、他人和世界的对立，而通过非暴力沟通，马歇尔博士不仅带给我们
2025-11-27 19:26:40,936 [INFO] --------------------------------------------------------------------------------
2025-11-27 19:26:45,469 [INFO] ✅ 实体抽取成功: 共 2 个实体
2025-11-27 19:26:45,469 [INFO]    完整结果:
{"人物": ["马歇尔"], "概念": [], "方法": ["非暴力沟通"], "理论": [], "组织": [], "书籍": [], "情绪": [], "行为": []}
2025-11-27 19:26:50,841 [INFO] ✅ 关系抽取成功: 共 1 个关系
2025-11-27 19:26:50,841 [INFO]    完整结果:
{"提出": [], "包含": [], "应用": [{"subject": "非暴力沟通", "object": "教学"}], "来源": [], "解释": [], "相关": [], "导致": [], "影响": []}
2025-11-27 19:26:50,841 [INFO] 
📊 进度统计:
2025-11-27 19:26:50,841 [INFO]    已处理批次: 20/693 (2.9%)
2025-11-27 19:26:50,841 [INFO]    已处理段落: 100/3465
2025-11-27 19:26:50,841 [INFO]    成功: 20, 失败: 0
2025-11-27 19:26:50,841 [INFO]    已用时: 3.1 分钟
2025-11-27 19:26:50,841 [INFO]    预计剩余: 104.2 分钟
2025-11-27 19:26:50,841 [INFO]    预计总时间: 107.3 分钟
2025-11-27 19:26:50,841 [INFO] 
================================================================================
2025-11-27 19:26:50,841 [INFO] 处理第 21/693 批 (段落 101-105)
2025-11-27 19:26:50,841 [INFO] ================================================================================
2025-11-27 19:26:50,841 [INFO] 📄 本批段落数: 5
2025-11-27 19:26:50,841 [INFO] 📄 合并文本长度: 161 字符
2025-11-27 19:26:50,841 [INFO] 📄 完整文本:
一种使用语言的全新方式，更是一种不同的心智模式和文化范式，引领

我们重新建立与生命的连结，和自己、他人以及世界创造基于生命的关

马歇尔博士这一生，在世界各地奔走教学的同时，也去过许多充满

着大大小小冲突的国家与地区：从美国的贫困社区到冲突中的中东，还

有经历了大屠杀后的卢旺达等等。在我看来，马歇尔并非所谓的身心灵
2025-11-27 19:26:50,841 [INFO] --------------------------------------------------------------------------------
2025-11-27 19:26:54,228 [INFO] ✅ 实体抽取成功: 共 1 个实体
2025-11-27 19:26:54,228 [INFO]    完整结果:
{"人物": ["马歇尔"], "概念": [], "方法": [], "理论": [], "组织": [], "书籍": [], "情绪": [], "行为": []}
2025-11-27 19:26:57,204 [INFO] ✅ 关系抽取成功: 共 0 个关系
2025-11-27 19:26:57,204 [INFO]    完整结果:
{"提出": [], "包含": [], "应用": [], "来源": [], "解释": [], "相关": [], "导致": [], "影响": []}
2025-11-27 19:26:57,204 [INFO] 
📊 进度统计:
2025-11-27 19:26:57,204 [INFO]    已处理批次: 21/693 (3.0%)
2025-11-27 19:26:57,204 [INFO]    已处理段落: 105/3465
2025-11-27 19:26:57,205 [INFO]    成功: 21, 失败: 0
2025-11-27 19:26:57,205 [INFO]    已用时: 3.2 分钟
2025-11-27 19:26:57,205 [INFO]    预计剩余: 102.5 分钟
2025-11-27 19:26:57,205 [INFO]    预计总时间: 105.7 分钟
2025-11-27 19:26:57,205 [INFO] 
================================================================================
2025-11-27 19:26:57,205 [INFO] 处理第 22/693 批 (段落 106-110)
2025-11-27 19:26:57,205 [INFO] ================================================================================
2025-11-27 19:26:57,205 [INFO] 📄 本批段落数: 5
2025-11-27 19:26:57,205 [INFO] 📄 合并文本长度: 162 字符
2025-11-27 19:26:57,205 [INFO] 📄 完整文本:
成长导师，而是一位勇于面向人性的艰难、调停对立族群和帮派的和平

使者。只因他全然相信，当人与人之间能够相互听见、理解、连结，心

中的“敌人”自会消融。这便是“非暴力”的精神与力量：心无敌人。

“在一个充满冲突的世界中，为和平代言”，这是马歇尔、也是非暴

力沟通前辈们以及我所完成的国际认证体系给我的教导和承诺。而面对
2025-11-27 19:26:57,205 [INFO] --------------------------------------------------------------------------------
2025-11-27 19:27:01,481 [INFO] ✅ 实体抽取成功: 共 2 个实体
2025-11-27 19:27:01,482 [INFO]    完整结果:
{"人物": ["马歇尔"], "概念": ["非暴力"], "方法": [], "理论": [], "组织": [], "书籍": [], "情绪": [], "行为": []}
2025-11-27 19:27:04,875 [INFO] ✅ 关系抽取成功: 共 0 个关系
2025-11-27 19:27:04,875 [INFO]    完整结果:
{"提出": [], "包含": [], "应用": [], "来源": [], "解释": [], "相关": [], "导致": [], "影响": []}
2025-11-27 19:27:04,875 [INFO] 
📊 进度统计:
2025-11-27 19:27:04,875 [INFO]    已处理批次: 22/693 (3.2%)
2025-11-27 19:27:04,875 [INFO]    已处理段落: 110/3465
2025-11-27 19:27:04,875 [INFO]    成功: 22, 失败: 0
2025-11-27 19:27:04,875 [INFO]    已用时: 3.3 分钟
2025-11-27 19:27:04,875 [INFO]    预计剩余: 101.6 分钟
2025-11-27 19:27:04,875 [INFO]    预计总时间: 104.9 分钟
2025-11-27 19:27:04,875 [INFO] 
================================================================================
2025-11-27 19:27:04,875 [INFO] 处理第 23/693 批 (段落 111-115)
2025-11-27 19:27:04,876 [INFO] ================================================================================
2025-11-27 19:27:04,876 [INFO] 📄 本批段落数: 5
2025-11-27 19:27:04,876 [INFO] 📄 合并文本长度: 160 字符
2025-11-27 19:27:04,876 [INFO] 📄 完整文本:
今天的世界，我们比任何时候都需要强有力的内在资源——培养韧性、

对人性的信任、对连结的信心以及对话的能力，并从自身开始成为和

如今，非暴力沟通在中国也被越来越多的人了解、学习和实践着，

要感谢许多人（华夏出版社、第一版的译者阮胤华先生、这些年来到中

国分享非暴力沟通的国际中心认证培训师们以及无数有志于将非暴力沟
2025-11-27 19:27:04,876 [INFO] --------------------------------------------------------------------------------
2025-11-27 19:27:10,202 [INFO] ✅ 实体抽取成功: 共 4 个实体
2025-11-27 19:27:10,202 [INFO]    完整结果:
{"人物": ["阮胤华"], "概念": [], "方法": ["非暴力沟通"], "理论": [], "组织": ["华夏出版社", "国际中心认证培训师们"], "书籍": [], "情绪": [], "行为": []}
2025-11-27 19:27:13,193 [INFO] ✅ 关系抽取成功: 共 0 个关系
2025-11-27 19:27:13,193 [INFO]    完整结果:
{"提出": [], "包含": [], "应用": [], "来源": [], "解释": [], "相关": [], "导致": [], "影响": []}
2025-11-27 19:27:13,193 [INFO] 
📊 进度统计:
2025-11-27 19:27:13,193 [INFO]    已处理批次: 23/693 (3.3%)
2025-11-27 19:27:13,193 [INFO]    已处理段落: 115/3465
2025-11-27 19:27:13,193 [INFO]    成功: 23, 失败: 0
2025-11-27 19:27:13,193 [INFO]    已用时: 3.5 分钟
2025-11-27 19:27:13,193 [INFO]    预计剩余: 101.1 分钟
2025-11-27 19:27:13,193 [INFO]    预计总时间: 104.6 分钟
2025-11-27 19:27:13,193 [INFO] 
================================================================================
2025-11-27 19:27:13,193 [INFO] 处理第 24/693 批 (段落 116-120)
2025-11-27 19:27:13,194 [INFO] ================================================================================
2025-11-27 19:27:13,194 [INFO] 📄 本批段落数: 5
2025-11-27 19:27:13,194 [INFO] 📄 合并文本长度: 167 字符
2025-11-27 19:27:13,194 [INFO] 📄 完整文本:
通的精神内核分享给广大受众的践行者们。）作为其中的一员，我很荣

最后，我想感谢在这本书的翻译过程中给予支持的许多人。多年一

起学习非暴力沟通的李迪和娅锦为审校付出了一年多的时间，精心打

磨；数十位来自NVC中文学院的社群伙伴以及杨芮（Ruby Yeung）参与

了校对工作，这份伙伴之间流动着的“由衷的相互给予”，给予了我许多
2025-11-27 19:27:13,194 [INFO] --------------------------------------------------------------------------------
2025-11-27 19:27:20,492 [INFO] ✅ 实体抽取成功: 共 7 个实体
2025-11-27 19:27:20,492 [INFO]    完整结果:
{"人物": ["李迪", "娅锦", "杨芮", "Ruby Yeung"], "概念": ["精神内核", "非暴力沟通", "NVC中文学院"], "方法": [], "理论": [], "组织": [], "书籍": [], "情绪": [], "行为": []}
2025-11-27 19:27:23,580 [INFO] ✅ 关系抽取成功: 共 0 个关系
2025-11-27 19:27:23,580 [INFO]    完整结果:
{"提出": [], "包含": [], "应用": [], "来源": [], "解释": [], "相关": [], "导致": [], "影响": []}
2025-11-27 19:27:23,580 [INFO] 
📊 进度统计:
2025-11-27 19:27:23,580 [INFO]    已处理批次: 24/693 (3.5%)
2025-11-27 19:27:23,580 [INFO]    已处理段落: 120/3465
2025-11-27 19:27:23,580 [INFO]    成功: 24, 失败: 0
2025-11-27 19:27:23,580 [INFO]    已用时: 3.6 分钟
2025-11-27 19:27:23,580 [INFO]    预计剩余: 101.6 分钟
2025-11-27 19:27:23,580 [INFO]    预计总时间: 105.2 分钟
2025-11-27 19:27:23,580 [INFO] 
================================================================================
2025-11-27 19:27:23,580 [INFO] 处理第 25/693 批 (段落 121-125)
2025-11-27 19:27:23,580 [INFO] ================================================================================
2025-11-27 19:27:23,581 [INFO] 📄 本批段落数: 5
2025-11-27 19:27:23,581 [INFO] 📄 合并文本长度: 160 字符
2025-11-27 19:27:23,581 [INFO] 📄 完整文本:
温暖。陪伴和见证我这些年来成长的凯瑟琳老师（国际非暴力沟通中心

董事会主席）、吕婧安老师（《非暴力沟通实践手册》作者）对于新的

《非暴力沟通》中文版给予了殷切希望与谆谆指导；华夏出版社朱悦女

士全程的陪伴与支持；还有许多在这个过程中给予我鼓励和支持的伙伴

们，感谢你们滋养和陪伴着我度过这段难忘又漫长的翻译历程。
2025-11-27 19:27:23,581 [INFO] --------------------------------------------------------------------------------
2025-11-27 19:27:31,056 [INFO] ✅ 实体抽取成功: 共 7 个实体
2025-11-27 19:27:31,056 [INFO]    完整结果:
{"人物": ["凯瑟琳", "吕婧安", "朱悦"], "概念": [], "方法": [], "理论": ["非暴力沟通"], "组织": ["国际非暴力沟通中心"], "书籍": ["《非暴力沟通实践手册》", "《非暴力沟通》"], "情绪": [], "行为": []}
2025-11-27 19:27:33,941 [INFO] ✅ 关系抽取成功: 共 0 个关系
2025-11-27 19:27:33,941 [INFO]    完整结果:
{"提出": [], "包含": [], "应用": [], "来源": [], "解释": [], "相关": [], "导致": [], "影响": []}
2025-11-27 19:27:33,941 [INFO] 
📊 进度统计:
2025-11-27 19:27:33,941 [INFO]    已处理批次: 25/693 (3.6%)
2025-11-27 19:27:33,942 [INFO]    已处理段落: 125/3465
2025-11-27 19:27:33,942 [INFO]    成功: 25, 失败: 0
2025-11-27 19:27:33,942 [INFO]    已用时: 3.8 分钟
2025-11-27 19:27:33,942 [INFO]    预计剩余: 102.0 分钟
2025-11-27 19:27:33,942 [INFO]    预计总时间: 105.8 分钟
2025-11-27 19:27:33,942 [INFO] 
================================================================================
2025-11-27 19:27:33,942 [INFO] 处理第 26/693 批 (段落 126-130)
2025-11-27 19:27:33,942 [INFO] ================================================================================
2025-11-27 19:27:33,942 [INFO] 📄 本批段落数: 5
2025-11-27 19:27:33,942 [INFO] 📄 合并文本长度: 151 字符
2025-11-27 19:27:33,942 [INFO] 📄 完整文本:
翻译的过程与我非暴力沟通实践和教学的过程可谓共生共长，新的

理解和体悟随着生命的成长不断生发着，每一次校对都有新的发现，这

也意味着翻译永远是一场遗憾的艺术，但或许又是某种开启。我诚挚地

期待着透过这版《非暴力沟通》，与更多的人们相遇、对话、共同成

国际非暴力沟通中心中国大陆地区首位认证培训师
2025-11-27 19:27:33,942 [INFO] --------------------------------------------------------------------------------
2025-11-27 19:27:38,604 [INFO] ✅ 实体抽取成功: 共 3 个实体
2025-11-27 19:27:38,605 [INFO]    完整结果:
{"人物": [], "概念": [], "方法": ["非暴力沟通"], "理论": [], "组织": ["国际非暴力沟通中心中国大陆地区"], "书籍": ["《非暴力沟通》"], "情绪": [], "行为": []}
2025-11-27 19:27:41,453 [INFO] ✅ 关系抽取成功: 共 0 个关系
2025-11-27 19:27:41,453 [INFO]    完整结果:
{"提出": [], "包含": [], "应用": [], "来源": [], "解释": [], "相关": [], "导致": [], "影响": []}
2025-11-27 19:27:41,453 [INFO] 
📊 进度统计:
2025-11-27 19:27:41,453 [INFO]    已处理批次: 26/693 (3.8%)
2025-11-27 19:27:41,453 [INFO]    已处理段落: 130/3465
2025-11-27 19:27:41,453 [INFO]    成功: 26, 失败: 0
2025-11-27 19:27:41,453 [INFO]    已用时: 3.9 分钟
2025-11-27 19:27:41,453 [INFO]    预计剩余: 101.1 分钟
2025-11-27 19:27:41,453 [INFO]    预计总时间: 105.1 分钟
2025-11-27 19:27:41,453 [INFO] 
================================================================================
2025-11-27 19:27:41,453 [INFO] 处理第 27/693 批 (段落 131-135)
2025-11-27 19:27:41,453 [INFO] ================================================================================
2025-11-27 19:27:41,453 [INFO] 📄 本批段落数: 5
2025-11-27 19:27:41,453 [INFO] 📄 合并文本长度: 155 字符
2025-11-27 19:27:41,453 [INFO] 📄 完整文本:
已故的马歇尔·卢森堡是最值得我们感激的人之一，他的一生就像

他的一本书名：在冲突世界中为和平代言[1]。书中马歇尔告诫我们：你

说出口的话将会改变你的人生。每个人从婴儿时期便开始用语言构建自

己的生命故事，因此，马歇尔发展了基于语言的冲突解决方法，教导人

们在对话时避免评判、指责和带有暴力意味的字眼。
2025-11-27 19:27:41,453 [INFO] --------------------------------------------------------------------------------
2025-11-27 19:27:50,295 [INFO] ✅ 实体抽取成功: 共 6 个实体
2025-11-27 19:27:50,296 [INFO]    完整结果:
{"人物": ["马歇尔·卢森堡", "马歇尔"], "概念": [], "方法": [], "理论": ["基于语言的冲突解决方法"], "组织": [], "书籍": ["在冲突世界中为和平代言"], "情绪": [], "行为": ["说出口的话将会改变你的人生", "避免评判、指责和带有暴力意味的字眼"]}
2025-11-27 19:27:53,164 [INFO] ✅ 关系抽取成功: 共 0 个关系
2025-11-27 19:27:53,164 [INFO]    完整结果:
{"提出": [], "包含": [], "应用": [], "来源": [], "解释": [], "相关": [], "导致": [], "影响": []}
2025-11-27 19:27:53,164 [INFO] 
📊 进度统计:
2025-11-27 19:27:53,164 [INFO]    已处理批次: 27/693 (3.9%)
2025-11-27 19:27:53,165 [INFO]    已处理段落: 135/3465
2025-11-27 19:27:53,165 [INFO]    成功: 27, 失败: 0
2025-11-27 19:27:53,165 [INFO]    已用时: 4.1 分钟
2025-11-27 19:27:53,165 [INFO]    预计剩余: 102.0 分钟
2025-11-27 19:27:53,165 [INFO]    预计总时间: 106.2 分钟
2025-11-27 19:27:53,165 [INFO] 
================================================================================
2025-11-27 19:27:53,165 [INFO] 处理第 28/693 批 (段落 136-140)
2025-11-27 19:27:53,165 [INFO] ================================================================================
2025-11-27 19:27:53,165 [INFO] 📄 本批段落数: 5
2025-11-27 19:27:53,165 [INFO] 📄 合并文本长度: 161 字符
2025-11-27 19:27:53,165 [INFO] 📄 完整文本:
晚间新闻中那些街头抗议者们的扭曲面孔，每每令人不安，它们绝

非只是新闻画面而已。每一张脸、每一声呐喊、每一个手势都带着一段

历史。每个人都紧紧抓着自己的历史，因为那关乎自己的身份。因此，

当马歇尔倡导和平的语言时，他倡导的其实是一种新的身份认同，而他

也很清楚这一点。在这个最新版本中，马歇尔在提到非暴力沟通以及调
2025-11-27 19:27:53,165 [INFO] --------------------------------------------------------------------------------
2025-11-27 19:27:56,948 [INFO] ✅ 实体抽取成功: 共 2 个实体
2025-11-27 19:27:56,948 [INFO]    完整结果:
{"人物": ["马歇尔"], "概念": [], "方法": ["非暴力沟通"], "理论": [], "组织": [], "书籍": [], "情绪": [], "行为": []}
2025-11-27 19:27:59,869 [INFO] ✅ 关系抽取成功: 共 0 个关系
2025-11-27 19:27:59,869 [INFO]    完整结果:
{"提出": [], "包含": [], "应用": [], "来源": [], "解释": [], "相关": [], "导致": [], "影响": []}
2025-11-27 19:27:59,869 [INFO] 
📊 进度统计:
2025-11-27 19:27:59,869 [INFO]    已处理批次: 28/693 (4.0%)
2025-11-27 19:27:59,869 [INFO]    已处理段落: 140/3465
2025-11-27 19:27:59,869 [INFO]    成功: 28, 失败: 0
2025-11-27 19:27:59,869 [INFO]    已用时: 4.2 分钟
2025-11-27 19:27:59,869 [INFO]    预计剩余: 100.9 分钟
2025-11-27 19:27:59,869 [INFO]    预计总时间: 105.1 分钟
2025-11-27 19:27:59,870 [INFO] 
================================================================================
2025-11-27 19:27:59,870 [INFO] 处理第 29/693 批 (段落 141-145)
2025-11-27 19:27:59,870 [INFO] ================================================================================
2025-11-27 19:27:59,870 [INFO] 📄 本批段落数: 5
2025-11-27 19:27:59,870 [INFO] 📄 合并文本长度: 158 字符
2025-11-27 19:27:59,870 [INFO] 📄 完整文本:
解人的角色时说：“我们所做的改变是在尝试活出一种不同的价值体

在马歇尔所憧憬的新价值体系下，冲突解决不再仰仗于叫人沮丧的

妥协手法。相反，有争议的双方相互尊重，询问对方的需要，在没有义

愤填膺和偏见的氛围中建立连结。凝视这个充满战争和暴力的世

界，“我们还是他们”的思维早已深入人心，有的国家无视文明，犯下各
2025-11-27 19:27:59,870 [INFO] --------------------------------------------------------------------------------
2025-11-27 19:28:05,593 [INFO] ✅ 实体抽取成功: 共 6 个实体
2025-11-27 19:28:05,593 [INFO]    完整结果:
{"人物": ["马歇尔"], "概念": ["价值体", "价值体系"], "方法": ["妥协手法"], "理论": [], "组织": [], "书籍": [], "情绪": [], "行为": ["相互尊重", "询问对方的需要"]}
2025-11-27 19:28:08,618 [INFO] ✅ 关系抽取成功: 共 0 个关系
2025-11-27 19:28:08,618 [INFO]    完整结果:
{"提出": [], "包含": [], "应用": [], "来源": [], "解释": [], "相关": [], "导致": [], "影响": []}
2025-11-27 19:28:08,618 [INFO] 
📊 进度统计:
2025-11-27 19:28:08,618 [INFO]    已处理批次: 29/693 (4.2%)
2025-11-27 19:28:08,618 [INFO]    已处理段落: 145/3465
2025-11-27 19:28:08,618 [INFO]    成功: 29, 失败: 0
2025-11-27 19:28:08,618 [INFO]    已用时: 4.4 分钟
2025-11-27 19:28:08,618 [INFO]    预计剩余: 100.6 分钟
2025-11-27 19:28:08,618 [INFO]    预计总时间: 105.0 分钟
2025-11-27 19:28:08,618 [INFO] 
================================================================================
2025-11-27 19:28:08,618 [INFO] 处理第 30/693 批 (段落 146-150)
2025-11-27 19:28:08,618 [INFO] ================================================================================
2025-11-27 19:28:08,618 [INFO] 📄 本批段落数: 5
2025-11-27 19:28:08,618 [INFO] 📄 合并文本长度: 153 字符
2025-11-27 19:28:08,618 [INFO] 📄 完整文本:
种不堪的暴行。在这样的一个世界中，新的价值体系似乎遥不可及。在

欧洲召开的一次调解人大会上，有人批评马歇尔用的方法属于心理治

疗，认为他不过就是让人们把过去摆在一边，握手言和。这种做法不要

说在战争面前，就是对于离婚案，恐怕也太不切实际。

价值体系体现在我们对世界的每一个看法中。人们不仅无可避免地
2025-11-27 19:28:08,618 [INFO] --------------------------------------------------------------------------------
2025-11-27 19:28:13,232 [INFO] ✅ 实体抽取成功: 共 3 个实体
2025-11-27 19:28:13,232 [INFO]    完整结果:
{"人物": ["马歇尔"], "概念": ["价值体系"], "方法": ["心理治\n\n疗"], "理论": [], "组织": [], "书籍": [], "情绪": [], "行为": []}
2025-11-27 19:28:16,155 [INFO] ✅ 关系抽取成功: 共 0 个关系
2025-11-27 19:28:16,155 [INFO]    完整结果:
{"提出": [], "包含": [], "应用": [], "来源": [], "解释": [], "相关": [], "导致": [], "影响": []}
2025-11-27 19:28:16,155 [INFO] 
📊 进度统计:
2025-11-27 19:28:16,155 [INFO]    已处理批次: 30/693 (4.3%)
2025-11-27 19:28:16,155 [INFO]    已处理段落: 150/3465
2025-11-27 19:28:16,155 [INFO]    成功: 30, 失败: 0
2025-11-27 19:28:16,155 [INFO]    已用时: 4.5 分钟
2025-11-27 19:28:16,156 [INFO]    预计剩余: 99.9 分钟
2025-11-27 19:28:16,156 [INFO]    预计总时间: 104.4 分钟
2025-11-27 19:28:16,156 [INFO] 
================================================================================
2025-11-27 19:28:16,156 [INFO] 处理第 31/693 批 (段落 151-155)
2025-11-27 19:28:16,156 [INFO] ================================================================================
2025-11-27 19:28:16,156 [INFO] 📄 本批段落数: 5
2025-11-27 19:28:16,156 [INFO] 📄 合并文本长度: 161 字符
2025-11-27 19:28:16,156 [INFO] 📄 完整文本:
受其影响，甚至还以此为傲。例如，千百年来全世界都在同一时期出现

尚武或恐武的价值思想。荣格学派的心理学家认为，战神的原型存在于

每个人的潜意识中，因而冲突和侵略乃无可避免的现象，这是人类与生

然而，马歇尔在本书中则激昂地传递了另一种人性观，并叫我们务

必仔细思考，因为这是我们唯一的希望。马歇尔认为，我们并不等同于
2025-11-27 19:28:16,156 [INFO] --------------------------------------------------------------------------------
2025-11-27 19:28:21,058 [INFO] ✅ 实体抽取成功: 共 4 个实体
2025-11-27 19:28:21,058 [INFO]    完整结果:
{"人物": ["荣格", "马歇尔"], "概念": ["潜意识"], "方法": [], "理论": ["荣格学派"], "组织": [], "书籍": [], "情绪": [], "行为": []}
2025-11-27 19:28:24,111 [INFO] ✅ 关系抽取成功: 共 0 个关系
2025-11-27 19:28:24,111 [INFO]    完整结果:
{"提出": [], "包含": [], "应用": [], "来源": [], "解释": [], "相关": [], "导致": [], "影响": []}
2025-11-27 19:28:24,111 [INFO] 
📊 进度统计:
2025-11-27 19:28:24,111 [INFO]    已处理批次: 31/693 (4.5%)
2025-11-27 19:28:24,111 [INFO]    已处理段落: 155/3465
2025-11-27 19:28:24,111 [INFO]    成功: 31, 失败: 0
2025-11-27 19:28:24,111 [INFO]    已用时: 4.7 分钟
2025-11-27 19:28:24,111 [INFO]    预计剩余: 99.3 分钟
2025-11-27 19:28:24,111 [INFO]    预计总时间: 104.0 分钟
2025-11-27 19:28:24,111 [INFO] 
================================================================================
2025-11-27 19:28:24,111 [INFO] 处理第 32/693 批 (段落 156-160)
2025-11-27 19:28:24,111 [INFO] ================================================================================
2025-11-27 19:28:24,111 [INFO] 📄 本批段落数: 5
2025-11-27 19:28:24,111 [INFO] 📄 合并文本长度: 161 字符
2025-11-27 19:28:24,111 [INFO] 📄 完整文本:
我们的观念（故事）。这些观念只是我们自己创造出来的虚构故事，因

为习惯、群体胁迫、旧有的制约以及缺乏自觉而被完好地保留着。然

而，即使是最好的故事也会助长暴力。例如，你想用强制力保护家人、

自我防卫、打击不法、防止犯罪，可哪怕你参与的是所谓的“正义之

战”，你也可能被暴力所蛊惑。而如果你决定退出，很可能会受到来自
2025-11-27 19:28:24,111 [INFO] --------------------------------------------------------------------------------
2025-11-27 19:28:29,095 [INFO] ✅ 实体抽取成功: 共 4 个实体
2025-11-27 19:28:29,095 [INFO]    完整结果:
{"人物": [], "概念": [], "方法": [], "理论": [], "组织": [], "书籍": [], "情绪": [], "行为": ["强制力", "自我防卫", "打击不法", "防止犯罪"]}
2025-11-27 19:28:33,751 [INFO] ✅ 关系抽取成功: 共 1 个关系
2025-11-27 19:28:33,751 [INFO]    完整结果:
{"提出": [], "包含": [], "应用": [], "来源": [], "解释": [], "相关": [], "导致": [{"subject": "战争", "object": "暴力"}], "影响": []}
2025-11-27 19:28:33,751 [INFO] 
📊 进度统计:
2025-11-27 19:28:33,751 [INFO]    已处理批次: 32/693 (4.6%)
2025-11-27 19:28:33,751 [INFO]    已处理段落: 160/3465
2025-11-27 19:28:33,751 [INFO]    成功: 32, 失败: 0
2025-11-27 19:28:33,751 [INFO]    已用时: 4.8 分钟
2025-11-27 19:28:33,751 [INFO]    预计剩余: 99.4 分钟
2025-11-27 19:28:33,751 [INFO]    预计总时间: 104.2 分钟
2025-11-27 19:28:33,751 [INFO] 
================================================================================
2025-11-27 19:28:33,751 [INFO] 处理第 33/693 批 (段落 161-165)
2025-11-27 19:28:33,751 [INFO] ================================================================================
2025-11-27 19:28:33,751 [INFO] 📄 本批段落数: 5
2025-11-27 19:28:33,751 [INFO] 📄 合并文本长度: 180 字符
2025-11-27 19:28:33,751 [INFO] 📄 完整文本:
社会的抨击和惩罚。简而言之，人类要找到一条出路并不容易。

在印度，有一种古老的非暴力生活方式，被称为“Ahimsa”，这也是

非暴力生活的核心思想。“Ahimsa”通常的意思是“非暴力”，后来经由甘

地的和平运动及史怀哲（Albert Schweitzer）对生命敬畏的思想而得到

了很多拓展。“Ahimsa”的首要宗旨是：不伤害。让我对刚刚过世不久、
2025-11-27 19:28:33,751 [INFO] --------------------------------------------------------------------------------
2025-11-27 19:28:40,032 [INFO] ✅ 实体抽取成功: 共 6 个实体
2025-11-27 19:28:40,033 [INFO]    完整结果:
{"人物": ["甘", "史怀哲", "Albert Schweitzer"], "概念": ["Ahimsa"], "方法": [], "理论": [], "组织": [], "书籍": [], "情绪": [], "行为": ["非暴力生活", "不伤害"]}
2025-11-27 19:28:45,327 [INFO] ✅ 关系抽取成功: 共 1 个关系
2025-11-27 19:28:45,328 [INFO]    完整结果:
{"提出": [], "包含": [], "应用": [{"subject": "Ahimsa", "object": "非暴力生活"}], "来源": [], "解释": [], "相关": [], "导致": [], "影响": []}
2025-11-27 19:28:45,328 [INFO] 
📊 进度统计:
2025-11-27 19:28:45,328 [INFO]    已处理批次: 33/693 (4.8%)
2025-11-27 19:28:45,328 [INFO]    已处理段落: 165/3465
2025-11-27 19:28:45,328 [INFO]    成功: 33, 失败: 0
2025-11-27 19:28:45,328 [INFO]    已用时: 5.0 分钟
2025-11-27 19:28:45,328 [INFO]    预计剩余: 100.1 分钟
2025-11-27 19:28:45,328 [INFO]    预计总时间: 105.1 分钟
2025-11-27 19:28:45,328 [INFO] 
================================================================================
2025-11-27 19:28:45,328 [INFO] 处理第 34/693 批 (段落 166-170)
2025-11-27 19:28:45,328 [INFO] ================================================================================
2025-11-27 19:28:45,328 [INFO] 📄 本批段落数: 5
2025-11-27 19:28:45,328 [INFO] 📄 合并文本长度: 172 字符
2025-11-27 19:28:45,328 [INFO] 📄 完整文本:
享年80岁的马歇尔博士钦佩不已的是，他把握住了“非暴力”的两方面：

“非暴力沟通”的过程很好地说明了“非暴力Ahimsa”的行动层面，在

此我不再赘述。而活出“非暴力Ahimsa”的意识则是更有力量的，马歇尔

本人就呈现出这样的状态。无论身处何种冲突，他不会偏袒任何一方，

甚至不太会把关注点放在各方的说辞上。他认为所有的说辞都会有意无
2025-11-27 19:28:45,328 [INFO] --------------------------------------------------------------------------------
2025-11-27 19:28:50,885 [INFO] ✅ 实体抽取成功: 共 4 个实体
2025-11-27 19:28:50,885 [INFO]    完整结果:
{"人物": ["马歇尔"], "概念": ["非暴力", "非暴力沟通", "Ahimsa"], "方法": [], "理论": [], "组织": [], "书籍": [], "情绪": [], "行为": []}
2025-11-27 19:28:56,784 [INFO] ✅ 关系抽取成功: 共 1 个关系
2025-11-27 19:28:56,784 [INFO]    完整结果:
{"提出": [], "包含": [], "应用": [], "来源": [], "解释": [{"subject": "非暴力Ahimsa", "object": "非暴力沟通"}], "相关": [], "导致": [], "影响": []}
2025-11-27 19:28:56,784 [INFO] 
📊 进度统计:
2025-11-27 19:28:56,784 [INFO]    已处理批次: 34/693 (4.9%)
2025-11-27 19:28:56,785 [INFO]    已处理段落: 170/3465
2025-11-27 19:28:56,785 [INFO]    成功: 34, 失败: 0
2025-11-27 19:28:56,785 [INFO]    已用时: 5.2 分钟
2025-11-27 19:28:56,785 [INFO]    预计剩余: 100.7 分钟
2025-11-27 19:28:56,785 [INFO]    预计总时间: 105.9 分钟
2025-11-27 19:28:56,785 [INFO] 
================================================================================
2025-11-27 19:28:56,785 [INFO] 处理第 35/693 批 (段落 171-175)
2025-11-27 19:28:56,785 [INFO] ================================================================================
2025-11-27 19:28:56,785 [INFO] 📄 本批段落数: 5
2025-11-27 19:28:56,785 [INFO] 📄 合并文本长度: 165 字符
2025-11-27 19:28:56,785 [INFO] 📄 完整文本:
意地造成冲突，所以他将焦点放在连结上——搭建人与人之间一座心灵

的桥梁。这样做和“非暴力Ahimsa”的另一个宗旨相吻合：重要的不是你

做了什么，而是你注意力的品质。以离婚为例，尽管从法律角度，双方

已经完成了财产分割，但双方在情感上所受到的影响则远没有结束。用

马歇尔的话来说，太多说出口的话早已让两人的世界发生了改变。
2025-11-27 19:28:56,785 [INFO] --------------------------------------------------------------------------------
2025-11-27 19:29:02,153 [INFO] ✅ 实体抽取成功: 共 5 个实体
2025-11-27 19:29:02,153 [INFO]    完整结果:
{"人物": ["马歇尔"], "概念": ["冲突", "心灵", "非暴力Ahimsa"], "方法": [], "理论": [], "组织": [], "书籍": [], "情绪": [], "行为": ["离婚"]}
2025-11-27 19:29:07,639 [INFO] ✅ 关系抽取成功: 共 1 个关系
2025-11-27 19:29:07,639 [INFO]    完整结果:
{"提出": [], "包含": [], "应用": [], "来源": [], "解释": [], "相关": [], "导致": [], "影响": [{"subject": "离婚", "object": "双方在情感上所受到的影响"}]}
2025-11-27 19:29:07,639 [INFO] 
📊 进度统计:
2025-11-27 19:29:07,639 [INFO]    已处理批次: 35/693 (5.1%)
2025-11-27 19:29:07,639 [INFO]    已处理段落: 175/3465
2025-11-27 19:29:07,639 [INFO]    成功: 35, 失败: 0
2025-11-27 19:29:07,639 [INFO]    已用时: 5.4 分钟
2025-11-27 19:29:07,639 [INFO]    预计剩余: 101.1 分钟
2025-11-27 19:29:07,639 [INFO]    预计总时间: 106.5 分钟
2025-11-27 19:29:07,639 [INFO] 
================================================================================
2025-11-27 19:29:07,639 [INFO] 处理第 36/693 批 (段落 176-180)
2025-11-27 19:29:07,639 [INFO] ================================================================================
2025-11-27 19:29:07,639 [INFO] 📄 本批段落数: 5
2025-11-27 19:29:07,639 [INFO] 📄 合并文本长度: 167 字符
2025-11-27 19:29:07,639 [INFO] 📄 完整文本:
敌对意识深入我们的“小我”（ego）中，每当面对冲突，我们的注

意力就会被“我、属于我的”这样的想法所占据。表面上，我们的社会崇

尚圣贤，景仰他们放下自我、臣服神明的精神，但事实上，我们所拥护

的价值观却和所作所为之间存在着一道巨大的鸿沟。而人们通过“非暴

力Ahimsa”可以拓展自己的意识，从而消弭鸿沟。解决所有暴力的唯一
2025-11-27 19:29:07,639 [INFO] --------------------------------------------------------------------------------
2025-11-27 19:29:13,206 [INFO] ✅ 实体抽取成功: 共 5 个实体
2025-11-27 19:29:13,206 [INFO]    完整结果:
{"人物": [], "概念": ["敌对意识", "小我", "冲突", "价值观"], "方法": ["Ahimsa"], "理论": [], "组织": [], "书籍": [], "情绪": [], "行为": []}
2025-11-27 19:29:18,693 [INFO] ✅ 关系抽取成功: 共 1 个关系
2025-11-27 19:29:18,694 [INFO]    完整结果:
{"提出": [], "包含": [], "应用": [], "来源": [], "解释": [], "相关": [{"subject": "非暴", "object": "力Ahimsa"}], "导致": [], "影响": []}
2025-11-27 19:29:18,694 [INFO] 
📊 进度统计:
2025-11-27 19:29:18,694 [INFO]    已处理批次: 36/693 (5.2%)
2025-11-27 19:29:18,694 [INFO]    已处理段落: 180/3465
2025-11-27 19:29:18,694 [INFO]    成功: 36, 失败: 0
2025-11-27 19:29:18,694 [INFO]    已用时: 5.6 分钟
2025-11-27 19:29:18,694 [INFO]    预计剩余: 101.5 分钟
2025-11-27 19:29:18,694 [INFO]    预计总时间: 107.1 分钟
2025-11-27 19:29:18,694 [INFO] 
================================================================================
2025-11-27 19:29:18,694 [INFO] 处理第 37/693 批 (段落 181-185)
2025-11-27 19:29:18,694 [INFO] ================================================================================
2025-11-27 19:29:18,694 [INFO] 📄 本批段落数: 5
2025-11-27 19:29:18,694 [INFO] 📄 合并文本长度: 170 字符
2025-11-27 19:29:18,694 [INFO] 📄 完整文本:
道路便是放下自己的执见。人若在世界上仍带有私利便无法开悟——这

或许是“非暴力Ahimsa”的第三个宗旨，虽然这些话听上去有些像耶稣

在“登山宝训”中的激进教导：温柔的人有福了，因为他们必承受土地。

不过，不论是“非暴力Ahimsa”还是耶稣的教导，说的都是改变你的

意识而非行为。为此，你必须从一种生活（满足“自我”无止境的欲求）
2025-11-27 19:29:18,694 [INFO] --------------------------------------------------------------------------------
2025-11-27 19:29:24,636 [INFO] ✅ 实体抽取成功: 共 3 个实体
2025-11-27 19:29:24,636 [INFO]    完整结果:
{"人物": ["耶稣"], "概念": [], "方法": [], "理论": ["“非暴力Ahimsa”的第三个宗旨", "“登山宝训”"], "组织": [], "书籍": [], "情绪": [], "行为": []}
2025-11-27 19:29:30,295 [INFO] ✅ 关系抽取成功: 共 1 个关系
2025-11-27 19:29:30,295 [INFO]    完整结果:
{"提出": [], "包含": [], "应用": [], "来源": [], "解释": [], "相关": [{"subject": "非暴力Ahimsa", "object": "第三个宗旨"}], "导致": [], "影响": []}
2025-11-27 19:29:30,295 [INFO] 
📊 进度统计:
2025-11-27 19:29:30,295 [INFO]    已处理批次: 37/693 (5.3%)
2025-11-27 19:29:30,295 [INFO]    已处理段落: 185/3465
2025-11-27 19:29:30,295 [INFO]    成功: 37, 失败: 0
2025-11-27 19:29:30,295 [INFO]    已用时: 5.8 分钟
2025-11-27 19:29:30,295 [INFO]    预计剩余: 102.0 分钟
2025-11-27 19:29:30,295 [INFO]    预计总时间: 107.8 分钟
2025-11-27 19:29:30,295 [INFO] 
================================================================================
2025-11-27 19:29:30,295 [INFO] 处理第 38/693 批 (段落 186-190)
2025-11-27 19:29:30,295 [INFO] ================================================================================
2025-11-27 19:29:30,295 [INFO] 📄 本批段落数: 5
2025-11-27 19:29:30,295 [INFO] 📄 合并文本长度: 161 字符
2025-11-27 19:29:30,295 [INFO] 📄 完整文本:
走向另一种生活（无私的状态）。坦白说，没有人真的喜欢无私的状

态，从“小我”的角度来看，这样的状态听上去可怕而又难以企及。既

然“小我”只在意得失，你若废黜了“小我”，会有什么结果呢？一旦没有

了“小我”，你是否会像一具只有精神的懒骨头消极地坐在那里？

答案就在“小我”自动消融的时刻。这样的时刻会出现在冥想或处于
2025-11-27 19:29:30,295 [INFO] --------------------------------------------------------------------------------
2025-11-27 19:29:34,056 [INFO] ✅ 实体抽取成功: 共 1 个实体
2025-11-27 19:29:34,056 [INFO]    完整结果:
{"人物": [], "概念": [], "方法": ["冥想"], "理论": [], "组织": [], "书籍": [], "情绪": [], "行为": []}
2025-11-27 19:29:37,467 [INFO] ✅ 关系抽取成功: 共 0 个关系
2025-11-27 19:29:37,467 [INFO]    完整结果:
{"提出": [], "包含": [], "应用": [], "来源": [], "解释": [], "相关": [], "导致": [], "影响": []}
2025-11-27 19:29:37,467 [INFO] 
📊 进度统计:
2025-11-27 19:29:37,467 [INFO]    已处理批次: 38/693 (5.5%)
2025-11-27 19:29:37,467 [INFO]    已处理段落: 190/3465
2025-11-27 19:29:37,467 [INFO]    成功: 38, 失败: 0
2025-11-27 19:29:37,467 [INFO]    已用时: 5.9 分钟
2025-11-27 19:29:37,467 [INFO]    预计剩余: 101.3 分钟
2025-11-27 19:29:37,467 [INFO]    预计总时间: 107.1 分钟
2025-11-27 19:29:37,467 [INFO] 
================================================================================
2025-11-27 19:29:37,467 [INFO] 处理第 39/693 批 (段落 191-195)
2025-11-27 19:29:37,467 [INFO] ================================================================================
2025-11-27 19:29:37,467 [INFO] 📄 本批段落数: 5
2025-11-27 19:29:37,467 [INFO] 📄 合并文本长度: 170 字符
2025-11-27 19:29:37,467 [INFO] 📄 完整文本:
深度满足时。当我们体验到经由大自然、艺术或者音乐所创造的美妙

时，就能体验到“无我”的状态。这样的时刻（包括当我们体验到创造

力、爱和玩耍时）和“非暴力Ahimsa”状态的区别在于，前者时有时无，

忽隐忽现；“非暴力Ahimsa”却是稳定的状态。由此可见，所有的念头

（故事）以及那个喂养念头的“小我”都只是幻想，是人们为了生存和利
2025-11-27 19:29:37,467 [INFO] --------------------------------------------------------------------------------
2025-11-27 19:29:41,808 [INFO] ✅ 实体抽取成功: 共 3 个实体
2025-11-27 19:29:41,808 [INFO]    完整结果:
{"人物": [], "概念": ["无我"], "方法": [], "理论": [], "组织": [], "书籍": [], "情绪": [], "行为": ["创造", "玩耍"]}
2025-11-27 19:29:50,438 [INFO] ✅ 关系抽取成功: 共 3 个关系
2025-11-27 19:29:50,438 [INFO]    完整结果:
{"提出": [], "包含": [], "应用": [], "来源": [], "解释": [], "相关": [{"subject": "无我", "object": "大自然"}, {"subject": "无我", "object": "艺术"}, {"subject": "无我", "object": "音乐"}], "导致": [], "影响": []}
2025-11-27 19:29:50,438 [INFO] 
📊 进度统计:
2025-11-27 19:29:50,438 [INFO]    已处理批次: 39/693 (5.6%)
2025-11-27 19:29:50,438 [INFO]    已处理段落: 195/3465
2025-11-27 19:29:50,438 [INFO]    成功: 39, 失败: 0
2025-11-27 19:29:50,438 [INFO]    已用时: 6.1 分钟
2025-11-27 19:29:50,438 [INFO]    预计剩余: 102.1 分钟
2025-11-27 19:29:50,438 [INFO]    预计总时间: 108.2 分钟
2025-11-27 19:29:50,438 [INFO] 
================================================================================
2025-11-27 19:29:50,438 [INFO] 处理第 40/693 批 (段落 196-200)
2025-11-27 19:29:50,438 [INFO] ================================================================================
2025-11-27 19:29:50,438 [INFO] 📄 本批段落数: 5
2025-11-27 19:29:50,438 [INFO] 📄 合并文本长度: 161 字符
2025-11-27 19:29:50,438 [INFO] 📄 完整文本:
己所创造出来的。“小我”会不断升级虚幻，驱使我们追求更多的金钱、

财产和权力，而“非暴力Ahimsa”则让你真正活出你自己。

对我而言，马歇尔对后世的影响并不在于他颠覆了调解人的角色，

尽管这很重要，而是在于他所活出的新价值体系，而这样的价值体系古

已有之。由于人性被“和平”和“暴力”所撕裂，因而每一个时代都召唤
2025-11-27 19:29:50,438 [INFO] --------------------------------------------------------------------------------
2025-11-27 19:29:55,459 [INFO] ✅ 实体抽取成功: 共 4 个实体
2025-11-27 19:29:55,459 [INFO]    完整结果:
{"人物": ["马歇尔"], "概念": [], "方法": [], "理论": ["Ahimsa"], "组织": [], "书籍": [], "情绪": [], "行为": ["驱使", "追求"]}
2025-11-27 19:30:00,723 [INFO] ✅ 关系抽取成功: 共 1 个关系
2025-11-27 19:30:00,723 [INFO]    完整结果:
{"提出": [], "包含": [], "应用": [], "来源": [], "解释": [], "相关": [], "导致": [], "影响": [{"subject": "马歇尔", "object": "后世"}]}
2025-11-27 19:30:00,723 [INFO] 
📊 进度统计:
2025-11-27 19:30:00,723 [INFO]    已处理批次: 40/693 (5.8%)
2025-11-27 19:30:00,723 [INFO]    已处理段落: 200/3465
2025-11-27 19:30:00,724 [INFO]    成功: 40, 失败: 0
2025-11-27 19:30:00,724 [INFO]    已用时: 6.3 分钟
2025-11-27 19:30:00,724 [INFO]    预计剩余: 102.2 分钟
2025-11-27 19:30:00,724 [INFO]    预计总时间: 108.5 分钟
2025-11-27 19:30:00,724 [INFO] 
================================================================================
2025-11-27 19:30:00,724 [INFO] 处理第 41/693 批 (段落 201-205)
2025-11-27 19:30:00,724 [INFO] ================================================================================
2025-11-27 19:30:00,724 [INFO] 📄 本批段落数: 5
2025-11-27 19:30:00,724 [INFO] 📄 合并文本长度: 163 字符
2025-11-27 19:30:00,724 [INFO] 📄 完整文本:
着“非暴力Ahimsa”。卢森堡博士已经证明，进入这样一种被拓宽的意识

状态不仅是真实不虚的，也能行之有效地用来化解争端。他留下了让我

们得以追随的足迹。如果真正关心自身的福祉，我们就会跟随这足迹。

在这个亟需智慧指引，祈望消弭战争的世界，这是我们唯一的选择。

迪帕克·乔普拉（Deepak Chopra）,作家&医生
2025-11-27 19:30:00,724 [INFO] --------------------------------------------------------------------------------
2025-11-27 19:30:06,606 [INFO] ✅ 实体抽取成功: 共 4 个实体
2025-11-27 19:30:06,606 [INFO]    完整结果:
{"人物": ["卢森堡", "迪帕克·乔普拉", "Deepak Chopra"], "概念": ["非暴力"], "方法": [], "理论": [], "组织": [], "书籍": [], "情绪": [], "行为": []}
2025-11-27 19:30:12,119 [INFO] ✅ 关系抽取成功: 共 1 个关系
2025-11-27 19:30:12,119 [INFO]    完整结果:
{"提出": [{"subject": "卢森堡", "object": "非暴力Ahimsa"}], "包含": [], "应用": [], "来源": [], "解释": [], "相关": [], "导致": [], "影响": []}
2025-11-27 19:30:12,119 [INFO] 
📊 进度统计:
2025-11-27 19:30:12,119 [INFO]    已处理批次: 41/693 (5.9%)
2025-11-27 19:30:12,119 [INFO]    已处理段落: 205/3465
2025-11-27 19:30:12,119 [INFO]    成功: 41, 失败: 0
2025-11-27 19:30:12,119 [INFO]    已用时: 6.5 分钟
2025-11-27 19:30:12,119 [INFO]    预计剩余: 102.6 分钟
2025-11-27 19:30:12,119 [INFO]    预计总时间: 109.1 分钟
2025-11-27 19:30:12,119 [INFO] 
================================================================================
2025-11-27 19:30:12,120 [INFO] 处理第 42/693 批 (段落 206-210)
2025-11-27 19:30:12,120 [INFO] ================================================================================
2025-11-27 19:30:12,120 [INFO] 📄 本批段落数: 5
2025-11-27 19:30:12,120 [INFO] 📄 合并文本长度: 167 字符
2025-11-27 19:30:12,120 [INFO] 📄 完整文本:
[1]. 此为直译，为了让读者有直观感受。此书的简体中文版译为《用非

感谢卡尔·罗杰斯（Carl Rogers）教授，当他正在研究“有益于人际

关系的要素”这一课题时，我有幸向他学习并与他共事。这项研究的结

果在我发展“非暴力沟通”的过程中至关重要。

我亦将永远感谢迈克尔·哈基姆（Michael Hakeem）教授，他让我看
2025-11-27 19:30:12,120 [INFO] --------------------------------------------------------------------------------
2025-11-27 19:30:19,679 [INFO] ✅ 实体抽取成功: 共 5 个实体
2025-11-27 19:30:19,680 [INFO]    完整结果:
{"人物": ["卡尔·罗杰斯", "Carl Rogers", "迈克尔·哈基姆", "Michael Hakeem"], "概念": [], "方法": ["非暴力沟通"], "理论": [], "组织": [], "书籍": [], "情绪": [], "行为": []}
2025-11-27 19:30:23,111 [INFO] ✅ 关系抽取成功: 共 0 个关系
2025-11-27 19:30:23,112 [INFO]    完整结果:
{"提出": [], "包含": [], "应用": [], "来源": [], "解释": [], "相关": [], "导致": [], "影响": []}
2025-11-27 19:30:23,112 [INFO] 
📊 进度统计:
2025-11-27 19:30:23,112 [INFO]    已处理批次: 42/693 (6.1%)
2025-11-27 19:30:23,112 [INFO]    已处理段落: 210/3465
2025-11-27 19:30:23,112 [INFO]    成功: 42, 失败: 0
2025-11-27 19:30:23,112 [INFO]    已用时: 6.6 分钟
2025-11-27 19:30:23,112 [INFO]    预计剩余: 102.9 分钟
2025-11-27 19:30:23,112 [INFO]    预计总时间: 109.5 分钟
2025-11-27 19:30:23,112 [INFO] 
================================================================================
2025-11-27 19:30:23,112 [INFO] 处理第 43/693 批 (段落 211-215)
2025-11-27 19:30:23,112 [INFO] ================================================================================
2025-11-27 19:30:23,112 [INFO] 📄 本批段落数: 5
2025-11-27 19:30:23,112 [INFO] 📄 合并文本长度: 167 字符
2025-11-27 19:30:23,112 [INFO] 📄 完整文本:
到，我所接受的基于病理学的应用心理学专业训练不仅在科学上是局限

的，对社会和政治也会有危害。正是因为看到了现有理论的局限以及对

生命有了更多的认识，我渴望探索一种不同的心理学方法。

此外，我也很感谢乔治·米勒（George Miller）和乔治·艾比

（George Albee）。他们努力地提醒心理学家们要找到比心理学更好的
2025-11-27 19:30:23,112 [INFO] --------------------------------------------------------------------------------
2025-11-27 19:30:28,819 [INFO] ✅ 实体抽取成功: 共 4 个实体
2025-11-27 19:30:28,819 [INFO]    完整结果:
{"人物": ["乔治·米勒", "George Miller", "乔治·艾比", "George Albee"], "概念": [], "方法": [], "理论": [], "组织": [], "书籍": [], "情绪": [], "行为": []}
2025-11-27 19:30:33,175 [INFO] ✅ 关系抽取成功: 共 1 个关系
2025-11-27 19:30:33,175 [INFO]    完整结果:
{"提出": [], "包含": [], "应用": [{"subject": "心理学", "object": "应用"}], "来源": [], "解释": [], "相关": [], "导致": [], "影响": []}
2025-11-27 19:30:33,175 [INFO] 
📊 进度统计:
2025-11-27 19:30:33,175 [INFO]    已处理批次: 43/693 (6.2%)
2025-11-27 19:30:33,175 [INFO]    已处理段落: 215/3465
2025-11-27 19:30:33,175 [INFO]    成功: 43, 失败: 0
2025-11-27 19:30:33,175 [INFO]    已用时: 6.8 分钟
2025-11-27 19:30:33,175 [INFO]    预计剩余: 102.8 分钟
2025-11-27 19:30:33,175 [INFO]    预计总时间: 109.6 分钟
2025-11-27 19:30:33,175 [INFO] 
================================================================================
2025-11-27 19:30:33,175 [INFO] 处理第 44/693 批 (段落 216-220)
2025-11-27 19:30:33,175 [INFO] ================================================================================
2025-11-27 19:30:33,175 [INFO] 📄 本批段落数: 5
2025-11-27 19:30:33,175 [INFO] 📄 合并文本长度: 183 字符
2025-11-27 19:30:33,175 [INFO] 📄 完整文本:
方法，他们让我看到，面对这个充满困难的世界，我们要找到比临床心

我还要感谢吕靖安（Lucy Leu）女士负责编辑此书，并加以完稿；

感谢瑞塔·赫尔佐格（Rita Herzog）以及凯西·史密斯（Kathy Smith）协

最后，我要感谢我的朋友安妮·穆勒（Annie Muller）。她鼓励我更

清晰地呈现非暴力沟通的精神基础，这不仅让非暴力沟通更加扎实，也
2025-11-27 19:30:33,176 [INFO] --------------------------------------------------------------------------------
2025-11-27 19:30:43,825 [INFO] ✅ 实体抽取成功: 共 9 个实体
2025-11-27 19:30:43,825 [INFO]    完整结果:
{"人物": ["吕靖安", "Lucy Leu", "瑞塔·赫尔佐格", "Rita Herzog", "凯西·史密斯", "Kathy Smith", "安妮·穆勒", "Annie Muller"], "概念": ["非暴力沟通"], "方法": [], "理论": [], "组织": [], "书籍": [], "情绪": [], "行为": []}
2025-11-27 19:30:47,235 [INFO] ✅ 关系抽取成功: 共 0 个关系
2025-11-27 19:30:47,235 [INFO]    完整结果:
{"提出": [], "包含": [], "应用": [], "来源": [], "解释": [], "相关": [], "导致": [], "影响": []}
2025-11-27 19:30:47,235 [INFO] 
📊 进度统计:
2025-11-27 19:30:47,235 [INFO]    已处理批次: 44/693 (6.3%)
2025-11-27 19:30:47,235 [INFO]    已处理段落: 220/3465
2025-11-27 19:30:47,235 [INFO]    成功: 44, 失败: 0
2025-11-27 19:30:47,235 [INFO]    已用时: 7.0 分钟
2025-11-27 19:30:47,235 [INFO]    预计剩余: 103.8 分钟
2025-11-27 19:30:47,235 [INFO]    预计总时间: 110.8 分钟
2025-11-27 19:30:47,235 [INFO] 
================================================================================
2025-11-27 19:30:47,235 [INFO] 处理第 45/693 批 (段落 221-225)
2025-11-27 19:30:47,235 [INFO] ================================================================================
2025-11-27 19:30:47,235 [INFO] 📄 本批段落数: 5
2025-11-27 19:30:47,235 [INFO] 📄 合并文本长度: 149 字符
2025-11-27 19:30:47,235 [INFO] 📄 完整文本:
——鲁斯·贝本梅尔（Ruth Bebermeyer）

我渴望我的生命活出善意和慈悲（Compassion）[1]，

我相信，由衷的相互给予是我们天性所乐见的。因而，我将大部分

是什么让我们悖离了天性中的善，做出暴力与毁灭性的行为？

又是什么使得有些人即使在极度恶劣的环境下，依然与天性中的善
2025-11-27 19:30:47,235 [INFO] --------------------------------------------------------------------------------
2025-11-27 19:30:53,224 [INFO] ✅ 实体抽取成功: 共 5 个实体
2025-11-27 19:30:53,224 [INFO]    完整结果:
{"人物": ["鲁斯·贝本梅尔", "Ruth Bebermeyer"], "概念": ["慈悲"], "方法": [], "理论": [], "组织": [], "书籍": [], "情绪": [], "行为": ["暴力", "毁灭性行为"]}
2025-11-27 19:30:56,345 [INFO] ✅ 关系抽取成功: 共 0 个关系
2025-11-27 19:30:56,346 [INFO]    完整结果:
{"提出": [], "包含": [], "应用": [], "来源": [], "解释": [], "相关": [], "导致": [], "影响": []}
2025-11-27 19:30:56,346 [INFO] 
📊 进度统计:
2025-11-27 19:30:56,346 [INFO]    已处理批次: 45/693 (6.5%)
2025-11-27 19:30:56,346 [INFO]    已处理段落: 225/3465
2025-11-27 19:30:56,346 [INFO]    成功: 45, 失败: 0
2025-11-27 19:30:56,346 [INFO]    已用时: 7.2 分钟
2025-11-27 19:30:56,346 [INFO]    预计剩余: 103.5 分钟
2025-11-27 19:30:56,346 [INFO]    预计总时间: 110.7 分钟
2025-11-27 19:30:56,346 [INFO] 
================================================================================
2025-11-27 19:30:56,346 [INFO] 处理第 46/693 批 (段落 226-230)
2025-11-27 19:30:56,346 [INFO] ================================================================================
2025-11-27 19:30:56,346 [INFO] 📄 本批段落数: 5
2025-11-27 19:30:56,346 [INFO] 📄 合并文本长度: 155 字符
2025-11-27 19:30:56,346 [INFO] 📄 完整文本:
当我还是孩子的时候，我开始有了这样的疑惑。大约在1943年的夏

天，我们家搬到了密歇根州的底特律。两周后，公园里发生了一起由种

族冲突引发的暴力事件，之后的几天中40多人遇害。我们居住的社区正

位于冲突的中心。整整3天，我们紧闭家门，足不出户。

骚乱结束后，学校复课了。我却发现人名可以和肤色一样带来危
2025-11-27 19:30:56,346 [INFO] --------------------------------------------------------------------------------
2025-11-27 19:30:59,661 [INFO] ✅ 实体抽取成功: 共 0 个实体
2025-11-27 19:30:59,661 [INFO]    完整结果:
{"人物": [], "概念": [], "方法": [], "理论": [], "组织": [], "书籍": [], "情绪": [], "行为": []}
2025-11-27 19:31:05,004 [INFO] ✅ 关系抽取成功: 共 1 个关系
2025-11-27 19:31:05,004 [INFO]    完整结果:
{"提出": [], "包含": [], "应用": [], "来源": [], "解释": [], "相关": [], "导致": [{"subject": "族冲突", "object": "暴力事件"}], "影响": []}
2025-11-27 19:31:05,004 [INFO] 
📊 进度统计:
2025-11-27 19:31:05,004 [INFO]    已处理批次: 46/693 (6.6%)
2025-11-27 19:31:05,004 [INFO]    已处理段落: 230/3465
2025-11-27 19:31:05,004 [INFO]    成功: 46, 失败: 0
2025-11-27 19:31:05,004 [INFO]    已用时: 7.3 分钟
2025-11-27 19:31:05,005 [INFO]    预计剩余: 103.2 分钟
2025-11-27 19:31:05,005 [INFO]    预计总时间: 110.5 分钟
2025-11-27 19:31:05,005 [INFO] 
================================================================================
2025-11-27 19:31:05,005 [INFO] 处理第 47/693 批 (段落 231-235)
2025-11-27 19:31:05,005 [INFO] ================================================================================
2025-11-27 19:31:05,005 [INFO] 📄 本批段落数: 5
2025-11-27 19:31:05,005 [INFO] 📄 合并文本长度: 169 字符
2025-11-27 19:31:05,005 [INFO] 📄 完整文本:
险。当老师点到我的名字时，有两个男孩瞪着我，嘘声说：“你是犹太

鬼子（kike）？”我从未听过这个词，更不知道它是某些人对犹太人的蔑

放学后，那两个男孩拦住我，他们把我摔倒在地上，拳打脚踢。

是什么赋予我们力量，使我们在最恶劣的情况下依然与天性中的善

相连，就像艾提·海勒申（Etty Hillesum）那样的人，纵然面对德国集中
2025-11-27 19:31:05,005 [INFO] --------------------------------------------------------------------------------
2025-11-27 19:31:10,914 [INFO] ✅ 实体抽取成功: 共 3 个实体
2025-11-27 19:31:10,914 [INFO]    完整结果:
{"人物": ["艾提·海勒申", "Etty Hillesum"], "概念": [], "方法": [], "理论": [], "组织": [], "书籍": [], "情绪": [], "行为": ["拳打脚踢"]}
2025-11-27 19:31:14,202 [INFO] ✅ 关系抽取成功: 共 0 个关系
2025-11-27 19:31:14,202 [INFO]    完整结果:
{"提出": [], "包含": [], "应用": [], "来源": [], "解释": [], "相关": [], "导致": [], "影响": []}
2025-11-27 19:31:14,202 [INFO] 
📊 进度统计:
2025-11-27 19:31:14,202 [INFO]    已处理批次: 47/693 (6.8%)
2025-11-27 19:31:14,202 [INFO]    已处理段落: 235/3465
2025-11-27 19:31:14,202 [INFO]    成功: 47, 失败: 0
2025-11-27 19:31:14,202 [INFO]    已用时: 7.5 分钟
2025-11-27 19:31:14,202 [INFO]    预计剩余: 102.9 分钟
2025-11-27 19:31:14,202 [INFO]    预计总时间: 110.4 分钟
2025-11-27 19:31:14,202 [INFO] 
================================================================================
2025-11-27 19:31:14,202 [INFO] 处理第 48/693 批 (段落 236-240)
2025-11-27 19:31:14,202 [INFO] ================================================================================
2025-11-27 19:31:14,202 [INFO] 📄 本批段落数: 5
2025-11-27 19:31:14,203 [INFO] 📄 合并文本长度: 157 字符
2025-11-27 19:31:14,203 [INFO] 📄 完整文本:
营的恶劣条件，也依然保有慈悲之心？她在日记中这样写道：

我并不那么害怕，不是我勇敢，而是因为我清楚，站在我面前的是

人，我想要尽我所能去理解任何人做的任何事，就像在今天早晨，一位

心情不佳的年轻盖世太保冲着我大骂，我并未生气，油然而生的是一份

真切的慈悲之情。我甚至想问他：‘你的童年过得不开心吗？女友的言
2025-11-27 19:31:14,203 [INFO] --------------------------------------------------------------------------------
2025-11-27 19:31:18,930 [INFO] ✅ 实体抽取成功: 共 3 个实体
2025-11-27 19:31:18,930 [INFO]    完整结果:
{"人物": [], "概念": [], "方法": [], "理论": [], "组织": ["盖世太保"], "书籍": [], "情绪": ["慈悲", "心情不佳"], "行为": []}
2025-11-27 19:31:22,057 [INFO] ✅ 关系抽取成功: 共 0 个关系
2025-11-27 19:31:22,057 [INFO]    完整结果:
{"提出": [], "包含": [], "应用": [], "来源": [], "解释": [], "相关": [], "导致": [], "影响": []}
2025-11-27 19:31:22,057 [INFO] 
📊 进度统计:
2025-11-27 19:31:22,057 [INFO]    已处理批次: 48/693 (6.9%)
2025-11-27 19:31:22,057 [INFO]    已处理段落: 240/3465
2025-11-27 19:31:22,057 [INFO]    成功: 48, 失败: 0
2025-11-27 19:31:22,057 [INFO]    已用时: 7.6 分钟
2025-11-27 19:31:22,057 [INFO]    预计剩余: 102.4 分钟
2025-11-27 19:31:22,057 [INFO]    预计总时间: 110.0 分钟
2025-11-27 19:31:22,057 [INFO] 
================================================================================
2025-11-27 19:31:22,057 [INFO] 处理第 49/693 批 (段落 241-245)
2025-11-27 19:31:22,057 [INFO] ================================================================================
2025-11-27 19:31:22,057 [INFO] 📄 本批段落数: 5
2025-11-27 19:31:22,057 [INFO] 📄 合并文本长度: 149 字符
2025-11-27 19:31:22,057 [INFO] 📄 完整文本:
行令你失望了吗？’他看上去那么烦躁、紧张、阴沉且虚弱。我早该善

意地对待他，这般可怜的年轻男子一旦放纵自己将有多么危险。

——艾提·海勒申日记一则 1941-1943

我一直在探究到底是什么因素能让我们保有善意，在此过程中，我

深刻意识到语言及我们使用语言的方式所扮演的重要角色。后来，我发
2025-11-27 19:31:22,057 [INFO] --------------------------------------------------------------------------------
2025-11-27 19:31:27,545 [INFO] ✅ 实体抽取成功: 共 5 个实体
2025-11-27 19:31:27,545 [INFO]    完整结果:
{"人物": ["艾提·海勒申"], "概念": [], "方法": [], "理论": [], "组织": [], "书籍": [], "情绪": ["烦躁", "紧张", "阴沉", "虚弱"], "行为": []}
2025-11-27 19:31:34,707 [INFO] ✅ 关系抽取成功: 共 1 个关系
2025-11-27 19:31:34,707 [INFO]    完整结果:
{"提出": [], "包含": [], "应用": [], "来源": [{"subject": "艾提·海勒申日记一则 1941-1943", "object": "他"}], "解释": [], "相关": [], "导致": [], "影响": []}
2025-11-27 19:31:34,707 [INFO] 
📊 进度统计:
2025-11-27 19:31:34,707 [INFO]    已处理批次: 49/693 (7.1%)
2025-11-27 19:31:34,707 [INFO]    已处理段落: 245/3465
2025-11-27 19:31:34,707 [INFO]    成功: 49, 失败: 0
2025-11-27 19:31:34,707 [INFO]    已用时: 7.8 分钟
2025-11-27 19:31:34,707 [INFO]    预计剩余: 102.9 分钟
2025-11-27 19:31:34,707 [INFO]    预计总时间: 110.7 分钟
2025-11-27 19:31:34,707 [INFO] 
================================================================================
2025-11-27 19:31:34,707 [INFO] 处理第 50/693 批 (段落 246-250)
2025-11-27 19:31:34,707 [INFO] ================================================================================
2025-11-27 19:31:34,707 [INFO] 📄 本批段落数: 5
2025-11-27 19:31:34,707 [INFO] 📄 合并文本长度: 154 字符
2025-11-27 19:31:34,707 [INFO] 📄 完整文本:
现了一种具体的沟通方法：它包含表达与聆听，能让我们由衷地给予，

与自己和他人建立连结，并充分展现天性中的善意。

我称这种方法为非暴力沟通。这里借用甘地曾使用的“非暴力”一

词，来指代当暴力从心中消融，天性中的善自然呈现的状态。尽管我们

可能并不认为自己的说话方式是“暴力”的，但我们的言语却时常引发他
2025-11-27 19:31:34,707 [INFO] --------------------------------------------------------------------------------
2025-11-27 19:31:39,320 [INFO] ✅ 实体抽取成功: 共 4 个实体
2025-11-27 19:31:39,320 [INFO]    完整结果:
{"人物": ["甘地"], "概念": [], "方法": ["非暴力沟通"], "理论": [], "组织": [], "书籍": [], "情绪": [], "行为": ["表达", "聆听"]}
2025-11-27 19:31:44,549 [INFO] ✅ 关系抽取成功: 共 1 个关系
2025-11-27 19:31:44,550 [INFO]    完整结果:
{"提出": [], "包含": [{"subject": "非暴力沟通", "object": "表达与聆听"}], "应用": [], "来源": [], "解释": [], "相关": [], "导致": [], "影响": []}
2025-11-27 19:31:44,550 [INFO] 
📊 进度统计:
2025-11-27 19:31:44,550 [INFO]    已处理批次: 50/693 (7.2%)
2025-11-27 19:31:44,550 [INFO]    已处理段落: 250/3465
2025-11-27 19:31:44,550 [INFO]    成功: 50, 失败: 0
2025-11-27 19:31:44,550 [INFO]    已用时: 8.0 分钟
2025-11-27 19:31:44,550 [INFO]    预计剩余: 102.8 分钟
2025-11-27 19:31:44,550 [INFO]    预计总时间: 110.8 分钟
2025-11-27 19:31:44,550 [INFO] 💾 中间结果已保存: /root/projects/cwy/DeepKE/cwy/src/full_book_results/checkpoint_20251127_192319_batch50.pkl
2025-11-27 19:31:44,550 [INFO] 
================================================================================
2025-11-27 19:31:44,550 [INFO] 处理第 51/693 批 (段落 251-255)
2025-11-27 19:31:44,550 [INFO] ================================================================================
2025-11-27 19:31:44,550 [INFO] 📄 本批段落数: 5
2025-11-27 19:31:44,550 [INFO] 📄 合并文本长度: 158 字符
2025-11-27 19:31:44,550 [INFO] 📄 完整文本:
人或自己的痛苦。这种非暴力沟通方法也被称为“善意沟通”。

非暴力沟通建立在语言以及特定的沟通方法上，让我们即使是在逆

境中，也有能力活出人性的光芒。非暴力沟通并没有任何新知。它所整

合的内容早已被人们知晓了千百年。非暴力沟通意在提醒我们早已知道

的：人与人之间相互连结是人类的天性。非暴力沟通以一种具体的方式
2025-11-27 19:31:44,550 [INFO] --------------------------------------------------------------------------------
2025-11-27 19:31:48,554 [INFO] ✅ 实体抽取成功: 共 2 个实体
2025-11-27 19:31:48,554 [INFO]    完整结果:
{"人物": [], "概念": [], "方法": ["非暴力沟通", "善意沟通"], "理论": [], "组织": [], "书籍": [], "情绪": [], "行为": []}
2025-11-27 19:31:51,644 [INFO] ✅ 关系抽取成功: 共 0 个关系
2025-11-27 19:31:51,644 [INFO]    完整结果:
{"提出": [], "包含": [], "应用": [], "来源": [], "解释": [], "相关": [], "导致": [], "影响": []}
2025-11-27 19:31:51,644 [INFO] 
📊 进度统计:
2025-11-27 19:31:51,644 [INFO]    已处理批次: 51/693 (7.4%)
2025-11-27 19:31:51,645 [INFO]    已处理段落: 255/3465
2025-11-27 19:31:51,645 [INFO]    成功: 51, 失败: 0
2025-11-27 19:31:51,645 [INFO]    已用时: 8.1 分钟
2025-11-27 19:31:51,645 [INFO]    预计剩余: 102.1 分钟
2025-11-27 19:31:51,645 [INFO]    预计总时间: 110.2 分钟
2025-11-27 19:31:51,645 [INFO] 
================================================================================
2025-11-27 19:31:51,645 [INFO] 处理第 52/693 批 (段落 256-260)
2025-11-27 19:31:51,645 [INFO] ================================================================================
2025-11-27 19:31:51,645 [INFO] 📄 本批段落数: 5
2025-11-27 19:31:51,645 [INFO] 📄 合并文本长度: 161 字符
2025-11-27 19:31:51,645 [INFO] 📄 完整文本:
非暴力沟通帮助我们重新构建表达自己和聆听他人的方式，使我们

的言语不再只是出于习惯的自动化反应，而是牢固地建立在觉察感受和

需要的基础上，做出有意识的回应。我们既能诚实、清晰地表达自己，

也能带着尊重与同理心关注他人，从而在任何交流中听见自己和他人心

灵深处的呼声。非暴力沟通还训练我们仔细观察，具体地指出什么样的
2025-11-27 19:31:51,645 [INFO] --------------------------------------------------------------------------------
2025-11-27 19:31:56,232 [INFO] ✅ 实体抽取成功: 共 2 个实体
2025-11-27 19:31:56,232 [INFO]    完整结果:
{"人物": [], "概念": [], "方法": ["非暴力沟通"], "理论": [], "组织": [], "书籍": [], "情绪": [], "行为": ["重新构建表达自己和聆听他人的方式"]}
2025-11-27 19:31:59,311 [INFO] ✅ 关系抽取成功: 共 0 个关系
2025-11-27 19:31:59,311 [INFO]    完整结果:
{"提出": [], "包含": [], "应用": [], "来源": [], "解释": [], "相关": [], "导致": [], "影响": []}
2025-11-27 19:31:59,311 [INFO] 
📊 进度统计:
2025-11-27 19:31:59,311 [INFO]    已处理批次: 52/693 (7.5%)
2025-11-27 19:31:59,311 [INFO]    已处理段落: 260/3465
2025-11-27 19:31:59,311 [INFO]    成功: 52, 失败: 0
2025-11-27 19:31:59,311 [INFO]    已用时: 8.2 分钟
2025-11-27 19:31:59,311 [INFO]    预计剩余: 101.6 分钟
2025-11-27 19:31:59,311 [INFO]    预计总时间: 109.8 分钟
2025-11-27 19:31:59,311 [INFO] 
================================================================================
2025-11-27 19:31:59,311 [INFO] 处理第 53/693 批 (段落 261-265)
2025-11-27 19:31:59,311 [INFO] ================================================================================
2025-11-27 19:31:59,311 [INFO] 📄 本批段落数: 5
2025-11-27 19:31:59,311 [INFO] 📄 合并文本长度: 152 字符
2025-11-27 19:31:59,311 [INFO] 📄 完整文本:
行为和事件对我们造成了影响，学会了解我们当下的需要并清晰地表达

出来。如此简单的形式，却能带来强有力的改变。

当面对别人的评判或指责时，我们通常报之以防卫、回避或攻击。

而一旦我们将注意力聚焦在彼此的观察、感受和需要，而不是去诊断和

评判，我们就能发现内心深处的善意。随着旧有的反应模式被非暴力沟
2025-11-27 19:31:59,311 [INFO] --------------------------------------------------------------------------------
2025-11-27 19:32:03,124 [INFO] ✅ 实体抽取成功: 共 3 个实体
2025-11-27 19:32:03,124 [INFO]    完整结果:
{"人物": [], "概念": [], "方法": [], "理论": [], "组织": [], "书籍": [], "情绪": [], "行为": ["防卫", "回避", "攻击"]}
2025-11-27 19:32:06,208 [INFO] ✅ 关系抽取成功: 共 0 个关系
2025-11-27 19:32:06,209 [INFO]    完整结果:
{"提出": [], "包含": [], "应用": [], "来源": [], "解释": [], "相关": [], "导致": [], "影响": []}
2025-11-27 19:32:06,209 [INFO] 
📊 进度统计:
2025-11-27 19:32:06,209 [INFO]    已处理批次: 53/693 (7.6%)
2025-11-27 19:32:06,209 [INFO]    已处理段落: 265/3465
2025-11-27 19:32:06,209 [INFO]    成功: 53, 失败: 0
2025-11-27 19:32:06,209 [INFO]    已用时: 8.4 分钟
2025-11-27 19:32:06,209 [INFO]    预计剩余: 100.9 分钟
2025-11-27 19:32:06,209 [INFO]    预计总时间: 109.2 分钟
2025-11-27 19:32:06,209 [INFO] 
================================================================================
2025-11-27 19:32:06,209 [INFO] 处理第 54/693 批 (段落 266-270)
2025-11-27 19:32:06,209 [INFO] ================================================================================
2025-11-27 19:32:06,209 [INFO] 📄 本批段落数: 5
2025-11-27 19:32:06,209 [INFO] 📄 合并文本长度: 156 字符
2025-11-27 19:32:06,209 [INFO] 📄 完整文本:
通所取代，我们便能以一种全新的眼光来看待自己和他人，并且对自己

的初心和人际关系保有觉察，进而抗拒、防御和暴力的回应得以减轻或

减少。通过强调深度聆听自己和他人，非暴力沟通能够培育我们对他人

的尊重、觉察与同理心，并愿意发自内心地相互给予。

尽管我称非暴力沟通是一种“沟通过程”或是“善意沟通”，它却不止
2025-11-27 19:32:06,209 [INFO] --------------------------------------------------------------------------------
2025-11-27 19:32:09,835 [INFO] ✅ 实体抽取成功: 共 1 个实体
2025-11-27 19:32:09,836 [INFO]    完整结果:
{"人物": [], "概念": [], "方法": ["非暴力沟通"], "理论": [], "组织": [], "书籍": [], "情绪": [], "行为": []}
2025-11-27 19:32:12,975 [INFO] ✅ 关系抽取成功: 共 0 个关系
2025-11-27 19:32:12,975 [INFO]    完整结果:
{"提出": [], "包含": [], "应用": [], "来源": [], "解释": [], "相关": [], "导致": [], "影响": []}
2025-11-27 19:32:12,975 [INFO] 
📊 进度统计:
2025-11-27 19:32:12,975 [INFO]    已处理批次: 54/693 (7.8%)
2025-11-27 19:32:12,975 [INFO]    已处理段落: 270/3465
2025-11-27 19:32:12,975 [INFO]    成功: 54, 失败: 0
2025-11-27 19:32:12,975 [INFO]    已用时: 8.5 分钟
2025-11-27 19:32:12,975 [INFO]    预计剩余: 100.2 分钟
2025-11-27 19:32:12,975 [INFO]    预计总时间: 108.7 分钟
2025-11-27 19:32:12,975 [INFO] 
================================================================================
2025-11-27 19:32:12,975 [INFO] 处理第 55/693 批 (段落 271-275)
2025-11-27 19:32:12,975 [INFO] ================================================================================
2025-11-27 19:32:12,975 [INFO] 📄 本批段落数: 5
2025-11-27 19:32:12,975 [INFO] 📄 合并文本长度: 148 字符
2025-11-27 19:32:12,975 [INFO] 📄 完整文本:
于此。在一个更深的层面，它是持续的提醒，让我们更好地专注于自己

有个故事讲述了一名男子在路灯下四处找东西，一位路过的警察见

“找我的汽车钥匙。”这位看上去有些醉意的男子回答道。

“不是这里，”男子回答，“我把钥匙落在巷子里了。”

见到警察很困惑，男子急忙解释：“但这里的光线要亮得多呢。”
2025-11-27 19:32:12,975 [INFO] --------------------------------------------------------------------------------
2025-11-27 19:32:16,465 [INFO] ✅ 实体抽取成功: 共 1 个实体
2025-11-27 19:32:16,466 [INFO]    完整结果:
{"人物": [], "概念": [], "方法": [], "理论": [], "组织": [], "书籍": [], "情绪": [], "行为": ["四处找东西"]}
2025-11-27 19:32:19,587 [INFO] ✅ 关系抽取成功: 共 0 个关系
2025-11-27 19:32:19,587 [INFO]    完整结果:
{"提出": [], "包含": [], "应用": [], "来源": [], "解释": [], "相关": [], "导致": [], "影响": []}
2025-11-27 19:32:19,587 [INFO] 
📊 进度统计:
2025-11-27 19:32:19,587 [INFO]    已处理批次: 55/693 (7.9%)
2025-11-27 19:32:19,587 [INFO]    已处理段落: 275/3465
2025-11-27 19:32:19,587 [INFO]    成功: 55, 失败: 0
2025-11-27 19:32:19,587 [INFO]    已用时: 8.6 分钟
2025-11-27 19:32:19,587 [INFO]    预计剩余: 99.5 分钟
2025-11-27 19:32:19,587 [INFO]    预计总时间: 108.1 分钟
2025-11-27 19:32:19,587 [INFO] 
================================================================================
2025-11-27 19:32:19,587 [INFO] 处理第 56/693 批 (段落 276-280)
2025-11-27 19:32:19,587 [INFO] ================================================================================
2025-11-27 19:32:19,587 [INFO] 📄 本批段落数: 5
2025-11-27 19:32:19,587 [INFO] 📄 合并文本长度: 154 字符
2025-11-27 19:32:19,587 [INFO] 📄 完整文本:
我们都对人生拥有渴望。然而我发现，主导我们的文化却可能带我

们偏离了方向。为此，我开发了非暴力沟通。它作为一种训练注意力的

方式，让我们可以把注意力放在真正要去的地方。我渴望的是，在生命

中活出慈悲之心，让由衷的相互给予，在你我之间流动。

那份慈悲心，也是我所说的“由衷的给予”，在我的朋友鲁斯·贝本
2025-11-27 19:32:19,587 [INFO] --------------------------------------------------------------------------------
2025-11-27 19:32:25,621 [INFO] ✅ 实体抽取成功: 共 5 个实体
2025-11-27 19:32:25,621 [INFO]    完整结果:
{"人物": ["鲁斯·贝本"], "概念": [], "方法": ["非暴力沟通"], "理论": [], "组织": [], "书籍": [], "情绪": ["慈悲之心"], "行为": ["训练注意力", "由衷的给予"]}
2025-11-27 19:32:30,722 [INFO] ✅ 关系抽取成功: 共 1 个关系
2025-11-27 19:32:30,722 [INFO]    完整结果:
{"提出": [], "包含": [], "应用": [{"subject": "非暴力沟通", "object": "训练注意力"}], "来源": [], "解释": [], "相关": [], "导致": [], "影响": []}
2025-11-27 19:32:30,722 [INFO] 
📊 进度统计:
2025-11-27 19:32:30,723 [INFO]    已处理批次: 56/693 (8.1%)
2025-11-27 19:32:30,723 [INFO]    已处理段落: 280/3465
2025-11-27 19:32:30,723 [INFO]    成功: 56, 失败: 0
2025-11-27 19:32:30,723 [INFO]    已用时: 8.8 分钟
2025-11-27 19:32:30,723 [INFO]    预计剩余: 99.7 分钟
2025-11-27 19:32:30,723 [INFO]    预计总时间: 108.4 分钟
2025-11-27 19:32:30,723 [INFO] 
================================================================================
2025-11-27 19:32:30,723 [INFO] 处理第 57/693 批 (段落 281-285)
2025-11-27 19:32:30,723 [INFO] ================================================================================
2025-11-27 19:32:30,723 [INFO] 📄 本批段落数: 5
2025-11-27 19:32:30,723 [INFO] 📄 合并文本长度: 149 字符
2025-11-27 19:32:30,723 [INFO] 📄 完整文本:
梅尔（Ruth Bebermeyer）的这段歌词中得到展现：

——“馈赠”（1978）来自鲁斯·贝本梅尔

每当我们想要丰盈他人的生命，由衷给予他人时，我们是出于心中

油然而生的喜悦之情。给予者和接受者都会从中获益。当给予是由衷

的，而非出于害怕、内疚、羞愧或是渴求回报，接受者才能心无挂碍地
2025-11-27 19:32:30,723 [INFO] --------------------------------------------------------------------------------
2025-11-27 19:32:35,741 [INFO] ✅ 实体抽取成功: 共 4 个实体
2025-11-27 19:32:35,742 [INFO]    完整结果:
{"人物": ["梅尔", "Ruth Bebermeyer"], "概念": [], "方法": [], "理论": [], "组织": [], "书籍": [], "情绪": ["喜悦"], "行为": ["馈赠"]}
2025-11-27 19:32:38,853 [INFO] ✅ 关系抽取成功: 共 0 个关系
2025-11-27 19:32:38,853 [INFO]    完整结果:
{"提出": [], "包含": [], "应用": [], "来源": [], "解释": [], "相关": [], "导致": [], "影响": []}
2025-11-27 19:32:38,853 [INFO] 
📊 进度统计:
2025-11-27 19:32:38,853 [INFO]    已处理批次: 57/693 (8.2%)
2025-11-27 19:32:38,853 [INFO]    已处理段落: 285/3465
2025-11-27 19:32:38,853 [INFO]    成功: 57, 失败: 0
2025-11-27 19:32:38,853 [INFO]    已用时: 8.9 分钟
2025-11-27 19:32:38,853 [INFO]    预计剩余: 99.3 分钟
2025-11-27 19:32:38,853 [INFO]    预计总时间: 108.2 分钟
2025-11-27 19:32:38,853 [INFO] 
================================================================================
2025-11-27 19:32:38,853 [INFO] 处理第 58/693 批 (段落 286-290)
2025-11-27 19:32:38,853 [INFO] ================================================================================
2025-11-27 19:32:38,853 [INFO] 📄 本批段落数: 5
2025-11-27 19:32:38,853 [INFO] 📄 合并文本长度: 161 字符
2025-11-27 19:32:38,853 [INFO] 📄 完整文本:
享受这份馈赠。与此同时，给予者因为看到自己为他人的幸福做出了贡

我们使用非暴力沟通，并不要求沟通的对方也懂得它，甚至无须对

我们保有善意。只要我们遵循非暴力沟通的原则，发自内心地给予，并

尽我们所能让对方知道这是我们唯一的动机，他们也会加入我们，最终

双方必然能以善意相待。当然，这一切不一定会很快发生，但我相信，
2025-11-27 19:32:38,854 [INFO] --------------------------------------------------------------------------------
2025-11-27 19:32:42,600 [INFO] ✅ 实体抽取成功: 共 2 个实体
2025-11-27 19:32:42,601 [INFO]    完整结果:
{"人物": [], "概念": ["非暴力沟通"], "方法": [], "理论": [], "组织": [], "书籍": [], "情绪": [], "行为": ["给予"]}
2025-11-27 19:32:48,332 [INFO] ✅ 关系抽取成功: 共 1 个关系
2025-11-27 19:32:48,333 [INFO]    完整结果:
{"提出": [], "包含": [], "应用": [{"subject": "非暴力沟通", "object": "双方必然能以善意相待"}], "来源": [], "解释": [], "相关": [], "导致": [], "影响": []}
2025-11-27 19:32:48,333 [INFO] 
📊 进度统计:
2025-11-27 19:32:48,333 [INFO]    已处理批次: 58/693 (8.4%)
2025-11-27 19:32:48,333 [INFO]    已处理段落: 290/3465
2025-11-27 19:32:48,333 [INFO]    成功: 58, 失败: 0
2025-11-27 19:32:48,333 [INFO]    已用时: 9.1 分钟
2025-11-27 19:32:48,333 [INFO]    预计剩余: 99.1 分钟
2025-11-27 19:32:48,333 [INFO]    预计总时间: 108.2 分钟
2025-11-27 19:32:48,333 [INFO] 
================================================================================
2025-11-27 19:32:48,333 [INFO] 处理第 59/693 批 (段落 291-295)
2025-11-27 19:32:48,333 [INFO] ================================================================================
2025-11-27 19:32:48,333 [INFO] 📄 本批段落数: 5
2025-11-27 19:32:48,333 [INFO] 📄 合并文本长度: 148 字符
2025-11-27 19:32:48,333 [INFO] 📄 完整文本:
只要我们坚持非暴力沟通的原则与方法，友善之花终将在你我心中盛

要达到让双方都能发自内心地相互给予，我们需将注意力聚焦在四

个方面——它们是非暴力沟通模式的四个要素。

首先，我们观察实际上发生了什么。不论他人的言行是否有益于我

们，我们只是去观察。要做到清晰表达所观察到的，我们的挑战在于不
2025-11-27 19:32:48,333 [INFO] --------------------------------------------------------------------------------
2025-11-27 19:32:51,775 [INFO] ✅ 实体抽取成功: 共 1 个实体
2025-11-27 19:32:51,776 [INFO]    完整结果:
{"人物": [], "概念": [], "方法": ["非暴力沟通"], "理论": [], "组织": [], "书籍": [], "情绪": [], "行为": []}
2025-11-27 19:32:54,867 [INFO] ✅ 关系抽取成功: 共 0 个关系
2025-11-27 19:32:54,867 [INFO]    完整结果:
{"提出": [], "包含": [], "应用": [], "来源": [], "解释": [], "相关": [], "导致": [], "影响": []}
2025-11-27 19:32:54,867 [INFO] 
📊 进度统计:
2025-11-27 19:32:54,867 [INFO]    已处理批次: 59/693 (8.5%)
2025-11-27 19:32:54,867 [INFO]    已处理段落: 295/3465
2025-11-27 19:32:54,867 [INFO]    成功: 59, 失败: 0
2025-11-27 19:32:54,867 [INFO]    已用时: 9.2 分钟
2025-11-27 19:32:54,867 [INFO]    预计剩余: 98.5 分钟
2025-11-27 19:32:54,867 [INFO]    预计总时间: 107.6 分钟
2025-11-27 19:32:54,867 [INFO] 
================================================================================
2025-11-27 19:32:54,867 [INFO] 处理第 60/693 批 (段落 296-300)
2025-11-27 19:32:54,867 [INFO] ================================================================================
2025-11-27 19:32:54,867 [INFO] 📄 本批段落数: 5
2025-11-27 19:32:54,867 [INFO] 📄 合并文本长度: 154 字符
2025-11-27 19:32:54,867 [INFO] 📄 完整文本:
夹杂任何评判。不论喜欢与否，我们只是说出人们做了什么。第二步，

表达出我们看到这些行为时的感受：是感到伤心、害怕、喜悦、有趣，

还是心烦呢？第三步，表达出我们的感受与什么需要相关联。通过对这

三个要素的觉察，我们清晰和诚实地表达出自己的状态。

例如，一位母亲想和正值青春期的儿子用非暴力沟通的方式来说
2025-11-27 19:32:54,867 [INFO] --------------------------------------------------------------------------------
2025-11-27 19:33:00,027 [INFO] ✅ 实体抽取成功: 共 6 个实体
2025-11-27 19:33:00,027 [INFO]    完整结果:
{"人物": [], "概念": [], "方法": ["非暴力沟通"], "理论": [], "组织": [], "书籍": [], "情绪": ["伤心", "害怕", "喜悦", "有趣", "心烦"], "行为": []}
2025-11-27 19:33:05,344 [INFO] ✅ 关系抽取成功: 共 1 个关系
2025-11-27 19:33:05,345 [INFO]    完整结果:
{"提出": [], "包含": [], "应用": [{"subject": "非暴力沟通", "object": "母亲想和正值青春期的儿子"}], "来源": [], "解释": [], "相关": [], "导致": [], "影响": []}
2025-11-27 19:33:05,345 [INFO] 
📊 进度统计:
2025-11-27 19:33:05,345 [INFO]    已处理批次: 60/693 (8.7%)
2025-11-27 19:33:05,345 [INFO]    已处理段落: 300/3465
2025-11-27 19:33:05,345 [INFO]    成功: 60, 失败: 0
2025-11-27 19:33:05,345 [INFO]    已用时: 9.3 分钟
2025-11-27 19:33:05,345 [INFO]    预计剩余: 98.5 分钟
2025-11-27 19:33:05,345 [INFO]    预计总时间: 107.9 分钟
2025-11-27 19:33:05,345 [INFO] 
================================================================================
2025-11-27 19:33:05,345 [INFO] 处理第 61/693 批 (段落 301-305)
2025-11-27 19:33:05,345 [INFO] ================================================================================
2025-11-27 19:33:05,345 [INFO] 📄 本批段落数: 5
2025-11-27 19:33:05,345 [INFO] 📄 合并文本长度: 161 字符
2025-11-27 19:33:05,345 [INFO] 📄 完整文本:
话，她可以这样来表达以上三个要素：“菲利克斯，看到咖啡桌下的两

团脏袜子和电视机旁边的三团脏袜子，我很生气，因为我希望在我们共

紧接着，她可以表达非暴力沟通的第四个要素——一个具体的请

求：“你愿意把你的袜子放在你房间或放进洗衣机里吗？”我们借助这个

要素提出对他人的期许，希望他（她）怎么做来满足我们的需要，让我
2025-11-27 19:33:05,345 [INFO] --------------------------------------------------------------------------------
2025-11-27 19:33:09,709 [INFO] ✅ 实体抽取成功: 共 3 个实体
2025-11-27 19:33:09,709 [INFO]    完整结果:
{"人物": ["菲利克斯"], "概念": [], "方法": ["非暴力沟通"], "理论": [], "组织": [], "书籍": [], "情绪": ["生气"], "行为": []}
2025-11-27 19:33:14,847 [INFO] ✅ 关系抽取成功: 共 1 个关系
2025-11-27 19:33:14,848 [INFO]    完整结果:
{"提出": [], "包含": [], "应用": [], "来源": [], "解释": [{"subject": "非暴力沟通", "object": "期许"}], "相关": [], "导致": [], "影响": []}
2025-11-27 19:33:14,848 [INFO] 
📊 进度统计:
2025-11-27 19:33:14,848 [INFO]    已处理批次: 61/693 (8.8%)
2025-11-27 19:33:14,848 [INFO]    已处理段落: 305/3465
2025-11-27 19:33:14,848 [INFO]    成功: 61, 失败: 0
2025-11-27 19:33:14,848 [INFO]    已用时: 9.5 分钟
2025-11-27 19:33:14,848 [INFO]    预计剩余: 98.4 分钟
2025-11-27 19:33:14,848 [INFO]    预计总时间: 107.9 分钟
2025-11-27 19:33:14,848 [INFO] 
================================================================================
2025-11-27 19:33:14,848 [INFO] 处理第 62/693 批 (段落 306-310)
2025-11-27 19:33:14,848 [INFO] ================================================================================
2025-11-27 19:33:14,848 [INFO] 📄 本批段落数: 5
2025-11-27 19:33:14,848 [INFO] 📄 合并文本长度: 153 字符
2025-11-27 19:33:14,848 [INFO] 📄 完整文本:
非暴力沟通的一部分是对这四个要素的清晰表达，表达的形式也不

拘泥于语言。而另一部分则是从对方的表达中了解这四个要素。我们通

过感知对方此刻的观察、感受和需要，与他们建立连结，进而聆听他们

的请求，来找到通过什么方式让他们的生命变得更丰富。

当我们将注意力持续聚焦在以上几个方面，并协助对方也这样做，
2025-11-27 19:33:14,848 [INFO] --------------------------------------------------------------------------------
2025-11-27 19:33:18,767 [INFO] ✅ 实体抽取成功: 共 3 个实体
2025-11-27 19:33:18,767 [INFO]    完整结果:
{"人物": [], "概念": ["非暴力沟通"], "方法": [], "理论": ["四个要素"], "组织": [], "书籍": [], "情绪": [], "行为": ["聆听"]}
2025-11-27 19:33:23,422 [INFO] ✅ 关系抽取成功: 共 1 个关系
2025-11-27 19:33:23,422 [INFO]    完整结果:
{"提出": [], "包含": [], "应用": [], "来源": [], "解释": [{"subject": "非暴力沟通", "object": "四个要素"}], "相关": [], "导致": [], "影响": []}
2025-11-27 19:33:23,422 [INFO] 
📊 进度统计:
2025-11-27 19:33:23,422 [INFO]    已处理批次: 62/693 (8.9%)
2025-11-27 19:33:23,422 [INFO]    已处理段落: 310/3465
2025-11-27 19:33:23,422 [INFO]    成功: 62, 失败: 0
2025-11-27 19:33:23,422 [INFO]    已用时: 9.6 分钟
2025-11-27 19:33:23,422 [INFO]    预计剩余: 98.1 分钟
2025-11-27 19:33:23,422 [INFO]    预计总时间: 107.8 分钟
2025-11-27 19:33:23,422 [INFO] 
================================================================================
2025-11-27 19:33:23,422 [INFO] 处理第 63/693 批 (段落 311-315)
2025-11-27 19:33:23,422 [INFO] ================================================================================
2025-11-27 19:33:23,422 [INFO] 📄 本批段落数: 5
2025-11-27 19:33:23,422 [INFO] 📄 合并文本长度: 161 字符
2025-11-27 19:33:23,422 [INFO] 📄 完整文本:
我们便在彼此的沟通中创造了一种流动，如此你来我往，最终双方都能

自然而然地展现善意：我此刻的观察、感受和需要是什么；为了让我的

生命更美好，我的请求是什么；你此刻的观察、感受和需要是什么；为

在使用非暴力沟通时，我们既可以先表达自己，也可以先同理倾听

他人。在本书的第三至第六章，我们还将深入地学习如何倾听与表达每
2025-11-27 19:33:23,423 [INFO] --------------------------------------------------------------------------------
2025-11-27 19:33:28,825 [INFO] ✅ 实体抽取成功: 共 6 个实体
2025-11-27 19:33:28,825 [INFO]    完整结果:
{"人物": [], "概念": [], "方法": ["非暴力沟通"], "理论": [], "组织": [], "书籍": [], "情绪": [], "行为": ["观察", "感受", "需要", "表达", "倾听"]}
2025-11-27 19:33:33,844 [INFO] ✅ 关系抽取成功: 共 1 个关系
2025-11-27 19:33:33,844 [INFO]    完整结果:
{"提出": [], "包含": [], "应用": [{"subject": "非暴力沟通", "object": "沟通"}], "来源": [], "解释": [], "相关": [], "导致": [], "影响": []}
2025-11-27 19:33:33,844 [INFO] 
📊 进度统计:
2025-11-27 19:33:33,845 [INFO]    已处理批次: 63/693 (9.1%)
2025-11-27 19:33:33,845 [INFO]    已处理段落: 315/3465
2025-11-27 19:33:33,845 [INFO]    成功: 63, 失败: 0
2025-11-27 19:33:33,845 [INFO]    已用时: 9.8 分钟
2025-11-27 19:33:33,845 [INFO]    预计剩余: 98.1 分钟
2025-11-27 19:33:33,845 [INFO]    预计总时间: 108.0 分钟
2025-11-27 19:33:33,845 [INFO] 
================================================================================
2025-11-27 19:33:33,845 [INFO] 处理第 64/693 批 (段落 316-320)
2025-11-27 19:33:33,845 [INFO] ================================================================================
2025-11-27 19:33:33,845 [INFO] 📄 本批段落数: 5
2025-11-27 19:33:33,845 [INFO] 📄 合并文本长度: 162 字符
2025-11-27 19:33:33,845 [INFO] 📄 完整文本:
一个要素。很重要的一点是，牢记非暴力沟通不是固定公式，人们可以

根据不同的情境，以及不同的个人和文化习惯做出调整。为了叙述方

便，我将非暴力沟通称为一种“方法”或是“语言”，当然它的实现完全有

可能不一定借助言语。因为，非暴力沟通的精髓在于对这四个要素的觉

无论在自我对话、与人互动还是团体交流中，非暴力沟通能让我们
2025-11-27 19:33:33,845 [INFO] --------------------------------------------------------------------------------
2025-11-27 19:33:37,384 [INFO] ✅ 实体抽取成功: 共 1 个实体
2025-11-27 19:33:37,384 [INFO]    完整结果:
{"人物": [], "概念": [], "方法": ["非暴力沟通"], "理论": [], "组织": [], "书籍": [], "情绪": [], "行为": []}
2025-11-27 19:33:44,283 [INFO] ✅ 关系抽取成功: 共 2 个关系
2025-11-27 19:33:44,283 [INFO]    完整结果:
{"提出": [], "包含": [], "应用": [], "来源": [], "解释": [{"subject": "非暴力沟通", "object": "方法"}, {"subject": "非暴力沟通", "object": "语言"}], "相关": [], "导致": [], "影响": []}
2025-11-27 19:33:44,283 [INFO] 
📊 进度统计:
2025-11-27 19:33:44,283 [INFO]    已处理批次: 64/693 (9.2%)
2025-11-27 19:33:44,283 [INFO]    已处理段落: 320/3465
2025-11-27 19:33:44,283 [INFO]    成功: 64, 失败: 0
2025-11-27 19:33:44,283 [INFO]    已用时: 10.0 分钟
2025-11-27 19:33:44,283 [INFO]    预计剩余: 98.2 分钟
2025-11-27 19:33:44,283 [INFO]    预计总时间: 108.2 分钟
2025-11-27 19:33:44,283 [INFO] 
================================================================================
2025-11-27 19:33:44,284 [INFO] 处理第 65/693 批 (段落 321-325)
2025-11-27 19:33:44,284 [INFO] ================================================================================
2025-11-27 19:33:44,284 [INFO] 📄 本批段落数: 5
2025-11-27 19:33:44,284 [INFO] 📄 合并文本长度: 157 字符
2025-11-27 19:33:44,284 [INFO] 📄 完整文本:
在心中怀有善意。因而，人们可以将它有效地运用在不同层面的沟通和

有些人在亲密关系中用非暴力沟通创造了深度的连结与关爱：

当我通过非暴力沟通学会了如何接收（聆听）和给予（表达），我

不再觉得受伤和忍气吞声，而能聆听并且领会话语背后的感受。我发

现，这个与我结婚28年的男人，内心原来如此痛苦。在参加“非暴力沟
2025-11-27 19:33:44,284 [INFO] --------------------------------------------------------------------------------
2025-11-27 19:33:48,585 [INFO] ✅ 实体抽取成功: 共 3 个实体
2025-11-27 19:33:48,586 [INFO]    完整结果:
{"人物": [], "概念": [], "方法": ["非暴力沟通"], "理论": [], "组织": [], "书籍": [], "情绪": [], "行为": ["接收", "给予"]}
2025-11-27 19:33:53,724 [INFO] ✅ 关系抽取成功: 共 1 个关系
2025-11-27 19:33:53,724 [INFO]    完整结果:
{"提出": [], "包含": [], "应用": [{"subject": "非暴力沟通", "object": "沟通"}], "来源": [], "解释": [], "相关": [], "导致": [], "影响": []}
2025-11-27 19:33:53,724 [INFO] 
📊 进度统计:
2025-11-27 19:33:53,724 [INFO]    已处理批次: 65/693 (9.4%)
2025-11-27 19:33:53,724 [INFO]    已处理段落: 325/3465
2025-11-27 19:33:53,724 [INFO]    成功: 65, 失败: 0
2025-11-27 19:33:53,725 [INFO]    已用时: 10.1 分钟
2025-11-27 19:33:53,725 [INFO]    预计剩余: 98.0 分钟
2025-11-27 19:33:53,725 [INFO]    预计总时间: 108.2 分钟
2025-11-27 19:33:53,725 [INFO] 
================================================================================
2025-11-27 19:33:53,725 [INFO] 处理第 66/693 批 (段落 326-330)
2025-11-27 19:33:53,725 [INFO] ================================================================================
2025-11-27 19:33:53,725 [INFO] 📄 本批段落数: 5
2025-11-27 19:33:53,725 [INFO] 📄 合并文本长度: 149 字符
2025-11-27 19:33:53,725 [INFO] 📄 完整文本:
通”工作坊前的那个周末，他向我提出了离婚……长话短说，今天我们

得以一起来到这里，要感谢非暴力沟通为我们带来的美好结局……我学

会了聆听感受，表达我的需要，接纳我并不乐意听到的回答。我们都无

——一位在美国加利福尼亚州圣地亚哥参加工作坊的学员

有的人在工作中用非暴力沟通创造了更高效的关系：
2025-11-27 19:33:53,725 [INFO] --------------------------------------------------------------------------------
2025-11-27 19:33:59,122 [INFO] ✅ 实体抽取成功: 共 4 个实体
2025-11-27 19:33:59,122 [INFO]    完整结果:
{"人物": [], "概念": [], "方法": ["非暴力沟通"], "理论": [], "组织": [], "书籍": [], "情绪": [], "行为": ["聆听感受", "表达我的需要", "接纳我并不乐意听到的回答"]}
2025-11-27 19:34:03,869 [INFO] ✅ 关系抽取成功: 共 1 个关系
2025-11-27 19:34:03,869 [INFO]    完整结果:
{"提出": [], "包含": [], "应用": [{"subject": "非暴力沟通", "object": "工作中"}], "来源": [], "解释": [], "相关": [], "导致": [], "影响": []}
2025-11-27 19:34:03,869 [INFO] 
📊 进度统计:
2025-11-27 19:34:03,869 [INFO]    已处理批次: 66/693 (9.5%)
2025-11-27 19:34:03,869 [INFO]    已处理段落: 330/3465
2025-11-27 19:34:03,869 [INFO]    成功: 66, 失败: 0
2025-11-27 19:34:03,869 [INFO]    已用时: 10.3 分钟
2025-11-27 19:34:03,869 [INFO]    预计剩余: 98.0 分钟
2025-11-27 19:34:03,869 [INFO]    预计总时间: 108.3 分钟
2025-11-27 19:34:03,869 [INFO] 
================================================================================
2025-11-27 19:34:03,869 [INFO] 处理第 67/693 批 (段落 331-335)
2025-11-27 19:34:03,869 [INFO] ================================================================================
2025-11-27 19:34:03,869 [INFO] 📄 本批段落数: 5
2025-11-27 19:34:03,869 [INFO] 📄 合并文本长度: 161 字符
2025-11-27 19:34:03,869 [INFO] 📄 完整文本:
我在特殊教育班级中应用非暴力沟通已经一年了，它同样适用于那

些有着表达迟缓、学习困难和行为问题的学生。我的班级里有一位学

生，当有人靠近他的课桌时，他会吐口水、骂人、尖叫、用铅笔戳他

们。我提醒他：‘请换一种方式表达，使用你的长颈鹿语言[2]。’（我

在课堂中使用长颈鹿玩偶作为示范非暴力沟通的辅助教具。）他立刻笔
2025-11-27 19:34:03,869 [INFO] --------------------------------------------------------------------------------
2025-11-27 19:34:09,165 [INFO] ✅ 实体抽取成功: 共 4 个实体
2025-11-27 19:34:09,166 [INFO]    完整结果:
{"人物": [], "概念": [], "方法": ["非暴力沟通"], "理论": [], "组织": [], "书籍": [], "情绪": [], "行为": ["吐口水", "骂人", "尖叫"]}
2025-11-27 19:34:14,841 [INFO] ✅ 关系抽取成功: 共 1 个关系
2025-11-27 19:34:14,841 [INFO]    完整结果:
{"提出": [], "包含": [], "应用": [{"subject": "非暴力沟通", "object": "特殊教育班级"}], "来源": [], "解释": [], "相关": [], "导致": [], "影响": []}
2025-11-27 19:34:14,841 [INFO] 
📊 进度统计:
2025-11-27 19:34:14,841 [INFO]    已处理批次: 67/693 (9.7%)
2025-11-27 19:34:14,841 [INFO]    已处理段落: 335/3465
2025-11-27 19:34:14,841 [INFO]    成功: 67, 失败: 0
2025-11-27 19:34:14,841 [INFO]    已用时: 10.5 分钟
2025-11-27 19:34:14,841 [INFO]    预计剩余: 98.1 分钟
2025-11-27 19:34:14,841 [INFO]    预计总时间: 108.6 分钟
2025-11-27 19:34:14,841 [INFO] 
================================================================================
2025-11-27 19:34:14,841 [INFO] 处理第 68/693 批 (段落 336-340)
2025-11-27 19:34:14,841 [INFO] ================================================================================
2025-11-27 19:34:14,841 [INFO] 📄 本批段落数: 5
2025-11-27 19:34:14,841 [INFO] 📄 合并文本长度: 161 字符
2025-11-27 19:34:14,841 [INFO] 📄 完整文本:
挺地站起来，看着那个让他生气的学生，平静地说：‘当你靠我那么近

时，我感到生气。可以请你离我的桌子远点吗？’另一名学生也许会回

我也开始思考如何应对这个孩子带给我的挫败感。我想探索，除了

和谐与秩序，我还有什么需要。我意识到，自己投入了许多时间备课，

可为了管理课堂纪律，我无法施展我想要实现的创造性与贡献，也没能
2025-11-27 19:34:14,841 [INFO] --------------------------------------------------------------------------------
2025-11-27 19:34:18,952 [INFO] ✅ 实体抽取成功: 共 3 个实体
2025-11-27 19:34:18,952 [INFO]    完整结果:
{"人物": [], "概念": [], "方法": [], "理论": [], "组织": [], "书籍": [], "情绪": ["生气", "挫败感"], "行为": ["站起来"]}
2025-11-27 19:34:22,073 [INFO] ✅ 关系抽取成功: 共 0 个关系
2025-11-27 19:34:22,073 [INFO]    完整结果:
{"提出": [], "包含": [], "应用": [], "来源": [], "解释": [], "相关": [], "导致": [], "影响": []}
2025-11-27 19:34:22,073 [INFO] 
📊 进度统计:
2025-11-27 19:34:22,073 [INFO]    已处理批次: 68/693 (9.8%)
2025-11-27 19:34:22,073 [INFO]    已处理段落: 340/3465
2025-11-27 19:34:22,073 [INFO]    成功: 68, 失败: 0
2025-11-27 19:34:22,073 [INFO]    已用时: 10.6 分钟
2025-11-27 19:34:22,073 [INFO]    预计剩余: 97.6 分钟
2025-11-27 19:34:22,073 [INFO]    预计总时间: 108.2 分钟
2025-11-27 19:34:22,073 [INFO] 
================================================================================
2025-11-27 19:34:22,073 [INFO] 处理第 69/693 批 (段落 341-345)
2025-11-27 19:34:22,073 [INFO] ================================================================================
2025-11-27 19:34:22,073 [INFO] 📄 本批段落数: 5
2025-11-27 19:34:22,073 [INFO] 📄 合并文本长度: 162 字符
2025-11-27 19:34:22,073 [INFO] 📄 完整文本:
照顾到其他孩子的学习。当这个孩子再次在课堂中发生不当行为时，我

就告诉他，‘我希望你能注意听我讲’。也许一天中要提醒他100次，

我越来越多地在医疗工作中使用非暴力沟通。有的病人问我是否是

心理医生，因为医生通常并不关心患者的生活方式和对疾病的态度。非

暴力沟通帮助我理解病人的需要以及特定时刻他们想要听些什么。我发
2025-11-27 19:34:22,073 [INFO] --------------------------------------------------------------------------------
2025-11-27 19:34:25,981 [INFO] ✅ 实体抽取成功: 共 2 个实体
2025-11-27 19:34:25,982 [INFO]    完整结果:
{"人物": [], "概念": [], "方法": ["非暴力沟通"], "理论": [], "组织": [], "书籍": [], "情绪": [], "行为": ["不当行为"]}
2025-11-27 19:34:31,103 [INFO] ✅ 关系抽取成功: 共 1 个关系
2025-11-27 19:34:31,104 [INFO]    完整结果:
{"提出": [], "包含": [], "应用": [{"subject": "非暴力沟通", "object": "医疗工作中"}], "来源": [], "解释": [], "相关": [], "导致": [], "影响": []}
2025-11-27 19:34:31,104 [INFO] 
📊 进度统计:
2025-11-27 19:34:31,104 [INFO]    已处理批次: 69/693 (10.0%)
2025-11-27 19:34:31,104 [INFO]    已处理段落: 345/3465
2025-11-27 19:34:31,104 [INFO]    成功: 69, 失败: 0
2025-11-27 19:34:31,104 [INFO]    已用时: 10.8 分钟
2025-11-27 19:34:31,104 [INFO]    预计剩余: 97.4 分钟
2025-11-27 19:34:31,104 [INFO]    预计总时间: 108.2 分钟
2025-11-27 19:34:31,104 [INFO] 
================================================================================
2025-11-27 19:34:31,104 [INFO] 处理第 70/693 批 (段落 346-350)
2025-11-27 19:34:31,104 [INFO] ================================================================================
2025-11-27 19:34:31,104 [INFO] 📄 本批段落数: 5
2025-11-27 19:34:31,104 [INFO] 📄 合并文本长度: 162 字符
2025-11-27 19:34:31,104 [INFO] 📄 完整文本:
现这对治疗白血病和艾滋病感染者格外有用，由于他们带着强烈的愤怒

与痛苦，医患沟通通常存在极大的阻力。有一位女性艾滋感染者在过去

五年中接受我的治疗，最近，她告诉我，我努力帮助她寻找生活的乐

趣，是她得到的最大帮助。非暴力沟通功不可没！而在过去，当我知道

病人得了不治之症，便满脑子只想着病情会如何发展，而很难真诚地鼓
2025-11-27 19:34:31,104 [INFO] --------------------------------------------------------------------------------
2025-11-27 19:34:35,029 [INFO] ✅ 实体抽取成功: 共 2 个实体
2025-11-27 19:34:35,030 [INFO]    完整结果:
{"人物": [], "概念": [], "方法": ["非暴力沟通"], "理论": [], "组织": [], "书籍": [], "情绪": ["愤怒"], "行为": []}
2025-11-27 19:34:41,378 [INFO] ✅ 关系抽取成功: 共 1 个关系
2025-11-27 19:34:41,378 [INFO]    完整结果:
{"提出": [], "包含": [], "应用": [{"subject": "非暴力沟通", "object": "治疗白血病和艾滋病感染者"}], "来源": [], "解释": [], "相关": [], "导致": [], "影响": []}
2025-11-27 19:34:41,378 [INFO] 
📊 进度统计:
2025-11-27 19:34:41,378 [INFO]    已处理批次: 70/693 (10.1%)
2025-11-27 19:34:41,378 [INFO]    已处理段落: 350/3465
2025-11-27 19:34:41,378 [INFO]    成功: 70, 失败: 0
2025-11-27 19:34:41,378 [INFO]    已用时: 10.9 分钟
2025-11-27 19:34:41,378 [INFO]    预计剩余: 97.4 分钟
2025-11-27 19:34:41,378 [INFO]    预计总时间: 108.3 分钟
2025-11-27 19:34:41,378 [INFO] 
================================================================================
2025-11-27 19:34:41,378 [INFO] 处理第 71/693 批 (段落 351-355)
2025-11-27 19:34:41,378 [INFO] ================================================================================
2025-11-27 19:34:41,378 [INFO] 📄 本批段落数: 5
2025-11-27 19:34:41,378 [INFO] 📄 合并文本长度: 155 字符
2025-11-27 19:34:41,378 [INFO] 📄 完整文本:
励他们好好生活。通过非暴力沟通，我发展了新的语言模式，同时也获

得了新的意识状态。它与我的医疗工作相辅相成，令我惊喜不已。将非

暴力沟通运用到工作中，让我感到精力充沛并乐在其中。

法国的一位内阁部长在探望她的妹妹时，注意到妹妹和妹夫之间的

沟通与从前很不一样。听了他们对非暴力沟通的介绍，她深受鼓舞，随
2025-11-27 19:34:41,378 [INFO] --------------------------------------------------------------------------------
2025-11-27 19:34:45,153 [INFO] ✅ 实体抽取成功: 共 2 个实体
2025-11-27 19:34:45,153 [INFO]    完整结果:
{"人物": [], "概念": ["非暴力沟通"], "方法": [], "理论": [], "组织": ["内阁"], "书籍": [], "情绪": [], "行为": []}
2025-11-27 19:34:50,237 [INFO] ✅ 关系抽取成功: 共 1 个关系
2025-11-27 19:34:50,237 [INFO]    完整结果:
{"提出": [], "包含": [], "应用": [{"subject": "非暴力沟通", "object": "医疗工作"}], "来源": [], "解释": [], "相关": [], "导致": [], "影响": []}
2025-11-27 19:34:50,237 [INFO] 
📊 进度统计:
2025-11-27 19:34:50,237 [INFO]    已处理批次: 71/693 (10.2%)
2025-11-27 19:34:50,237 [INFO]    已处理段落: 355/3465
2025-11-27 19:34:50,237 [INFO]    成功: 71, 失败: 0
2025-11-27 19:34:50,237 [INFO]    已用时: 11.1 分钟
2025-11-27 19:34:50,237 [INFO]    预计剩余: 97.1 分钟
2025-11-27 19:34:50,237 [INFO]    预计总时间: 108.2 分钟
2025-11-27 19:34:50,237 [INFO] 
================================================================================
2025-11-27 19:34:50,237 [INFO] 处理第 72/693 批 (段落 356-360)
2025-11-27 19:34:50,237 [INFO] ================================================================================
2025-11-27 19:34:50,237 [INFO] 📄 本批段落数: 5
2025-11-27 19:34:50,237 [INFO] 📄 合并文本长度: 159 字符
2025-11-27 19:34:50,237 [INFO] 📄 完整文本:
即提到下周她将要参与的一场谈判会议，涉及法国与阿尔及利亚之间有

关收养程序的敏感话题。尽管时间紧迫，我们还是派了一位说法语的培

训师前往巴黎协助这位内阁部长工作。后来她将此次谈判的成功归功于

在耶路撒冷，有着不同政治立场的以色列人共同参加了一次工作

坊，他们用非暴力沟通的方式对有高度争议的约旦河西岸问题发表意
2025-11-27 19:34:50,237 [INFO] --------------------------------------------------------------------------------
2025-11-27 19:34:54,289 [INFO] ✅ 实体抽取成功: 共 2 个实体
2025-11-27 19:34:54,289 [INFO]    完整结果:
{"人物": [], "概念": [], "方法": ["非暴力沟通"], "理论": [], "组织": ["内阁"], "书籍": [], "情绪": [], "行为": []}
2025-11-27 19:34:57,555 [INFO] ✅ 关系抽取成功: 共 0 个关系
2025-11-27 19:34:57,555 [INFO]    完整结果:
{"提出": [], "包含": [], "应用": [], "来源": [], "解释": [], "相关": [], "导致": [], "影响": []}
2025-11-27 19:34:57,555 [INFO] 
📊 进度统计:
2025-11-27 19:34:57,555 [INFO]    已处理批次: 72/693 (10.4%)
2025-11-27 19:34:57,555 [INFO]    已处理段落: 360/3465
2025-11-27 19:34:57,555 [INFO]    成功: 72, 失败: 0
2025-11-27 19:34:57,555 [INFO]    已用时: 11.2 分钟
2025-11-27 19:34:57,555 [INFO]    预计剩余: 96.7 分钟
2025-11-27 19:34:57,555 [INFO]    预计总时间: 107.9 分钟
2025-11-27 19:34:57,555 [INFO] 
================================================================================
2025-11-27 19:34:57,555 [INFO] 处理第 73/693 批 (段落 361-365)
2025-11-27 19:34:57,555 [INFO] ================================================================================
2025-11-27 19:34:57,555 [INFO] 📄 本批段落数: 5
2025-11-27 19:34:57,555 [INFO] 📄 合并文本长度: 164 字符
2025-11-27 19:34:57,555 [INFO] 📄 完整文本:
见。许多在西岸地区安家的以色列人相信他们的行为是在行使宗教所赋

予的权利。因此他们不仅深陷与巴勒斯坦人的冲突，还与那些认可巴勒

斯坦人在这一地区享有国土主权完整的以色列人陷入对立。在工作坊的

一个环节中，我与一名培训师示范了用非暴力沟通的方式来同理倾听，

然后邀请参与者们轮流以对方的立场做角色扮演。20分钟之后，一位西
2025-11-27 19:34:57,555 [INFO] --------------------------------------------------------------------------------
2025-11-27 19:35:01,881 [INFO] ✅ 实体抽取成功: 共 2 个实体
2025-11-27 19:35:01,882 [INFO]    完整结果:
{"人物": [], "概念": [], "方法": ["非暴力沟通"], "理论": [], "组织": [], "书籍": [], "情绪": [], "行为": ["角色扮演"]}
2025-11-27 19:35:05,269 [INFO] ✅ 关系抽取成功: 共 0 个关系
2025-11-27 19:35:05,269 [INFO]    完整结果:
{"提出": [], "包含": [], "应用": [], "来源": [], "解释": [], "相关": [], "导致": [], "影响": []}
2025-11-27 19:35:05,269 [INFO] 
📊 进度统计:
2025-11-27 19:35:05,269 [INFO]    已处理批次: 73/693 (10.5%)
2025-11-27 19:35:05,269 [INFO]    已处理段落: 365/3465
2025-11-27 19:35:05,269 [INFO]    成功: 73, 失败: 0
2025-11-27 19:35:05,269 [INFO]    已用时: 11.3 分钟
2025-11-27 19:35:05,269 [INFO]    预计剩余: 96.3 分钟
2025-11-27 19:35:05,269 [INFO]    预计总时间: 107.6 分钟
2025-11-27 19:35:05,269 [INFO] 
================================================================================
2025-11-27 19:35:05,269 [INFO] 处理第 74/693 批 (段落 366-370)
2025-11-27 19:35:05,269 [INFO] ================================================================================
2025-11-27 19:35:05,269 [INFO] 📄 本批段落数: 5
2025-11-27 19:35:05,269 [INFO] 📄 合并文本长度: 155 字符
2025-11-27 19:35:05,269 [INFO] 📄 完整文本:
岸的定居者宣布，如果她的政治对手能像这样聆听她的心声，她愿意考

虑放弃在西岸的土地产权，搬迁到国际认可的以色列领土。

在世界各地，有些地区面临着激烈的暴力冲突。对于剑拔弩张的族

群、政治或宗教关系，非暴力沟通为冲突调解提供了有效的支持。看到

非暴力沟通培训的普及以及人们使用它来调解在以色列、巴勒斯坦地
2025-11-27 19:35:05,269 [INFO] --------------------------------------------------------------------------------
2025-11-27 19:35:08,879 [INFO] ✅ 实体抽取成功: 共 1 个实体
2025-11-27 19:35:08,879 [INFO]    完整结果:
{"人物": [], "概念": [], "方法": ["非暴力沟通"], "理论": [], "组织": [], "书籍": [], "情绪": [], "行为": []}
2025-11-27 19:35:14,014 [INFO] ✅ 关系抽取成功: 共 1 个关系
2025-11-27 19:35:14,014 [INFO]    完整结果:
{"提出": [], "包含": [], "应用": [{"subject": "非暴力沟通", "object": "冲突调解"}], "来源": [], "解释": [], "相关": [], "导致": [], "影响": []}
2025-11-27 19:35:14,014 [INFO] 
📊 进度统计:
2025-11-27 19:35:14,014 [INFO]    已处理批次: 74/693 (10.7%)
2025-11-27 19:35:14,014 [INFO]    已处理段落: 370/3465
2025-11-27 19:35:14,014 [INFO]    成功: 74, 失败: 0
2025-11-27 19:35:14,014 [INFO]    已用时: 11.5 分钟
2025-11-27 19:35:14,014 [INFO]    预计剩余: 96.1 分钟
2025-11-27 19:35:14,015 [INFO]    预计总时间: 107.5 分钟
2025-11-27 19:35:14,015 [INFO] 
================================================================================
2025-11-27 19:35:14,015 [INFO] 处理第 75/693 批 (段落 371-375)
2025-11-27 19:35:14,015 [INFO] ================================================================================
2025-11-27 19:35:14,015 [INFO] 📄 本批段落数: 5
2025-11-27 19:35:14,015 [INFO] 📄 合并文本长度: 163 字符
2025-11-27 19:35:14,015 [INFO] 📄 完整文本:
区、尼日利亚、卢旺达、塞拉利昂和其他地区的冲突，我倍感欣慰。有

一次我与工作伙伴们在贝尔格莱德紧张地工作了3天，培训在那里为和

平工作的市民们。他们的国家深陷于波斯尼亚和克罗地亚之间的一场残

酷战争中。我们刚抵达时，绝望之情在他们的脸上清晰可见。随着培训

的推进，他们在发言中有了笑声，分享自己找回了渴望已久的力量，并
2025-11-27 19:35:14,015 [INFO] --------------------------------------------------------------------------------
2025-11-27 19:35:17,655 [INFO] ✅ 实体抽取成功: 共 1 个实体
2025-11-27 19:35:17,656 [INFO]    完整结果:
{"人物": [], "概念": [], "方法": [], "理论": [], "组织": [], "书籍": [], "情绪": ["绝望"], "行为": []}
2025-11-27 19:35:21,029 [INFO] ✅ 关系抽取成功: 共 0 个关系
2025-11-27 19:35:21,029 [INFO]    完整结果:
{"提出": [], "包含": [], "应用": [], "来源": [], "解释": [], "相关": [], "导致": [], "影响": []}
2025-11-27 19:35:21,029 [INFO] 
📊 进度统计:
2025-11-27 19:35:21,029 [INFO]    已处理批次: 75/693 (10.8%)
2025-11-27 19:35:21,029 [INFO]    已处理段落: 375/3465
2025-11-27 19:35:21,029 [INFO]    成功: 75, 失败: 0
2025-11-27 19:35:21,029 [INFO]    已用时: 11.6 分钟
2025-11-27 19:35:21,029 [INFO]    预计剩余: 95.6 分钟
2025-11-27 19:35:21,029 [INFO]    预计总时间: 107.2 分钟
2025-11-27 19:35:21,029 [INFO] 
================================================================================
2025-11-27 19:35:21,030 [INFO] 处理第 76/693 批 (段落 376-380)
2025-11-27 19:35:21,030 [INFO] ================================================================================
2025-11-27 19:35:21,030 [INFO] 📄 本批段落数: 5
2025-11-27 19:35:21,030 [INFO] 📄 合并文本长度: 159 字符
2025-11-27 19:35:21,030 [INFO] 📄 完整文本:
为此深感喜悦和感激。接下来的两周，在克罗地亚、以色列以及巴勒斯

坦的工作坊中，我们不断见证着——通过非暴力沟通，那些饱受战争摧

能有机会在世界各地教授非暴力沟通，见证它为人们带来力量和喜

悦，我深感幸运。此刻，我为能通过此书与大家分享非暴力沟通的丰富

非暴力沟通帮助我们与他人和自己建立连结，使我们得以流露与生
2025-11-27 19:35:21,030 [INFO] --------------------------------------------------------------------------------
2025-11-27 19:35:25,576 [INFO] ✅ 实体抽取成功: 共 3 个实体
2025-11-27 19:35:25,576 [INFO]    完整结果:
{"人物": [], "概念": [], "方法": ["非暴力沟通"], "理论": [], "组织": [], "书籍": [], "情绪": ["喜悦", "感激"], "行为": []}
2025-11-27 19:35:31,252 [INFO] ✅ 关系抽取成功: 共 1 个关系
2025-11-27 19:35:31,252 [INFO]    完整结果:
{"提出": [], "包含": [], "应用": [{"subject": "非暴力沟通", "object": "建立连结"}], "来源": [], "解释": [], "相关": [], "导致": [], "影响": []}
2025-11-27 19:35:31,252 [INFO] 
📊 进度统计:
2025-11-27 19:35:31,252 [INFO]    已处理批次: 76/693 (11.0%)
2025-11-27 19:35:31,253 [INFO]    已处理段落: 380/3465
2025-11-27 19:35:31,253 [INFO]    成功: 76, 失败: 0
2025-11-27 19:35:31,253 [INFO]    已用时: 11.8 分钟
2025-11-27 19:35:31,253 [INFO]    预计剩余: 95.6 分钟
2025-11-27 19:35:31,253 [INFO]    预计总时间: 107.3 分钟
2025-11-27 19:35:31,253 [INFO] 
================================================================================
2025-11-27 19:35:31,253 [INFO] 处理第 77/693 批 (段落 381-385)
2025-11-27 19:35:31,253 [INFO] ================================================================================
2025-11-27 19:35:31,253 [INFO] 📄 本批段落数: 5
2025-11-27 19:35:31,253 [INFO] 📄 合并文本长度: 152 字符
2025-11-27 19:35:31,253 [INFO] 📄 完整文本:
俱来的慈悲之心。它指引我们通过将注意力聚焦在观察、感受、需要和

请求这四个要素，来重新构建表达和聆听的方式。

非暴力沟通培育深度倾听的能力，让我们带着尊重和同理心对待他

人，并且发自内心地相互给予。用非暴力沟通的方式，有的人学会了爱

自己，有的人在人际关系中创造了更深厚的连结，有的人在工作或政治
2025-11-27 19:35:31,253 [INFO] --------------------------------------------------------------------------------
2025-11-27 19:35:35,392 [INFO] ✅ 实体抽取成功: 共 3 个实体
2025-11-27 19:35:35,392 [INFO]    完整结果:
{"人物": [], "概念": ["非暴力沟通"], "方法": [], "理论": [], "组织": [], "书籍": [], "情绪": ["慈悲之心"], "行为": ["倾听"]}
2025-11-27 19:35:40,266 [INFO] ✅ 关系抽取成功: 共 1 个关系
2025-11-27 19:35:40,267 [INFO]    完整结果:
{"提出": [], "包含": [{"subject": "非暴力沟通", "object": "深度倾听"}], "应用": [], "来源": [], "解释": [], "相关": [], "导致": [], "影响": []}
2025-11-27 19:35:40,267 [INFO] 
📊 进度统计:
2025-11-27 19:35:40,267 [INFO]    已处理批次: 77/693 (11.1%)
2025-11-27 19:35:40,267 [INFO]    已处理段落: 385/3465
2025-11-27 19:35:40,267 [INFO]    成功: 77, 失败: 0
2025-11-27 19:35:40,267 [INFO]    已用时: 11.9 分钟
2025-11-27 19:35:40,267 [INFO]    预计剩余: 95.4 分钟
2025-11-27 19:35:40,267 [INFO]    预计总时间: 107.3 分钟
2025-11-27 19:35:40,267 [INFO] 
================================================================================
2025-11-27 19:35:40,267 [INFO] 处理第 78/693 批 (段落 386-390)
2025-11-27 19:35:40,267 [INFO] ================================================================================
2025-11-27 19:35:40,267 [INFO] 📄 本批段落数: 5
2025-11-27 19:35:40,267 [INFO] 📄 合并文本长度: 160 字符
2025-11-27 19:35:40,267 [INFO] 📄 完整文本:
领域中建立了更有效的关系。在世界各地，非暴力沟通还被用来调和各

本书的“非暴力沟通实例”，旨在让读者体会非暴力沟通在实际生

活中的应用。不过，非暴力沟通并不只是一种语言或是一套说话的技

巧。人们也能通过静默、临在的状态以及面部表情和肢体语言来表达意

识和用意。这里的实例是实际对话的摘要和删节版。在实际交流中，无
2025-11-27 19:35:40,267 [INFO] --------------------------------------------------------------------------------
2025-11-27 19:35:46,100 [INFO] ✅ 实体抽取成功: 共 5 个实体
2025-11-27 19:35:46,100 [INFO]    完整结果:
{"人物": [], "概念": ["非暴力沟通"], "方法": [], "理论": [], "组织": [], "书籍": ["非暴力沟通实例"], "情绪": [], "行为": ["静默", "面部表情", "肢体语言"]}
2025-11-27 19:35:57,840 [INFO] ✅ 关系抽取成功: 共 4 个关系
2025-11-27 19:35:57,840 [INFO]    完整结果:
{"提出": [], "包含": [{"subject": "非暴力沟通", "object": "静默"}, {"subject": "非暴力沟通", "object": "面部表情"}, {"subject": "非暴力沟通", "object": "肢体语言"}], "应用": [{"subject": "非暴力沟通", "object": "调和各"}], "来源": [], "解释": [], "相关": [], "导致": [], "影响": []}
2025-11-27 19:35:57,840 [INFO] 
📊 进度统计:
2025-11-27 19:35:57,840 [INFO]    已处理批次: 78/693 (11.3%)
2025-11-27 19:35:57,841 [INFO]    已处理段落: 390/3465
2025-11-27 19:35:57,841 [INFO]    成功: 78, 失败: 0
2025-11-27 19:35:57,841 [INFO]    已用时: 12.2 分钟
2025-11-27 19:35:57,841 [INFO]    预计剩余: 96.3 分钟
2025-11-27 19:35:57,841 [INFO]    预计总时间: 108.5 分钟
2025-11-27 19:35:57,841 [INFO] 
================================================================================
2025-11-27 19:35:57,841 [INFO] 处理第 79/693 批 (段落 391-395)
2025-11-27 19:35:57,841 [INFO] ================================================================================
2025-11-27 19:35:57,841 [INFO] 📄 本批段落数: 5
2025-11-27 19:35:57,841 [INFO] 📄 合并文本长度: 162 字符
2025-11-27 19:35:57,841 [INFO] 📄 完整文本:
声的同理倾听、讲故事、幽默的语言、姿态……都能让双方的连结更自

我曾在伯利恒一处难民营的清真寺里，向170多位巴勒斯坦穆斯林

男子介绍非暴力沟通。演说中，我突然注意到听众席中传来一阵低声的

骚动。“他们在暗暗说你是美国人！”我的翻译刚警告完我，一名男子

就从台下冲到他跟前，径直面向我使劲喊道：“杀人犯！”瞬即，许多
2025-11-27 19:35:57,841 [INFO] --------------------------------------------------------------------------------
2025-11-27 19:36:03,463 [INFO] ✅ 实体抽取成功: 共 4 个实体
2025-11-27 19:36:03,463 [INFO]    完整结果:
{"人物": [], "概念": [], "方法": ["非暴力沟通"], "理论": [], "组织": [], "书籍": [], "情绪": [], "行为": ["讲故事", "幽默的语言", "姿态"]}
2025-11-27 19:36:09,241 [INFO] ✅ 关系抽取成功: 共 1 个关系
2025-11-27 19:36:09,241 [INFO]    完整结果:
{"提出": [], "包含": [], "应用": [{"subject": "非暴力沟通", "object": "男子"}], "来源": [], "解释": [], "相关": [], "导致": [], "影响": []}
2025-11-27 19:36:09,241 [INFO] 
📊 进度统计:
2025-11-27 19:36:09,242 [INFO]    已处理批次: 79/693 (11.4%)
2025-11-27 19:36:09,242 [INFO]    已处理段落: 395/3465
2025-11-27 19:36:09,242 [INFO]    成功: 79, 失败: 0
2025-11-27 19:36:09,242 [INFO]    已用时: 12.4 分钟
2025-11-27 19:36:09,242 [INFO]    预计剩余: 96.4 分钟
2025-11-27 19:36:09,242 [INFO]    预计总时间: 108.8 分钟
2025-11-27 19:36:09,242 [INFO] 
================================================================================
2025-11-27 19:36:09,242 [INFO] 处理第 80/693 批 (段落 396-400)
2025-11-27 19:36:09,242 [INFO] ================================================================================
2025-11-27 19:36:09,242 [INFO] 📄 本批段落数: 5
2025-11-27 19:36:09,242 [INFO] 📄 合并文本长度: 157 字符
2025-11-27 19:36:09,242 [INFO] 📄 完整文本:
人大声附和道：“凶手！”“杀孩子的刽子手！”“杀人犯！”

幸好，我努力让自己全神贯注地体会那名男子当时的感受和需要。

来难民营的途中，我看到许多前一天晚上射入难民营的催泪弹弹壳，每

只弹筒上“美国制造”这几个字清晰可见。我理解难民们对美国向以色

马歇尔：你很生气，是因为你希望我的政府能改变使用资源的方式是
2025-11-27 19:36:09,242 [INFO] --------------------------------------------------------------------------------
2025-11-27 19:36:13,467 [INFO] ✅ 实体抽取成功: 共 2 个实体
2025-11-27 19:36:13,468 [INFO]    完整结果:
{"人物": ["马歇尔"], "概念": [], "方法": [], "理论": [], "组织": [], "书籍": [], "情绪": ["生气"], "行为": []}
2025-11-27 19:36:16,862 [INFO] ✅ 关系抽取成功: 共 0 个关系
2025-11-27 19:36:16,862 [INFO]    完整结果:
{"提出": [], "包含": [], "应用": [], "来源": [], "解释": [], "相关": [], "导致": [], "影响": []}
2025-11-27 19:36:16,862 [INFO] 
📊 进度统计:
2025-11-27 19:36:16,862 [INFO]    已处理批次: 80/693 (11.5%)
2025-11-27 19:36:16,862 [INFO]    已处理段落: 400/3465
2025-11-27 19:36:16,862 [INFO]    成功: 80, 失败: 0
2025-11-27 19:36:16,862 [INFO]    已用时: 12.5 分钟
2025-11-27 19:36:16,862 [INFO]    预计剩余: 96.0 分钟
2025-11-27 19:36:16,862 [INFO]    预计总时间: 108.6 分钟
2025-11-27 19:36:16,862 [INFO] 
================================================================================
2025-11-27 19:36:16,862 [INFO] 处理第 81/693 批 (段落 401-405)
2025-11-27 19:36:16,862 [INFO] ================================================================================
2025-11-27 19:36:16,862 [INFO] 📄 本批段落数: 5
2025-11-27 19:36:16,862 [INFO] 📄 合并文本长度: 162 字符
2025-11-27 19:36:16,862 [INFO] 📄 完整文本:
吗？（我并不知道我的猜测是否准确，但重要的是，我诚恳而努力地体

男 子：天杀的，我当然生气！难道你认为我们需要催泪弹？我们需要

排水管，而不是催泪弹！我们需要房子！我们需要有自己的国家！

马歇尔：所以，你很愤怒，你希望得到支持来改善你们的生活条件，并

男 子：你知道我和家人、孩子还有所有人在这里住了27年是什么滋味
2025-11-27 19:36:16,862 [INFO] --------------------------------------------------------------------------------
2025-11-27 19:36:20,881 [INFO] ✅ 实体抽取成功: 共 2 个实体
2025-11-27 19:36:20,881 [INFO]    完整结果:
{"人物": ["马歇尔"], "概念": [], "方法": [], "理论": [], "组织": [], "书籍": [], "情绪": ["生气"], "行为": []}
2025-11-27 19:36:24,111 [INFO] ✅ 关系抽取成功: 共 0 个关系
2025-11-27 19:36:24,111 [INFO]    完整结果:
{"提出": [], "包含": [], "应用": [], "来源": [], "解释": [], "相关": [], "导致": [], "影响": []}
2025-11-27 19:36:24,111 [INFO] 
📊 进度统计:
2025-11-27 19:36:24,111 [INFO]    已处理批次: 81/693 (11.7%)
2025-11-27 19:36:24,111 [INFO]    已处理段落: 405/3465
2025-11-27 19:36:24,111 [INFO]    成功: 81, 失败: 0
2025-11-27 19:36:24,111 [INFO]    已用时: 12.7 分钟
2025-11-27 19:36:24,111 [INFO]    预计剩余: 95.6 分钟
2025-11-27 19:36:24,111 [INFO]    预计总时间: 108.2 分钟
2025-11-27 19:36:24,111 [INFO] 
================================================================================
2025-11-27 19:36:24,111 [INFO] 处理第 82/693 批 (段落 406-410)
2025-11-27 19:36:24,111 [INFO] ================================================================================
2025-11-27 19:36:24,111 [INFO] 📄 本批段落数: 5
2025-11-27 19:36:24,111 [INFO] 📄 合并文本长度: 156 字符
2025-11-27 19:36:24,111 [INFO] 📄 完整文本:
吗？你能想象这对我们意味着什么吗，哪怕只是一点点？

马歇尔：听起来，你感到非常绝望，你想知道，我或者别人是否能够真

男 子：你想来理解吗？告诉我，你有孩子吗？他们有学上吗？他们有

玩耍的操场吗？我的儿子病了！他在水沟里玩耍！他的教室里没有课

马歇尔：我听到，在这里抚养孩子，对你来说是多么痛苦。你希望我知
2025-11-27 19:36:24,111 [INFO] --------------------------------------------------------------------------------
2025-11-27 19:36:28,055 [INFO] ✅ 实体抽取成功: 共 2 个实体
2025-11-27 19:36:28,055 [INFO]    完整结果:
{"人物": ["马歇尔"], "概念": [], "方法": [], "理论": [], "组织": [], "书籍": [], "情绪": ["绝望"], "行为": []}
2025-11-27 19:36:31,189 [INFO] ✅ 关系抽取成功: 共 0 个关系
2025-11-27 19:36:31,189 [INFO]    完整结果:
{"提出": [], "包含": [], "应用": [], "来源": [], "解释": [], "相关": [], "导致": [], "影响": []}
2025-11-27 19:36:31,190 [INFO] 
📊 进度统计:
2025-11-27 19:36:31,190 [INFO]    已处理批次: 82/693 (11.8%)
2025-11-27 19:36:31,190 [INFO]    已处理段落: 410/3465
2025-11-27 19:36:31,190 [INFO]    成功: 82, 失败: 0
2025-11-27 19:36:31,190 [INFO]    已用时: 12.8 分钟
2025-11-27 19:36:31,190 [INFO]    预计剩余: 95.2 分钟
2025-11-27 19:36:31,190 [INFO]    预计总时间: 107.9 分钟
2025-11-27 19:36:31,190 [INFO] 
================================================================================
2025-11-27 19:36:31,190 [INFO] 处理第 83/693 批 (段落 411-415)
2025-11-27 19:36:31,190 [INFO] ================================================================================
2025-11-27 19:36:31,190 [INFO] 📄 本批段落数: 5
2025-11-27 19:36:31,190 [INFO] 📄 合并文本长度: 154 字符
2025-11-27 19:36:31,190 [INFO] 📄 完整文本:
道，你所要的是每一个父母都想给孩子的——好的教育、玩耍的机会、

男 子：是的，就这些基本的东西！你们美国人不是说这是人权吗？何

不让更多的美国人来这里看看，你们把什么样的人权带到了这里！

马歇尔：你希望更多的美国人意识到这里的人们所忍受的煎熬，并能更

深地认识到我们的政治行动对你们造成的影响，是吗？
2025-11-27 19:36:31,190 [INFO] --------------------------------------------------------------------------------
2025-11-27 19:36:34,946 [INFO] ✅ 实体抽取成功: 共 2 个实体
2025-11-27 19:36:34,946 [INFO]    完整结果:
{"人物": ["马歇尔"], "概念": ["人权"], "方法": [], "理论": [], "组织": [], "书籍": [], "情绪": [], "行为": []}
2025-11-27 19:36:38,054 [INFO] ✅ 关系抽取成功: 共 0 个关系
2025-11-27 19:36:38,054 [INFO]    完整结果:
{"提出": [], "包含": [], "应用": [], "来源": [], "解释": [], "相关": [], "导致": [], "影响": []}
2025-11-27 19:36:38,054 [INFO] 
📊 进度统计:
2025-11-27 19:36:38,054 [INFO]    已处理批次: 83/693 (12.0%)
2025-11-27 19:36:38,054 [INFO]    已处理段落: 415/3465
2025-11-27 19:36:38,054 [INFO]    成功: 83, 失败: 0
2025-11-27 19:36:38,054 [INFO]    已用时: 12.9 分钟
2025-11-27 19:36:38,054 [INFO]    预计剩余: 94.7 分钟
2025-11-27 19:36:38,054 [INFO]    预计总时间: 107.6 分钟
2025-11-27 19:36:38,054 [INFO] 
================================================================================
2025-11-27 19:36:38,054 [INFO] 处理第 84/693 批 (段落 416-420)
2025-11-27 19:36:38,054 [INFO] ================================================================================
2025-11-27 19:36:38,054 [INFO] 📄 本批段落数: 5
2025-11-27 19:36:38,055 [INFO] 📄 合并文本长度: 149 字符
2025-11-27 19:36:38,055 [INFO] 📄 完整文本:
我们的对话就这样进行了20多分钟，他一直在表达痛苦，而我持续

地聆听每一句话背后所包含的感受和需要。我不表达认同或不认同，也

不将他的话当作攻击。在我看来，这是一份来自人类同胞的礼物：这个

人和我分享的，是他的灵魂以及他深深的脆弱。

当他感受到被我充分理解后，他开始愿意听我解释来难民营的目
2025-11-27 19:36:38,055 [INFO] --------------------------------------------------------------------------------
2025-11-27 19:36:42,102 [INFO] ✅ 实体抽取成功: 共 4 个实体
2025-11-27 19:36:42,102 [INFO]    完整结果:
{"人物": [], "概念": [], "方法": [], "理论": [], "组织": [], "书籍": [], "情绪": ["痛苦"], "行为": ["倾听", "分享", "理解"]}
2025-11-27 19:36:45,212 [INFO] ✅ 关系抽取成功: 共 0 个关系
2025-11-27 19:36:45,213 [INFO]    完整结果:
{"提出": [], "包含": [], "应用": [], "来源": [], "解释": [], "相关": [], "导致": [], "影响": []}
2025-11-27 19:36:45,213 [INFO] 
📊 进度统计:
2025-11-27 19:36:45,213 [INFO]    已处理批次: 84/693 (12.1%)
2025-11-27 19:36:45,213 [INFO]    已处理段落: 420/3465
2025-11-27 19:36:45,213 [INFO]    成功: 84, 失败: 0
2025-11-27 19:36:45,213 [INFO]    已用时: 13.0 分钟
2025-11-27 19:36:45,213 [INFO]    预计剩余: 94.3 分钟
2025-11-27 19:36:45,213 [INFO]    预计总时间: 107.3 分钟
2025-11-27 19:36:45,213 [INFO] 
================================================================================
2025-11-27 19:36:45,213 [INFO] 处理第 85/693 批 (段落 421-425)
2025-11-27 19:36:45,213 [INFO] ================================================================================
2025-11-27 19:36:45,213 [INFO] 📄 本批段落数: 5
2025-11-27 19:36:45,213 [INFO] 📄 合并文本长度: 184 字符
2025-11-27 19:36:45,213 [INFO] 📄 完整文本:
的。一小时后，这位原本称我为杀人犯的男子邀请我到他家中享用了一

[1]. 译者按：在英语中Compassion一词由两部分组成，前缀com意为共

同、一起，passion的拉丁词根passio意为苦痛，compassion直译过来

是：与苦痛同在。非暴力沟通的核心过程“同理”的状态也如此：与他人

或自己当下的经验同在。故马歇尔·卢森堡博士也将非暴力沟通称作为
2025-11-27 19:36:45,213 [INFO] --------------------------------------------------------------------------------
2025-11-27 19:36:50,703 [INFO] ✅ 实体抽取成功: 共 2 个实体
2025-11-27 19:36:50,703 [INFO]    完整结果:
{"人物": ["马歇尔·卢森堡"], "概念": [], "方法": ["非暴力沟通"], "理论": [], "组织": [], "书籍": [], "情绪": [], "行为": []}
2025-11-27 19:36:57,183 [INFO] ✅ 关系抽取成功: 共 1 个关系
2025-11-27 19:36:57,183 [INFO]    完整结果:
{"提出": [], "包含": [], "应用": [], "来源": [], "解释": [{"subject": "Compassion", "object": "与苦痛同在"}], "相关": [], "导致": [], "影响": []}
2025-11-27 19:36:57,183 [INFO] 
📊 进度统计:
2025-11-27 19:36:57,183 [INFO]    已处理批次: 85/693 (12.3%)
2025-11-27 19:36:57,183 [INFO]    已处理段落: 425/3465
2025-11-27 19:36:57,183 [INFO]    成功: 85, 失败: 0
2025-11-27 19:36:57,183 [INFO]    已用时: 13.2 分钟
2025-11-27 19:36:57,183 [INFO]    预计剩余: 94.4 分钟
2025-11-27 19:36:57,183 [INFO]    预计总时间: 107.6 分钟
2025-11-27 19:36:57,183 [INFO] 
================================================================================
2025-11-27 19:36:57,183 [INFO] 处理第 86/693 批 (段落 426-430)
2025-11-27 19:36:57,183 [INFO] ================================================================================
2025-11-27 19:36:57,183 [INFO] 📄 本批段落数: 5
2025-11-27 19:36:57,183 [INFO] 📄 合并文本长度: 202 字符
2025-11-27 19:36:57,183 [INFO] 📄 完整文本:
Compassionate Communication。在中文中最能够传递compassion的词

为“慈悲”，“慈”的意思与“由衷给予”一致，而“悲”意为同感其苦，则与

同理的状态一致。在繁体版的《非暴力沟通》中，Compassionate

Communication被译为“善意沟通”。故在本版中，译者将用慈悲和善意

交替呈现英文中的Compassion。在中文中，“慈悲”一词最早由佛教翻译
2025-11-27 19:36:57,183 [INFO] --------------------------------------------------------------------------------
2025-11-27 19:37:04,503 [INFO] ✅ 实体抽取成功: 共 6 个实体
2025-11-27 19:37:04,503 [INFO]    完整结果:
{"人物": [], "概念": ["Compassionate Communication", "慈悲", "同理"], "方法": ["非暴力沟通"], "理论": [], "组织": ["佛教"], "书籍": ["《非暴力沟通》"], "情绪": [], "行为": []}
2025-11-27 19:37:10,089 [INFO] ✅ 关系抽取成功: 共 1 个关系
2025-11-27 19:37:10,089 [INFO]    完整结果:
{"提出": [], "包含": [], "应用": [], "来源": [{"subject": "慈悲", "object": "佛教"}], "解释": [], "相关": [], "导致": [], "影响": []}
2025-11-27 19:37:10,089 [INFO] 
📊 进度统计:
2025-11-27 19:37:10,089 [INFO]    已处理批次: 86/693 (12.4%)
2025-11-27 19:37:10,089 [INFO]    已处理段落: 430/3465
2025-11-27 19:37:10,089 [INFO]    成功: 86, 失败: 0
2025-11-27 19:37:10,089 [INFO]    已用时: 13.4 分钟
2025-11-27 19:37:10,089 [INFO]    预计剩余: 94.7 分钟
2025-11-27 19:37:10,089 [INFO]    预计总时间: 108.1 分钟
2025-11-27 19:37:10,089 [INFO] 
================================================================================
2025-11-27 19:37:10,090 [INFO] 处理第 87/693 批 (段落 431-435)
2025-11-27 19:37:10,090 [INFO] ================================================================================
2025-11-27 19:37:10,090 [INFO] 📄 本批段落数: 5
2025-11-27 19:37:10,090 [INFO] 📄 合并文本长度: 159 字符
2025-11-27 19:37:10,090 [INFO] 📄 完整文本:
而为大家所知晓，而这个词实际所承载的意思却是普世、一般化、超越

宗教与信仰的，这也正是马歇尔博士在非暴力沟通中所要带给大家的

[2]. 译者按：马歇尔博士在介绍非暴力沟通时使用了两个动物作为比

喻，用长颈鹿来代表非暴力沟通，豺狗来代表疏离生命的语言。

是什么使我们难以体会天性中的慈悲和善意？在研究这个议题时，
2025-11-27 19:37:10,090 [INFO] --------------------------------------------------------------------------------
2025-11-27 19:37:14,492 [INFO] ✅ 实体抽取成功: 共 2 个实体
2025-11-27 19:37:14,492 [INFO]    完整结果:
{"人物": ["马歇尔"], "概念": [], "方法": ["非暴力沟通"], "理论": [], "组织": [], "书籍": [], "情绪": [], "行为": []}
2025-11-27 19:37:20,060 [INFO] ✅ 关系抽取成功: 共 1 个关系
2025-11-27 19:37:20,061 [INFO]    完整结果:
{"提出": [], "包含": [], "应用": [], "来源": [], "解释": [{"subject": "非暴力沟通", "object": "马歇尔"}], "相关": [], "导致": [], "影响": []}
2025-11-27 19:37:20,061 [INFO] 
📊 进度统计:
2025-11-27 19:37:20,061 [INFO]    已处理批次: 87/693 (12.6%)
2025-11-27 19:37:20,061 [INFO]    已处理段落: 435/3465
2025-11-27 19:37:20,061 [INFO]    成功: 87, 失败: 0
2025-11-27 19:37:20,061 [INFO]    已用时: 13.6 分钟
2025-11-27 19:37:20,061 [INFO]    预计剩余: 94.6 分钟
2025-11-27 19:37:20,061 [INFO]    预计总时间: 108.2 分钟
2025-11-27 19:37:20,061 [INFO] 
================================================================================
2025-11-27 19:37:20,061 [INFO] 处理第 88/693 批 (段落 436-440)
2025-11-27 19:37:20,061 [INFO] ================================================================================
2025-11-27 19:37:20,061 [INFO] 📄 本批段落数: 5
2025-11-27 19:37:20,061 [INFO] 📄 合并文本长度: 154 字符
2025-11-27 19:37:20,061 [INFO] 📄 完整文本:
我发现，某些语言与表达方式造成了人们对自己和他人的暴力。我将这

道德评判是其中的一种。当他人的行为与我们的价值观不符，我们

指责、侮辱、贴标签、批评、比较、分析都是评判的形式。

苏菲派诗人鲁米曾写道：“在对与错的区分之外，有一片田野，我

将在那里遇见你。”然而，疏离生命的语言却让我们陷入充满评判的对
2025-11-27 19:37:20,061 [INFO] --------------------------------------------------------------------------------
2025-11-27 19:37:25,663 [INFO] ✅ 实体抽取成功: 共 7 个实体
2025-11-27 19:37:25,663 [INFO]    完整结果:
{"人物": ["鲁米"], "概念": [], "方法": [], "理论": [], "组织": [], "书籍": [], "情绪": [], "行为": ["指责", "侮辱", "贴标签", "批评", "比较", "分析"]}
2025-11-27 19:37:30,221 [INFO] ✅ 关系抽取成功: 共 1 个关系
2025-11-27 19:37:30,221 [INFO]    完整结果:
{"提出": [], "包含": [], "应用": [], "来源": [], "解释": [], "相关": [], "导致": [{"subject": "语言", "object": "暴力"}], "影响": []}
2025-11-27 19:37:30,221 [INFO] 
📊 进度统计:
2025-11-27 19:37:30,221 [INFO]    已处理批次: 88/693 (12.7%)
2025-11-27 19:37:30,221 [INFO]    已处理段落: 440/3465
2025-11-27 19:37:30,221 [INFO]    成功: 88, 失败: 0
2025-11-27 19:37:30,221 [INFO]    已用时: 13.8 分钟
2025-11-27 19:37:30,221 [INFO]    预计剩余: 94.6 分钟
2025-11-27 19:37:30,221 [INFO]    预计总时间: 108.3 分钟
2025-11-27 19:37:30,221 [INFO] 
================================================================================
2025-11-27 19:37:30,221 [INFO] 处理第 89/693 批 (段落 441-445)
2025-11-27 19:37:30,221 [INFO] ================================================================================
2025-11-27 19:37:30,221 [INFO] 📄 本批段落数: 5
2025-11-27 19:37:30,221 [INFO] 📄 合并文本长度: 156 字符
2025-11-27 19:37:30,221 [INFO] 📄 完整文本:
与错的世界中。这时我们关注的往往只有好与坏、正常还是不正常、负

我从小就学会了以一种看似不带个人色彩的方式说话，以免泄露自

己的内心世界。遇到不喜欢或无法理解的人和行为，我会认为是他们有

问题。如果不想做老师布置的作业，我就会说他们“刻薄”“不可理喻”；

如果塞车时有人插队，我会脱口而出：“你这混蛋！”
2025-11-27 19:37:30,221 [INFO] --------------------------------------------------------------------------------
2025-11-27 19:37:41,933 [INFO] ✅ 实体抽取成功: 共 3 个实体
2025-11-27 19:37:41,933 [INFO]    完整结果:
{"人物": [], "概念": [], "方法": [], "理论": [], "组织": [], "书籍": [], "情绪": [], "行为": ["遇到不喜欢或无法理解的人和行为，我会认为是他们有\n\n问题", "如果不想做老师布置的作业，我就会说他们“刻薄”“不可理喻”", "如果塞车时有人插队，我会脱口而出：“你这混蛋！”"]}
2025-11-27 19:37:45,079 [INFO] ✅ 关系抽取成功: 共 0 个关系
2025-11-27 19:37:45,079 [INFO]    完整结果:
{"提出": [], "包含": [], "应用": [], "来源": [], "解释": [], "相关": [], "导致": [], "影响": []}
2025-11-27 19:37:45,079 [INFO] 
📊 进度统计:
2025-11-27 19:37:45,079 [INFO]    已处理批次: 89/693 (12.8%)
2025-11-27 19:37:45,079 [INFO]    已处理段落: 445/3465
2025-11-27 19:37:45,079 [INFO]    成功: 89, 失败: 0
2025-11-27 19:37:45,079 [INFO]    已用时: 14.0 分钟
2025-11-27 19:37:45,079 [INFO]    预计剩余: 95.0 分钟
2025-11-27 19:37:45,079 [INFO]    预计总时间: 109.0 分钟
2025-11-27 19:37:45,079 [INFO] 
================================================================================
2025-11-27 19:37:45,079 [INFO] 处理第 90/693 批 (段落 446-450)
2025-11-27 19:37:45,079 [INFO] ================================================================================
2025-11-27 19:37:45,079 [INFO] 📄 本批段落数: 5
2025-11-27 19:37:45,079 [INFO] 📄 合并文本长度: 157 字符
2025-11-27 19:37:45,079 [INFO] 📄 完整文本:
使用这类语言时，我们满脑子想的都是别人哪里做得不对。同样

的，要是达不到自己的期待，我们也会这样批评自己。我们一心都在分

析和追究自己和他人有什么问题，却不曾思索自己和他人有什么需要没

如此这般，如果我的伴侣想要多一些体贴，我就会说她“要求太

多、太黏人”；可如果我想要多一些体贴，我就会说她“太冷漠、太麻
2025-11-27 19:37:45,079 [INFO] --------------------------------------------------------------------------------
2025-11-27 19:37:48,405 [INFO] ✅ 实体抽取成功: 共 1 个实体
2025-11-27 19:37:48,405 [INFO]    完整结果:
{"人物": [], "概念": [], "方法": [], "理论": [], "组织": [], "书籍": [], "情绪": [], "行为": ["批评"]}
2025-11-27 19:37:51,545 [INFO] ✅ 关系抽取成功: 共 0 个关系
2025-11-27 19:37:51,545 [INFO]    完整结果:
{"提出": [], "包含": [], "应用": [], "来源": [], "解释": [], "相关": [], "导致": [], "影响": []}
2025-11-27 19:37:51,545 [INFO] 
📊 进度统计:
2025-11-27 19:37:51,545 [INFO]    已处理批次: 90/693 (13.0%)
2025-11-27 19:37:51,545 [INFO]    已处理段落: 450/3465
2025-11-27 19:37:51,545 [INFO]    成功: 90, 失败: 0
2025-11-27 19:37:51,545 [INFO]    已用时: 14.1 分钟
2025-11-27 19:37:51,545 [INFO]    预计剩余: 94.5 分钟
2025-11-27 19:37:51,545 [INFO]    预计总时间: 108.6 分钟
2025-11-27 19:37:51,545 [INFO] 
================================================================================
2025-11-27 19:37:51,545 [INFO] 处理第 91/693 批 (段落 451-455)
2025-11-27 19:37:51,545 [INFO] ================================================================================
2025-11-27 19:37:51,545 [INFO] 📄 本批段落数: 5
2025-11-27 19:37:51,545 [INFO] 📄 合并文本长度: 158 字符
2025-11-27 19:37:51,546 [INFO] 📄 完整文本:
木”。如果同事比我更在意细节，我就会说他“挑剔、有强迫症”；反

之，如果我比他更在意细节，我就会说他“做事懒散、不严谨”。

在我看来，当我们在分析和评判时，其实都是在表达自身的价值观

和需要，但这样的表达方式却是悲剧性的，引发的是对方的防卫与抗

拒。就算他人遵从了我们，很有可能是出于恐惧、内疚或羞愧，而非发
2025-11-27 19:37:51,546 [INFO] --------------------------------------------------------------------------------
2025-11-27 19:37:57,753 [INFO] ✅ 实体抽取成功: 共 6 个实体
2025-11-27 19:37:57,753 [INFO]    完整结果:
{"人物": [], "概念": [], "方法": [], "理论": [], "组织": [], "书籍": [], "情绪": ["恐惧", "内疚", "羞愧"], "行为": ["挑剔", "有强迫症", "做事懒散、不严谨"]}
2025-11-27 19:38:00,904 [INFO] ✅ 关系抽取成功: 共 0 个关系
2025-11-27 19:38:00,904 [INFO]    完整结果:
{"提出": [], "包含": [], "应用": [], "来源": [], "解释": [], "相关": [], "导致": [], "影响": []}
2025-11-27 19:38:00,904 [INFO] 
📊 进度统计:
2025-11-27 19:38:00,904 [INFO]    已处理批次: 91/693 (13.1%)
2025-11-27 19:38:00,904 [INFO]    已处理段落: 455/3465
2025-11-27 19:38:00,905 [INFO]    成功: 91, 失败: 0
2025-11-27 19:38:00,905 [INFO]    已用时: 14.3 分钟
2025-11-27 19:38:00,905 [INFO]    预计剩余: 94.4 分钟
2025-11-27 19:38:00,905 [INFO]    预计总时间: 108.6 分钟
2025-11-27 19:38:00,905 [INFO] 
================================================================================
2025-11-27 19:38:00,905 [INFO] 处理第 92/693 批 (段落 456-460)
2025-11-27 19:38:00,905 [INFO] ================================================================================
2025-11-27 19:38:00,905 [INFO] 📄 本批段落数: 5
2025-11-27 19:38:00,905 [INFO] 📄 合并文本长度: 158 字符
2025-11-27 19:38:00,905 [INFO] 📄 完整文本:
自内心。而同时，人们这样做其实意味着他们接受了我们的评判，真是

两败俱伤。迟早有一天，我们会发现对方不再那么友好，因为由于内部

或外部压力而屈服的人们一定会心怀怨恨，他们由此失去尊严，在情绪

上付出代价，更不可能怀着善意回应我们的需要和价值观。

在这里，重要的是不要把“价值判断”与“道德评判”混为一谈。每个
2025-11-27 19:38:00,905 [INFO] --------------------------------------------------------------------------------
2025-11-27 19:38:05,020 [INFO] ✅ 实体抽取成功: 共 3 个实体
2025-11-27 19:38:05,020 [INFO]    完整结果:
{"人物": [], "概念": ["价值判断", "道德评判"], "方法": [], "理论": [], "组织": [], "书籍": [], "情绪": ["怨恨"], "行为": []}
2025-11-27 19:38:08,158 [INFO] ✅ 关系抽取成功: 共 0 个关系
2025-11-27 19:38:08,159 [INFO]    完整结果:
{"提出": [], "包含": [], "应用": [], "来源": [], "解释": [], "相关": [], "导致": [], "影响": []}
2025-11-27 19:38:08,159 [INFO] 
📊 进度统计:
2025-11-27 19:38:08,159 [INFO]    已处理批次: 92/693 (13.3%)
2025-11-27 19:38:08,159 [INFO]    已处理段落: 460/3465
2025-11-27 19:38:08,159 [INFO]    成功: 92, 失败: 0
2025-11-27 19:38:08,159 [INFO]    已用时: 14.4 分钟
2025-11-27 19:38:08,159 [INFO]    预计剩余: 94.0 分钟
2025-11-27 19:38:08,159 [INFO]    预计总时间: 108.4 分钟
2025-11-27 19:38:08,159 [INFO] 
================================================================================
2025-11-27 19:38:08,159 [INFO] 处理第 93/693 批 (段落 461-465)
2025-11-27 19:38:08,159 [INFO] ================================================================================
2025-11-27 19:38:08,159 [INFO] 📄 本批段落数: 5
2025-11-27 19:38:08,159 [INFO] 📄 合并文本长度: 163 字符
2025-11-27 19:38:08,159 [INFO] 📄 完整文本:
人都会对生命中自己所珍视的品质做出价值判断。例如，我们也许会珍

视诚实、自由、和平。价值判断反映着我们的信念——我们如何全然地

活出自己的生命的本性。对于那些不符合我们价值观的人和行为，我们

常常会做出道德评判。例如，我们也许会在和平的价值观受到冲击时

说：“暴力是不好的。杀人者很邪恶。”但如果从小学习非暴力沟通，我
2025-11-27 19:38:08,159 [INFO] --------------------------------------------------------------------------------
2025-11-27 19:38:12,961 [INFO] ✅ 实体抽取成功: 共 4 个实体
2025-11-27 19:38:12,961 [INFO]    完整结果:
{"人物": [], "概念": ["价值判断", "信念", "道德"], "方法": ["非暴力沟通"], "理论": [], "组织": [], "书籍": [], "情绪": [], "行为": []}
2025-11-27 19:38:16,088 [INFO] ✅ 关系抽取成功: 共 0 个关系
2025-11-27 19:38:16,089 [INFO]    完整结果:
{"提出": [], "包含": [], "应用": [], "来源": [], "解释": [], "相关": [], "导致": [], "影响": []}
2025-11-27 19:38:16,089 [INFO] 
📊 进度统计:
2025-11-27 19:38:16,089 [INFO]    已处理批次: 93/693 (13.4%)
2025-11-27 19:38:16,089 [INFO]    已处理段落: 465/3465
2025-11-27 19:38:16,089 [INFO]    成功: 93, 失败: 0
2025-11-27 19:38:16,089 [INFO]    已用时: 14.5 分钟
2025-11-27 19:38:16,089 [INFO]    预计剩余: 93.7 分钟
2025-11-27 19:38:16,089 [INFO]    预计总时间: 108.2 分钟
2025-11-27 19:38:16,089 [INFO] 
================================================================================
2025-11-27 19:38:16,089 [INFO] 处理第 94/693 批 (段落 466-470)
2025-11-27 19:38:16,089 [INFO] ================================================================================
2025-11-27 19:38:16,089 [INFO] 📄 本批段落数: 5
2025-11-27 19:38:16,089 [INFO] 📄 合并文本长度: 166 字符
2025-11-27 19:38:16,089 [INFO] 📄 完整文本:
们就能够清楚而直接地表达出自己的需要和价值观，而不是指责他人。

我们可以说：“对于通过暴力来解决冲突，我很担心，我希望能选择其

科罗拉多大学的心理学教授哈维（O.J.Harvey）专门研究了语言和

暴力的关系。他从许多国家的文献中随机抽取了若干样本，统计出那些

涉及道德评判的词语使用频率。研究结果显示，这类词语的使用频率越
2025-11-27 19:38:16,089 [INFO] --------------------------------------------------------------------------------
2025-11-27 19:38:21,537 [INFO] ✅ 实体抽取成功: 共 4 个实体
2025-11-27 19:38:21,537 [INFO]    完整结果:
{"人物": ["哈维", "O.J.Harvey"], "概念": [], "方法": [], "理论": [], "组织": ["科罗拉多大学"], "书籍": [], "情绪": [], "行为": ["指责"]}
2025-11-27 19:38:26,193 [INFO] ✅ 关系抽取成功: 共 1 个关系
2025-11-27 19:38:26,193 [INFO]    完整结果:
{"提出": [], "包含": [], "应用": [], "来源": [], "解释": [], "相关": [], "导致": [], "影响": [{"subject": "暴力", "object": "语言"}]}
2025-11-27 19:38:26,193 [INFO] 
📊 进度统计:
2025-11-27 19:38:26,193 [INFO]    已处理批次: 94/693 (13.6%)
2025-11-27 19:38:26,193 [INFO]    已处理段落: 470/3465
2025-11-27 19:38:26,193 [INFO]    成功: 94, 失败: 0
2025-11-27 19:38:26,193 [INFO]    已用时: 14.7 分钟
2025-11-27 19:38:26,193 [INFO]    预计剩余: 93.6 分钟
2025-11-27 19:38:26,193 [INFO]    预计总时间: 108.3 分钟
2025-11-27 19:38:26,193 [INFO] 
================================================================================
2025-11-27 19:38:26,193 [INFO] 处理第 95/693 批 (段落 471-475)
2025-11-27 19:38:26,193 [INFO] ================================================================================
2025-11-27 19:38:26,193 [INFO] 📄 本批段落数: 5
2025-11-27 19:38:26,193 [INFO] 📄 合并文本长度: 164 字符
2025-11-27 19:38:26,193 [INFO] 📄 完整文本:
高，暴力事件就越频繁。相较于那些将人分为好和坏、认为坏人应当受

到惩罚的文化，在那些关注人的需要的文化中，暴力事件也会少很多。

对此我一点也不感到意外。在美国，在儿童最有可能观看电视的时段

中，有75%的节目在播放英雄们杀人或暴打他人的情节。而这些暴力场

面往往被视为节目的“高潮”。观众之所以看得津津有味，正是因为文化
2025-11-27 19:38:26,193 [INFO] --------------------------------------------------------------------------------
2025-11-27 19:38:29,638 [INFO] ✅ 实体抽取成功: 共 1 个实体
2025-11-27 19:38:29,639 [INFO]    完整结果:
{"人物": [], "概念": [], "方法": [], "理论": [], "组织": [], "书籍": [], "情绪": [], "行为": ["暴力"]}
2025-11-27 19:38:34,684 [INFO] ✅ 关系抽取成功: 共 1 个关系
2025-11-27 19:38:34,684 [INFO]    完整结果:
{"提出": [], "包含": [], "应用": [], "来源": [], "解释": [], "相关": [], "导致": [], "影响": [{"subject": "文化", "object": "暴力事件"}]}
2025-11-27 19:38:34,684 [INFO] 
📊 进度统计:
2025-11-27 19:38:34,684 [INFO]    已处理批次: 95/693 (13.7%)
2025-11-27 19:38:34,684 [INFO]    已处理段落: 475/3465
2025-11-27 19:38:34,684 [INFO]    成功: 95, 失败: 0
2025-11-27 19:38:34,684 [INFO]    已用时: 14.8 分钟
2025-11-27 19:38:34,684 [INFO]    预计剩余: 93.3 分钟
2025-11-27 19:38:34,684 [INFO]    预计总时间: 108.2 分钟
2025-11-27 19:38:34,684 [INFO] 
================================================================================
2025-11-27 19:38:34,684 [INFO] 处理第 96/693 批 (段落 476-480)
2025-11-27 19:38:34,684 [INFO] ================================================================================
2025-11-27 19:38:34,684 [INFO] 📄 本批段落数: 5
2025-11-27 19:38:34,684 [INFO] 📄 合并文本长度: 163 字符
2025-11-27 19:38:34,684 [INFO] 📄 完整文本:
不论是发生在家庭成员、种族、国家间的语言暴力，还是心理或肢

体暴力，这些暴力的根源都是人们在遇到冲突时，认为那是对方的错，

也因而看不到彼此的脆弱。我们可以从冷战中看到这种思维的危险性。

美国的领导人将苏联视为势必要摧毁美国式生活的“邪恶帝国”，苏联领

导人则将美国人称为试图征服他们的“帝国主义压迫者”。双方都没有意
2025-11-27 19:38:34,684 [INFO] --------------------------------------------------------------------------------
2025-11-27 19:38:39,437 [INFO] ✅ 实体抽取成功: 共 3 个实体
2025-11-27 19:38:39,437 [INFO]    完整结果:
{"人物": [], "概念": [], "方法": [], "理论": [], "组织": [], "书籍": [], "情绪": [], "行为": ["语言暴力", "心理或肢\n体暴力", "征服"]}
2025-11-27 19:38:42,574 [INFO] ✅ 关系抽取成功: 共 0 个关系
2025-11-27 19:38:42,574 [INFO]    完整结果:
{"提出": [], "包含": [], "应用": [], "来源": [], "解释": [], "相关": [], "导致": [], "影响": []}
2025-11-27 19:38:42,574 [INFO] 
📊 进度统计:
2025-11-27 19:38:42,574 [INFO]    已处理批次: 96/693 (13.9%)
2025-11-27 19:38:42,574 [INFO]    已处理段落: 480/3465
2025-11-27 19:38:42,574 [INFO]    成功: 96, 失败: 0
2025-11-27 19:38:42,574 [INFO]    已用时: 15.0 分钟
2025-11-27 19:38:42,574 [INFO]    预计剩余: 93.0 分钟
2025-11-27 19:38:42,574 [INFO]    预计总时间: 108.0 分钟
2025-11-27 19:38:42,574 [INFO] 
================================================================================
2025-11-27 19:38:42,574 [INFO] 处理第 97/693 批 (段落 481-485)
2025-11-27 19:38:42,574 [INFO] ================================================================================
2025-11-27 19:38:42,574 [INFO] 📄 本批段落数: 5
2025-11-27 19:38:42,574 [INFO] 📄 合并文本长度: 169 字符
2025-11-27 19:38:42,574 [INFO] 📄 完整文本:
评判的另一种形式是做比较。在《如何让自己活得很悲惨》一书

中，作者丹·格林伯格（Dan Greenburg）诙谐地揭示了“比较”的心态是

如何暗中对我们产生作用的。他建议读者，如果真的想让自己的生活变

得悲惨，就去学着与他人做比较。在一个练习中，他展示了两张男人和

女人的全身像，他们都拥有时下媒体眼中的“完美”身材，接着，他请读
2025-11-27 19:38:42,574 [INFO] --------------------------------------------------------------------------------
2025-11-27 19:38:48,564 [INFO] ✅ 实体抽取成功: 共 4 个实体
2025-11-27 19:38:48,564 [INFO]    完整结果:
{"人物": ["丹·格林伯格", "Dan Greenburg"], "概念": [], "方法": [], "理论": [], "组织": [], "书籍": ["《如何让自己活得很悲惨》"], "情绪": [], "行为": ["做比较"]}
2025-11-27 19:38:54,426 [INFO] ✅ 关系抽取成功: 共 1 个关系
2025-11-27 19:38:54,426 [INFO]    完整结果:
{"提出": [], "包含": [], "应用": [], "来源": [{"subject": "如何让自己活得很悲惨", "object": "丹·格林伯格"}], "解释": [], "相关": [], "导致": [], "影响": []}
2025-11-27 19:38:54,426 [INFO] 
📊 进度统计:
2025-11-27 19:38:54,426 [INFO]    已处理批次: 97/693 (14.0%)
2025-11-27 19:38:54,426 [INFO]    已处理段落: 485/3465
2025-11-27 19:38:54,426 [INFO]    成功: 97, 失败: 0
2025-11-27 19:38:54,426 [INFO]    已用时: 15.2 分钟
2025-11-27 19:38:54,426 [INFO]    预计剩余: 93.1 分钟
2025-11-27 19:38:54,426 [INFO]    预计总时间: 108.3 分钟
2025-11-27 19:38:54,426 [INFO] 
================================================================================
2025-11-27 19:38:54,426 [INFO] 处理第 98/693 批 (段落 486-490)
2025-11-27 19:38:54,426 [INFO] ================================================================================
2025-11-27 19:38:54,426 [INFO] 📄 本批段落数: 5
2025-11-27 19:38:54,426 [INFO] 📄 合并文本长度: 162 字符
2025-11-27 19:38:54,427 [INFO] 📄 完整文本:
者们测量自己的身材尺寸后与照片上的数字做比较，同时用心体会两者

一旦我们开始比较，就会感到郁闷！此练习的效果绝对百发百中。

当人们以为这样已经足够郁闷时，翻到下一页的练习，便会发现刚才只

是热身罢了。由于形体美相对来说是表面的，格林伯格接着请人们针对

他们更在乎的事情——“成就”来做比较。他从电话簿中随机选出几个人
2025-11-27 19:38:54,427 [INFO] --------------------------------------------------------------------------------
2025-11-27 19:38:59,087 [INFO] ✅ 实体抽取成功: 共 5 个实体
2025-11-27 19:38:59,088 [INFO]    完整结果:
{"人物": ["格林伯格"], "概念": ["成就"], "方法": [], "理论": [], "组织": [], "书籍": [], "情绪": ["郁闷"], "行为": ["测量", "比较"]}
2025-11-27 19:39:04,028 [INFO] ✅ 关系抽取成功: 共 1 个关系
2025-11-27 19:39:04,028 [INFO]    完整结果:
{"提出": [{"subject": "成就", "object": "格林伯格"}], "包含": [], "应用": [], "来源": [], "解释": [], "相关": [], "导致": [], "影响": []}
2025-11-27 19:39:04,028 [INFO] 
📊 进度统计:
2025-11-27 19:39:04,028 [INFO]    已处理批次: 98/693 (14.1%)
2025-11-27 19:39:04,028 [INFO]    已处理段落: 490/3465
2025-11-27 19:39:04,028 [INFO]    成功: 98, 失败: 0
2025-11-27 19:39:04,028 [INFO]    已用时: 15.3 分钟
2025-11-27 19:39:04,028 [INFO]    预计剩余: 93.0 分钟
2025-11-27 19:39:04,028 [INFO]    预计总时间: 108.3 分钟
2025-11-27 19:39:04,028 [INFO] 
================================================================================
2025-11-27 19:39:04,028 [INFO] 处理第 99/693 批 (段落 491-495)
2025-11-27 19:39:04,028 [INFO] ================================================================================
2025-11-27 19:39:04,028 [INFO] 📄 本批段落数: 5
2025-11-27 19:39:04,028 [INFO] 📄 合并文本长度: 160 字符
2025-11-27 19:39:04,028 [INFO] 📄 完整文本:
名让读者比较自己和那些人的成就。他称电话簿中的第一个名字是莫扎

特，随即列出了莫扎特擅长的语言和他在十多岁前完成的主要作品。接

着他要求读者们想一想自己现在的成就，并和莫扎特12岁时的成就做出

想必，读者们就算不做上述练习，也能看到比较是如何切断我们对

每一个人都对自己的思想、情感与行为负有责任，若无法意识到这
2025-11-27 19:39:04,028 [INFO] --------------------------------------------------------------------------------
2025-11-27 19:39:07,648 [INFO] ✅ 实体抽取成功: 共 1 个实体
2025-11-27 19:39:07,648 [INFO]    完整结果:
{"人物": ["莫扎特"], "概念": [], "方法": [], "理论": [], "组织": [], "书籍": [], "情绪": [], "行为": []}
2025-11-27 19:39:10,829 [INFO] ✅ 关系抽取成功: 共 0 个关系
2025-11-27 19:39:10,829 [INFO]    完整结果:
{"提出": [], "包含": [], "应用": [], "来源": [], "解释": [], "相关": [], "导致": [], "影响": []}
2025-11-27 19:39:10,829 [INFO] 
📊 进度统计:
2025-11-27 19:39:10,829 [INFO]    已处理批次: 99/693 (14.3%)
2025-11-27 19:39:10,829 [INFO]    已处理段落: 495/3465
2025-11-27 19:39:10,830 [INFO]    成功: 99, 失败: 0
2025-11-27 19:39:10,830 [INFO]    已用时: 15.4 分钟
2025-11-27 19:39:10,830 [INFO]    预计剩余: 92.6 分钟
2025-11-27 19:39:10,830 [INFO]    预计总时间: 108.0 分钟
2025-11-27 19:39:10,830 [INFO] 
================================================================================
2025-11-27 19:39:10,830 [INFO] 处理第 100/693 批 (段落 496-500)
2025-11-27 19:39:10,830 [INFO] ================================================================================
2025-11-27 19:39:10,830 [INFO] 📄 本批段落数: 5
2025-11-27 19:39:10,830 [INFO] 📄 合并文本长度: 162 字符
2025-11-27 19:39:10,830 [INFO] 📄 完整文本:
点，沟通也会疏离与生命的连结。我们习惯使用“不得不”这样的表达方

式来淡化对自己行为所负的责任。例如“有些事不管你喜不喜欢，都不

得不做”。另一个习惯表达是“让人感到”。例如“你让我感到内疚”。借

由这样的说法，我们也回避了为自己的感受和想法所负的责任。

在《艾希曼在耶路撒冷》一书中，作者汉娜·阿伦特（Hannah
2025-11-27 19:39:10,830 [INFO] --------------------------------------------------------------------------------
2025-11-27 19:39:18,019 [INFO] ✅ 实体抽取成功: 共 4 个实体
2025-11-27 19:39:18,019 [INFO]    完整结果:
{"人物": ["艾希曼", "汉娜·阿伦特", "Hannah"], "概念": [], "方法": [], "理论": [], "组织": [], "书籍": ["《艾希曼在耶路撒冷》"], "情绪": [], "行为": []}
2025-11-27 19:39:21,392 [INFO] ✅ 关系抽取成功: 共 0 个关系
2025-11-27 19:39:21,392 [INFO]    完整结果:
{"提出": [], "包含": [], "应用": [], "来源": [], "解释": [], "相关": [], "导致": [], "影响": []}
2025-11-27 19:39:21,392 [INFO] 
📊 进度统计:
2025-11-27 19:39:21,392 [INFO]    已处理批次: 100/693 (14.4%)
2025-11-27 19:39:21,392 [INFO]    已处理段落: 500/3465
2025-11-27 19:39:21,392 [INFO]    成功: 100, 失败: 0
2025-11-27 19:39:21,392 [INFO]    已用时: 15.6 分钟
2025-11-27 19:39:21,392 [INFO]    预计剩余: 92.5 分钟
2025-11-27 19:39:21,392 [INFO]    预计总时间: 108.2 分钟
2025-11-27 19:39:21,393 [INFO] 💾 中间结果已保存: /root/projects/cwy/DeepKE/cwy/src/full_book_results/checkpoint_20251127_192319_batch100.pkl
2025-11-27 19:39:21,393 [INFO] 
================================================================================
2025-11-27 19:39:21,393 [INFO] 处理第 101/693 批 (段落 501-505)
2025-11-27 19:39:21,393 [INFO] ================================================================================
2025-11-27 19:39:21,393 [INFO] 📄 本批段落数: 5
2025-11-27 19:39:21,393 [INFO] 📄 合并文本长度: 182 字符
2025-11-27 19:39:21,393 [INFO] 📄 完整文本:
Arendt）记录了审判纳粹军官阿道夫·艾希曼（Adolph Eichmann）的过

程。审判中艾希曼否认自己对屠杀负有责任。对此，阿伦特发现军官们

有一套卸责的语言，引用艾希曼的话，这是他们的执行“命令”（德语原

文：Amtssprache）。例如，如果他们被问到为何要采取某个行动时，

他们就会回答：“我不得不那么做。”若被追问为什么“不得不那么做”，
2025-11-27 19:39:21,393 [INFO] --------------------------------------------------------------------------------
2025-11-27 19:39:29,298 [INFO] ✅ 实体抽取成功: 共 5 个实体
2025-11-27 19:39:29,298 [INFO]    完整结果:
{"人物": ["Arendt", "阿道夫·艾希曼", "Adolph Eichmann", "阿伦特"], "概念": [], "方法": [], "理论": [], "组织": [], "书籍": [], "情绪": [], "行为": ["执行“命令”"]}
2025-11-27 19:39:33,049 [INFO] ✅ 关系抽取成功: 共 0 个关系
2025-11-27 19:39:33,049 [INFO]    完整结果:
{"提出": [], "包含": [], "应用": [], "来源": [], "解释": [], "相关": [], "导致": [], "影响": []}
2025-11-27 19:39:33,049 [INFO] 
📊 进度统计:
2025-11-27 19:39:33,050 [INFO]    已处理批次: 101/693 (14.6%)
2025-11-27 19:39:33,050 [INFO]    已处理段落: 505/3465
2025-11-27 19:39:33,050 [INFO]    成功: 101, 失败: 0
2025-11-27 19:39:33,050 [INFO]    已用时: 15.8 分钟
2025-11-27 19:39:33,050 [INFO]    预计剩余: 92.6 分钟
2025-11-27 19:39:33,050 [INFO]    预计总时间: 108.4 分钟
2025-11-27 19:39:33,050 [INFO] 
================================================================================
2025-11-27 19:39:33,050 [INFO] 处理第 102/693 批 (段落 506-510)
2025-11-27 19:39:33,050 [INFO] ================================================================================
2025-11-27 19:39:33,050 [INFO] 📄 本批段落数: 5
2025-11-27 19:39:33,050 [INFO] 📄 合并文本长度: 139 字符
2025-11-27 19:39:33,050 [INFO] 📄 完整文本:
他们就会说那是“上级的命令”或“公司政策”“法律规定”。

当我们将行动的原因归咎于外部因素时，我们便在试图推卸自己的

·个人状况、医疗诊断结果、身体或心理病史：

“因为你的违规行为，所以我不得不勒令你停学，这是学校的制

“我厌恶上班。我去工作，因为我是一名丈夫和父亲。”
2025-11-27 19:39:33,050 [INFO] --------------------------------------------------------------------------------
2025-11-27 19:39:36,630 [INFO] ✅ 实体抽取成功: 共 2 个实体
2025-11-27 19:39:36,630 [INFO]    完整结果:
{"人物": [], "概念": [], "方法": [], "理论": [], "组织": [], "书籍": [], "情绪": ["厌恶"], "行为": ["违规行为"]}
2025-11-27 19:39:39,732 [INFO] ✅ 关系抽取成功: 共 0 个关系
2025-11-27 19:39:39,732 [INFO]    完整结果:
{"提出": [], "包含": [], "应用": [], "来源": [], "解释": [], "相关": [], "导致": [], "影响": []}
2025-11-27 19:39:39,732 [INFO] 
📊 进度统计:
2025-11-27 19:39:39,732 [INFO]    已处理批次: 102/693 (14.7%)
2025-11-27 19:39:39,732 [INFO]    已处理段落: 510/3465
2025-11-27 19:39:39,732 [INFO]    成功: 102, 失败: 0
2025-11-27 19:39:39,732 [INFO]    已用时: 15.9 分钟
2025-11-27 19:39:39,732 [INFO]    预计剩余: 92.2 分钟
2025-11-27 19:39:39,732 [INFO]    预计总时间: 108.1 分钟
2025-11-27 19:39:39,733 [INFO] 
================================================================================
2025-11-27 19:39:39,733 [INFO] 处理第 103/693 批 (段落 511-515)
2025-11-27 19:39:39,733 [INFO] ================================================================================
2025-11-27 19:39:39,733 [INFO] 📄 本批段落数: 5
2025-11-27 19:39:39,733 [INFO] 📄 合并文本长度: 150 字符
2025-11-27 19:39:39,733 [INFO] 📄 完整文本:
“我一时没克制住，就把那根棒棒糖给吃了。”

有一次，我与一群家长和老师们讨论，如果语言中暗示别无选择，

会带来什么危险。结果有一位女士气愤地反对道：“有些事情不管你喜

不喜欢，你就是非做不可！并且我认为，告诉我的孩子们有些事他们也

必须做并没有什么不对。”于是我问她：“有什么事情是你非做不可
2025-11-27 19:39:39,733 [INFO] --------------------------------------------------------------------------------
2025-11-27 19:39:43,057 [INFO] ✅ 实体抽取成功: 共 1 个实体
2025-11-27 19:39:43,057 [INFO]    完整结果:
{"人物": [], "概念": [], "方法": [], "理论": [], "组织": [], "书籍": [], "情绪": ["气愤"], "行为": []}
2025-11-27 19:39:46,185 [INFO] ✅ 关系抽取成功: 共 0 个关系
2025-11-27 19:39:46,185 [INFO]    完整结果:
{"提出": [], "包含": [], "应用": [], "来源": [], "解释": [], "相关": [], "导致": [], "影响": []}
2025-11-27 19:39:46,185 [INFO] 
📊 进度统计:
2025-11-27 19:39:46,185 [INFO]    已处理批次: 103/693 (14.9%)
2025-11-27 19:39:46,185 [INFO]    已处理段落: 515/3465
2025-11-27 19:39:46,185 [INFO]    成功: 103, 失败: 0
2025-11-27 19:39:46,186 [INFO]    已用时: 16.0 分钟
2025-11-27 19:39:46,186 [INFO]    预计剩余: 91.8 分钟
2025-11-27 19:39:46,186 [INFO]    预计总时间: 107.8 分钟
2025-11-27 19:39:46,186 [INFO] 
================================================================================
2025-11-27 19:39:46,186 [INFO] 处理第 104/693 批 (段落 516-520)
2025-11-27 19:39:46,186 [INFO] ================================================================================
2025-11-27 19:39:46,186 [INFO] 📄 本批段落数: 5
2025-11-27 19:39:46,186 [INFO] 📄 合并文本长度: 164 字符
2025-11-27 19:39:46,186 [INFO] 📄 完整文本:
的？”她立刻回答：“这太容易了！今晚离开这里回到家后，我就必须要

做饭。我讨厌做饭！讨厌到了极点！20年来，每天我都不得不做饭，哪

怕有时累得像条狗也一样。因为，这些事情就是非做不可。”我告诉

她，听到她花了那么多时间做自己不喜欢的事情，只是因为她认为必须

要这么做，我很难过。我希望她在学了非暴力沟通后能找到让她更开心
2025-11-27 19:39:46,186 [INFO] --------------------------------------------------------------------------------
2025-11-27 19:39:50,214 [INFO] ✅ 实体抽取成功: 共 2 个实体
2025-11-27 19:39:50,214 [INFO]    完整结果:
{"人物": [], "概念": ["非暴力沟通"], "方法": [], "理论": [], "组织": [], "书籍": [], "情绪": [], "行为": ["做饭"]}
2025-11-27 19:39:53,457 [INFO] ✅ 关系抽取成功: 共 0 个关系
2025-11-27 19:39:53,457 [INFO]    完整结果:
{"提出": [], "包含": [], "应用": [], "来源": [], "解释": [], "相关": [], "导致": [], "影响": []}
2025-11-27 19:39:53,457 [INFO] 
📊 进度统计:
2025-11-27 19:39:53,457 [INFO]    已处理批次: 104/693 (15.0%)
2025-11-27 19:39:53,457 [INFO]    已处理段落: 520/3465
2025-11-27 19:39:53,457 [INFO]    成功: 104, 失败: 0
2025-11-27 19:39:53,457 [INFO]    已用时: 16.1 分钟
2025-11-27 19:39:53,457 [INFO]    预计剩余: 91.4 分钟
2025-11-27 19:39:53,457 [INFO]    预计总时间: 107.6 分钟
2025-11-27 19:39:53,457 [INFO] 
================================================================================
2025-11-27 19:39:53,457 [INFO] 处理第 105/693 批 (段落 521-525)
2025-11-27 19:39:53,457 [INFO] ================================================================================
2025-11-27 19:39:53,457 [INFO] 📄 本批段落数: 5
2025-11-27 19:39:53,457 [INFO] 📄 合并文本长度: 158 字符
2025-11-27 19:39:53,457 [INFO] 📄 完整文本:
所幸这位女士的学习能力很强。工作坊结束后，她就向家人宣布，

她不想再做饭了！三个星期后，她的两个儿子也来参加我的工作坊，我

好奇地询问他们如何看待母亲的决定。大儿子叹了一口气说：“马歇

尔，当时我心想，真是谢天谢地啊！”看到我一脸困惑的表情，他解释

还有一次，我在某个学区担任顾问。我请老师们练习如何在课堂中
2025-11-27 19:39:53,457 [INFO] --------------------------------------------------------------------------------
2025-11-27 19:39:57,281 [INFO] ✅ 实体抽取成功: 共 2 个实体
2025-11-27 19:39:57,282 [INFO]    完整结果:
{"人物": [], "概念": [], "方法": [], "理论": [], "组织": [], "书籍": [], "情绪": [], "行为": ["学习", "做饭"]}
2025-11-27 19:40:00,464 [INFO] ✅ 关系抽取成功: 共 0 个关系
2025-11-27 19:40:00,464 [INFO]    完整结果:
{"提出": [], "包含": [], "应用": [], "来源": [], "解释": [], "相关": [], "导致": [], "影响": []}
2025-11-27 19:40:00,464 [INFO] 
📊 进度统计:
2025-11-27 19:40:00,464 [INFO]    已处理批次: 105/693 (15.2%)
2025-11-27 19:40:00,464 [INFO]    已处理段落: 525/3465
2025-11-27 19:40:00,464 [INFO]    成功: 105, 失败: 0
2025-11-27 19:40:00,464 [INFO]    已用时: 16.3 分钟
2025-11-27 19:40:00,464 [INFO]    预计剩余: 91.0 分钟
2025-11-27 19:40:00,464 [INFO]    预计总时间: 107.3 分钟
2025-11-27 19:40:00,464 [INFO] 
================================================================================
2025-11-27 19:40:00,464 [INFO] 处理第 106/693 批 (段落 526-530)
2025-11-27 19:40:00,464 [INFO] ================================================================================
2025-11-27 19:40:00,464 [INFO] 📄 本批段落数: 5
2025-11-27 19:40:00,464 [INFO] 📄 合并文本长度: 164 字符
2025-11-27 19:40:00,465 [INFO] 📄 完整文本:
使用非暴力沟通语言，借此提升学生们的意识，学会为自己的行为负

责。一位老师随即表示：“我厌恶打分。我认为这对学生没什么好处，

反而为他们带来焦虑。但我不得不打分，这是学区的规定。”于是，我

建议那位老师练习将“我不得不打分，因为这是学区的规定”转换为“我

选择打分，因为我想要……”她脱口而出回答：“我选择打分，因为我想
2025-11-27 19:40:00,465 [INFO] --------------------------------------------------------------------------------
2025-11-27 19:40:04,504 [INFO] ✅ 实体抽取成功: 共 2 个实体
2025-11-27 19:40:04,504 [INFO]    完整结果:
{"人物": [], "概念": [], "方法": ["非暴力沟通"], "理论": [], "组织": [], "书籍": [], "情绪": ["焦虑"], "行为": []}
2025-11-27 19:40:09,649 [INFO] ✅ 关系抽取成功: 共 1 个关系
2025-11-27 19:40:09,649 [INFO]    完整结果:
{"提出": [], "包含": [], "应用": [], "来源": [], "解释": [], "相关": [], "导致": [], "影响": [{"subject": "打分", "object": "焦虑"}]}
2025-11-27 19:40:09,649 [INFO] 
📊 进度统计:
2025-11-27 19:40:09,649 [INFO]    已处理批次: 106/693 (15.3%)
2025-11-27 19:40:09,649 [INFO]    已处理段落: 530/3465
2025-11-27 19:40:09,649 [INFO]    成功: 106, 失败: 0
2025-11-27 19:40:09,649 [INFO]    已用时: 16.4 分钟
2025-11-27 19:40:09,649 [INFO]    预计剩余: 90.9 分钟
2025-11-27 19:40:09,649 [INFO]    预计总时间: 107.3 分钟
2025-11-27 19:40:09,649 [INFO] 
================================================================================
2025-11-27 19:40:09,649 [INFO] 处理第 107/693 批 (段落 531-535)
2025-11-27 19:40:09,649 [INFO] ================================================================================
2025-11-27 19:40:09,649 [INFO] 📄 本批段落数: 5
2025-11-27 19:40:09,649 [INFO] 📄 合并文本长度: 169 字符
2025-11-27 19:40:09,649 [INFO] 📄 完整文本:
保住这份工作。”然后，她又连忙补充道：“但我不喜欢这样说，因为这

会让我觉得要为我所做的事情负责。”我回答她：“所以我才希望你这样

法国作家和记者乔治·贝尔纳诺斯（George Bernanos）有段话颇能

“我常想，若有一天日渐强大的摧毁性技术使人类从地球上灭绝，

真正要对此负责的远非是技术本身（当然技术暴行会唤醒人们，招来人
2025-11-27 19:40:09,649 [INFO] --------------------------------------------------------------------------------
2025-11-27 19:40:15,285 [INFO] ✅ 实体抽取成功: 共 3 个实体
2025-11-27 19:40:15,285 [INFO]    完整结果:
{"人物": ["乔治·贝尔纳诺斯", "George Bernanos"], "概念": ["摧毁性技术"], "方法": [], "理论": [], "组织": [], "书籍": [], "情绪": [], "行为": []}
2025-11-27 19:40:18,614 [INFO] ✅ 关系抽取成功: 共 0 个关系
2025-11-27 19:40:18,614 [INFO]    完整结果:
{"提出": [], "包含": [], "应用": [], "来源": [], "解释": [], "相关": [], "导致": [], "影响": []}
2025-11-27 19:40:18,614 [INFO] 
📊 进度统计:
2025-11-27 19:40:18,614 [INFO]    已处理批次: 107/693 (15.4%)
2025-11-27 19:40:18,614 [INFO]    已处理段落: 535/3465
2025-11-27 19:40:18,614 [INFO]    成功: 107, 失败: 0
2025-11-27 19:40:18,614 [INFO]    已用时: 16.6 分钟
2025-11-27 19:40:18,614 [INFO]    预计剩余: 90.7 分钟
2025-11-27 19:40:18,614 [INFO]    预计总时间: 107.3 分钟
2025-11-27 19:40:18,614 [INFO] 
================================================================================
2025-11-27 19:40:18,614 [INFO] 处理第 108/693 批 (段落 536-540)
2025-11-27 19:40:18,614 [INFO] ================================================================================
2025-11-27 19:40:18,614 [INFO] 📄 本批段落数: 5
2025-11-27 19:40:18,614 [INFO] 📄 合并文本长度: 162 字符
2025-11-27 19:40:18,614 [INFO] 📄 完整文本:
们对技术的反击与仇视），而是现代人的唯唯诺诺、缺乏责任感、毕恭

毕敬地服从每一个司空见惯的规定。我们所看到的悲剧以及即将来临的

更大悲剧，并非是世界上反抗、不服从的人增多了，而是唯命是从、听

当我们以“要求”的方式来表达我们的诉求时，实际上是在或明或暗

地指责或惩罚那些不配合我们的人。这样的沟通方式在我们的文化中司
2025-11-27 19:40:18,614 [INFO] --------------------------------------------------------------------------------
2025-11-27 19:40:22,559 [INFO] ✅ 实体抽取成功: 共 2 个实体
2025-11-27 19:40:22,559 [INFO]    完整结果:
{"人物": [], "概念": [], "方法": [], "理论": [], "组织": [], "书籍": [], "情绪": [], "行为": ["反抗", "不服从"]}
2025-11-27 19:40:25,701 [INFO] ✅ 关系抽取成功: 共 0 个关系
2025-11-27 19:40:25,701 [INFO]    完整结果:
{"提出": [], "包含": [], "应用": [], "来源": [], "解释": [], "相关": [], "导致": [], "影响": []}
2025-11-27 19:40:25,701 [INFO] 
📊 进度统计:
2025-11-27 19:40:25,701 [INFO]    已处理批次: 108/693 (15.6%)
2025-11-27 19:40:25,701 [INFO]    已处理段落: 540/3465
2025-11-27 19:40:25,701 [INFO]    成功: 108, 失败: 0
2025-11-27 19:40:25,701 [INFO]    已用时: 16.7 分钟
2025-11-27 19:40:25,701 [INFO]    预计剩余: 90.3 分钟
2025-11-27 19:40:25,701 [INFO]    预计总时间: 107.0 分钟
2025-11-27 19:40:25,701 [INFO] 
================================================================================
2025-11-27 19:40:25,701 [INFO] 处理第 109/693 批 (段落 541-545)
2025-11-27 19:40:25,701 [INFO] ================================================================================
2025-11-27 19:40:25,701 [INFO] 📄 本批段落数: 5
2025-11-27 19:40:25,701 [INFO] 📄 合并文本长度: 162 字符
2025-11-27 19:40:25,701 [INFO] 📄 完整文本:
关于“要求”，我从孩子们那里学到了许多宝贵的教训。不知从何时

起，我有了这样的观念——作为家长，我有责任要求孩子们做什么。家

长、老师、管理者……许多掌握权威的人同样相信，他们的工作就是去

改变他人、让他人守规矩。是孩子们让我明白，我无法要求他们去做任

何事。是的，我可以通过惩罚，让他们服从我的要求或让他们后悔没有
2025-11-27 19:40:25,701 [INFO] --------------------------------------------------------------------------------
2025-11-27 19:40:29,002 [INFO] ✅ 实体抽取成功: 共 1 个实体
2025-11-27 19:40:29,003 [INFO]    完整结果:
{"人物": [], "概念": [], "方法": ["惩罚"], "理论": [], "组织": [], "书籍": [], "情绪": [], "行为": []}
2025-11-27 19:40:32,121 [INFO] ✅ 关系抽取成功: 共 0 个关系
2025-11-27 19:40:32,121 [INFO]    完整结果:
{"提出": [], "包含": [], "应用": [], "来源": [], "解释": [], "相关": [], "导致": [], "影响": []}
2025-11-27 19:40:32,121 [INFO] 
📊 进度统计:
2025-11-27 19:40:32,121 [INFO]    已处理批次: 109/693 (15.7%)
2025-11-27 19:40:32,121 [INFO]    已处理段落: 545/3465
2025-11-27 19:40:32,121 [INFO]    成功: 109, 失败: 0
2025-11-27 19:40:32,121 [INFO]    已用时: 16.8 分钟
2025-11-27 19:40:32,121 [INFO]    预计剩余: 89.9 分钟
2025-11-27 19:40:32,121 [INFO]    预计总时间: 106.7 分钟
2025-11-27 19:40:32,121 [INFO] 
================================================================================
2025-11-27 19:40:32,121 [INFO] 处理第 110/693 批 (段落 546-550)
2025-11-27 19:40:32,121 [INFO] ================================================================================
2025-11-27 19:40:32,121 [INFO] 📄 本批段落数: 5
2025-11-27 19:40:32,121 [INFO] 📄 合并文本长度: 159 字符
2025-11-27 19:40:32,121 [INFO] 📄 完整文本:
照着我的话去做，但他们终将让我明白，用惩罚的方式强迫他人是多么

愚蠢，而我真希望自己不曾用那样的方式来对待他们。这是一次关于谦

在第六章中，我们将再次探究非暴力沟通中的这一重要主题：区

疏离生命的语言还与“奖惩”思维有关，即有的行为应该受到奖赏，

而有的行为就该受到惩罚。人们常用“活该”这样的字眼来表达这种思
2025-11-27 19:40:32,121 [INFO] --------------------------------------------------------------------------------
2025-11-27 19:40:37,352 [INFO] ✅ 实体抽取成功: 共 5 个实体
2025-11-27 19:40:37,352 [INFO]    完整结果:
{"人物": [], "概念": ["谦", "非暴力沟通", "奖惩", "行为"], "方法": [], "理论": [], "组织": [], "书籍": [], "情绪": [], "行为": ["惩罚"]}
2025-11-27 19:40:40,489 [INFO] ✅ 关系抽取成功: 共 0 个关系
2025-11-27 19:40:40,489 [INFO]    完整结果:
{"提出": [], "包含": [], "应用": [], "来源": [], "解释": [], "相关": [], "导致": [], "影响": []}
2025-11-27 19:40:40,489 [INFO] 
📊 进度统计:
2025-11-27 19:40:40,489 [INFO]    已处理批次: 110/693 (15.9%)
2025-11-27 19:40:40,489 [INFO]    已处理段落: 550/3465
2025-11-27 19:40:40,489 [INFO]    成功: 110, 失败: 0
2025-11-27 19:40:40,489 [INFO]    已用时: 16.9 分钟
2025-11-27 19:40:40,489 [INFO]    预计剩余: 89.7 分钟
2025-11-27 19:40:40,489 [INFO]    预计总时间: 106.6 分钟
2025-11-27 19:40:40,489 [INFO] 
================================================================================
2025-11-27 19:40:40,489 [INFO] 处理第 111/693 批 (段落 551-555)
2025-11-27 19:40:40,489 [INFO] ================================================================================
2025-11-27 19:40:40,489 [INFO] 📄 本批段落数: 5
2025-11-27 19:40:40,489 [INFO] 📄 合并文本长度: 159 字符
2025-11-27 19:40:40,489 [INFO] 📄 完整文本:
维。诸如，“他活该为自己的所作所为受到处罚”。这样的表达其实隐含

着一种假设：做出某些事情的人必定是“坏人”，他们应当受到处罚，他

们应该忏悔并且做出改变。然而，我相信所有人都渴望改变，那是因为

人们明白改变能为自己带来益处，而不是因为不想受到惩罚。

我们大多数人在贴标签、做比较、要求和评判的语言环境中长大，
2025-11-27 19:40:40,489 [INFO] --------------------------------------------------------------------------------
2025-11-27 19:40:44,520 [INFO] ✅ 实体抽取成功: 共 3 个实体
2025-11-27 19:40:44,520 [INFO]    完整结果:
{"人物": [], "概念": [], "方法": [], "理论": [], "组织": [], "书籍": [], "情绪": [], "行为": ["做比较", "要求", "评判"]}
2025-11-27 19:40:47,655 [INFO] ✅ 关系抽取成功: 共 0 个关系
2025-11-27 19:40:47,655 [INFO]    完整结果:
{"提出": [], "包含": [], "应用": [], "来源": [], "解释": [], "相关": [], "导致": [], "影响": []}
2025-11-27 19:40:47,655 [INFO] 
📊 进度统计:
2025-11-27 19:40:47,655 [INFO]    已处理批次: 111/693 (16.0%)
2025-11-27 19:40:47,655 [INFO]    已处理段落: 555/3465
2025-11-27 19:40:47,655 [INFO]    成功: 111, 失败: 0
2025-11-27 19:40:47,655 [INFO]    已用时: 17.0 分钟
2025-11-27 19:40:47,655 [INFO]    预计剩余: 89.4 分钟
2025-11-27 19:40:47,655 [INFO]    预计总时间: 106.4 分钟
2025-11-27 19:40:47,655 [INFO] 
================================================================================
2025-11-27 19:40:47,655 [INFO] 处理第 112/693 批 (段落 556-560)
2025-11-27 19:40:47,655 [INFO] ================================================================================
2025-11-27 19:40:47,655 [INFO] 📄 本批段落数: 5
2025-11-27 19:40:47,655 [INFO] 📄 合并文本长度: 158 字符
2025-11-27 19:40:47,655 [INFO] 📄 完整文本:
鲜少被鼓励去觉察自己的感受和需要。我认为，疏离生命的语言植根于

影响了我们数千年的性恶论，这一人性观强调人性本恶，认为人们需要

通过教导来压制某些卑劣天性。但这样的教育时常让我们对自己的感受

和需要心存疑虑，于是我们早早地就学会了与自己的内心隔绝。

疏离生命的语言既源于等级制度或霸权社会，又反过来巩固它们。
2025-11-27 19:40:47,655 [INFO] --------------------------------------------------------------------------------
2025-11-27 19:40:54,947 [INFO] ✅ 实体抽取成功: 共 8 个实体
2025-11-27 19:40:54,947 [INFO]    完整结果:
{"人物": [], "概念": ["感觉", "需要", "性恶论", "人性观", "人性本恶", "教育", "等级制度", "霸权社会"], "方法": [], "理论": [], "组织": [], "书籍": [], "情绪": [], "行为": []}
2025-11-27 19:41:05,381 [INFO] ✅ 关系抽取成功: 共 3 个关系
2025-11-27 19:41:05,381 [INFO]    完整结果:
{"提出": [], "包含": [], "应用": [], "来源": [], "解释": [], "相关": [{"subject": "疏离生命的语言", "object": "性恶论"}, {"subject": "疏离生命的语言", "object": "等级制度"}, {"subject": "疏离生命的语言", "object": "霸权社会"}], "导致": [], "影响": []}
2025-11-27 19:41:05,381 [INFO] 
📊 进度统计:
2025-11-27 19:41:05,381 [INFO]    已处理批次: 112/693 (16.2%)
2025-11-27 19:41:05,381 [INFO]    已处理段落: 560/3465
2025-11-27 19:41:05,381 [INFO]    成功: 112, 失败: 0
2025-11-27 19:41:05,381 [INFO]    已用时: 17.3 分钟
2025-11-27 19:41:05,381 [INFO]    预计剩余: 90.0 分钟
2025-11-27 19:41:05,381 [INFO]    预计总时间: 107.3 分钟
2025-11-27 19:41:05,381 [INFO] 
================================================================================
2025-11-27 19:41:05,381 [INFO] 处理第 113/693 批 (段落 561-565)
2025-11-27 19:41:05,381 [INFO] ================================================================================
2025-11-27 19:41:05,381 [INFO] 📄 本批段落数: 5
2025-11-27 19:41:05,381 [INFO] 📄 合并文本长度: 166 字符
2025-11-27 19:41:05,381 [INFO] 📄 完整文本:
在这类社会中少数个体通过控制大部分人为自己牟利。对国王、沙皇、

贵族阶层来说，将臣民的心智模式训练成奴隶般顺从听话，最符合他们

的利益。诸如“错误”“应该”“不得不”的语言是完美的工具。人们越是被

教育用道德评判来区分对错、好坏，就越是习惯向外、向权威寻求判断

的标准。一旦我们开始聆听自己内心的感受和需要，便不再是好奴隶、
2025-11-27 19:41:05,381 [INFO] --------------------------------------------------------------------------------
2025-11-27 19:41:10,264 [INFO] ✅ 实体抽取成功: 共 4 个实体
2025-11-27 19:41:10,264 [INFO]    完整结果:
{"人物": [], "概念": [], "方法": [], "理论": [], "组织": [], "书籍": [], "情绪": [], "行为": ["牟利", "训练", "寻求判断", "聆听"]}
2025-11-27 19:41:13,437 [INFO] ✅ 关系抽取成功: 共 0 个关系
2025-11-27 19:41:13,437 [INFO]    完整结果:
{"提出": [], "包含": [], "应用": [], "来源": [], "解释": [], "相关": [], "导致": [], "影响": []}
2025-11-27 19:41:13,437 [INFO] 
📊 进度统计:
2025-11-27 19:41:13,437 [INFO]    已处理批次: 113/693 (16.3%)
2025-11-27 19:41:13,437 [INFO]    已处理段落: 565/3465
2025-11-27 19:41:13,437 [INFO]    成功: 113, 失败: 0
2025-11-27 19:41:13,437 [INFO]    已用时: 17.5 分钟
2025-11-27 19:41:13,437 [INFO]    预计剩余: 89.7 分钟
2025-11-27 19:41:13,437 [INFO]    预计总时间: 107.2 分钟
2025-11-27 19:41:13,437 [INFO] 
================================================================================
2025-11-27 19:41:13,437 [INFO] 处理第 114/693 批 (段落 566-570)
2025-11-27 19:41:13,437 [INFO] ================================================================================
2025-11-27 19:41:13,437 [INFO] 📄 本批段落数: 5
2025-11-27 19:41:13,438 [INFO] 📄 合并文本长度: 160 字符
2025-11-27 19:41:13,438 [INFO] 📄 完整文本:
由衷的给予和接受，是人类天性所乐见的。然而我们习得了太多疏

离生命的语言形式，导致我们的说话和行为方式给他人和自己带来伤

害。其中的一种形式是道德评判，即认为那些不符合我们价值观的人是

不对的、不好的。另一种形式是做比较，让人们难以升起对人对己的善

意。疏离生命的语言还会使我们无法认清：每个人要为自己的想法、感
2025-11-27 19:41:13,438 [INFO] --------------------------------------------------------------------------------
2025-11-27 19:41:19,180 [INFO] ✅ 实体抽取成功: 共 7 个实体
2025-11-27 19:41:19,180 [INFO]    完整结果:
{"人物": [], "概念": ["生命", "语言", "道德", "价值观", "比较"], "方法": [], "理论": [], "组织": [], "书籍": [], "情绪": [], "行为": ["给予", "接受"]}
2025-11-27 19:41:28,647 [INFO] ✅ 关系抽取成功: 共 2 个关系
2025-11-27 19:41:28,648 [INFO]    完整结果:
{"提出": [], "包含": [], "应用": [], "来源": [], "解释": [], "相关": [], "导致": [], "影响": [{"subject": "疏离生命的语言", "object": "说话和行为方式"}, {"subject": "疏离生命的语言", "object": "对他人和自己带来伤\n\n害"}]}
2025-11-27 19:41:28,648 [INFO] 
📊 进度统计:
2025-11-27 19:41:28,648 [INFO]    已处理批次: 114/693 (16.5%)
2025-11-27 19:41:28,648 [INFO]    已处理段落: 570/3465
2025-11-27 19:41:28,648 [INFO]    成功: 114, 失败: 0
2025-11-27 19:41:28,648 [INFO]    已用时: 17.7 分钟
2025-11-27 19:41:28,648 [INFO]    预计剩余: 90.0 分钟
2025-11-27 19:41:28,648 [INFO]    预计总时间: 107.8 分钟
2025-11-27 19:41:28,648 [INFO] 
================================================================================
2025-11-27 19:41:28,648 [INFO] 处理第 115/693 批 (段落 571-575)
2025-11-27 19:41:28,648 [INFO] ================================================================================
2025-11-27 19:41:28,648 [INFO] 📄 本批段落数: 5
2025-11-27 19:41:28,648 [INFO] 📄 合并文本长度: 155 字符
2025-11-27 19:41:28,648 [INFO] 📄 完整文本:
受和行为负责。此外，还有一种形式是用要求来表达我们的诉求。

——弗雷德里克·布希纳（Frederick Buechner）

非暴力沟通的第一个要素是区分观察与评论。我们要清楚地观察有

哪些所见、所闻和所触，正影响着我们幸福，而不夹杂任何评论。

在非暴力沟通中，当我们想要清晰且诚恳地向他人表达我们的状态
2025-11-27 19:41:28,648 [INFO] --------------------------------------------------------------------------------
2025-11-27 19:41:35,184 [INFO] ✅ 实体抽取成功: 共 4 个实体
2025-11-27 19:41:35,184 [INFO]    完整结果:
{"人物": ["弗雷德里克·布希纳", "Frederick Buechner"], "概念": [], "方法": ["非暴力沟通"], "理论": [], "组织": [], "书籍": [], "情绪": [], "行为": ["受和行为负责"]}
2025-11-27 19:41:41,041 [INFO] ✅ 关系抽取成功: 共 1 个关系
2025-11-27 19:41:41,041 [INFO]    完整结果:
{"提出": [{"subject": "非暴力沟通", "object": "弗雷德里克·布希纳"}], "包含": [], "应用": [], "来源": [], "解释": [], "相关": [], "导致": [], "影响": []}
2025-11-27 19:41:41,041 [INFO] 
📊 进度统计:
2025-11-27 19:41:41,041 [INFO]    已处理批次: 115/693 (16.6%)
2025-11-27 19:41:41,041 [INFO]    已处理段落: 575/3465
2025-11-27 19:41:41,042 [INFO]    成功: 115, 失败: 0
2025-11-27 19:41:41,042 [INFO]    已用时: 17.9 分钟
2025-11-27 19:41:41,042 [INFO]    预计剩余: 90.1 分钟
2025-11-27 19:41:41,042 [INFO]    预计总时间: 108.1 分钟
2025-11-27 19:41:41,042 [INFO] 
================================================================================
2025-11-27 19:41:41,042 [INFO] 处理第 116/693 批 (段落 576-580)
2025-11-27 19:41:41,042 [INFO] ================================================================================
2025-11-27 19:41:41,042 [INFO] 📄 本批段落数: 5
2025-11-27 19:41:41,042 [INFO] 📄 合并文本长度: 163 字符
2025-11-27 19:41:41,042 [INFO] 📄 完整文本:
时，“观察”是一个重要的要素。如果我们在观察中夹杂着评论，人们便

不那么容易真正听见我们想要表达的内容，反而会听到批评，甚至产生

非暴力沟通并不要求我们保持完全客观，不做任何评论。它只是强

调，我们要区分观察与评论。非暴力沟通是一个动态的语言，它不鼓励

一成不变、一概而论的陈述。语义学家温戴尔·约翰逊（Wendell
2025-11-27 19:41:41,042 [INFO] --------------------------------------------------------------------------------
2025-11-27 19:41:45,969 [INFO] ✅ 实体抽取成功: 共 3 个实体
2025-11-27 19:41:45,969 [INFO]    完整结果:
{"人物": ["温戴尔·约翰逊", "Wendell"], "概念": [], "方法": ["非暴力沟通"], "理论": [], "组织": [], "书籍": [], "情绪": [], "行为": []}
2025-11-27 19:41:51,461 [INFO] ✅ 关系抽取成功: 共 1 个关系
2025-11-27 19:41:51,461 [INFO]    完整结果:
{"提出": [], "包含": [], "应用": [], "来源": [], "解释": [{"subject": "非暴力沟通", "object": "温戴尔·约翰逊"}], "相关": [], "导致": [], "影响": []}
2025-11-27 19:41:51,461 [INFO] 
📊 进度统计:
2025-11-27 19:41:51,461 [INFO]    已处理批次: 116/693 (16.7%)
2025-11-27 19:41:51,461 [INFO]    已处理段落: 580/3465
2025-11-27 19:41:51,461 [INFO]    成功: 116, 失败: 0
2025-11-27 19:41:51,461 [INFO]    已用时: 18.1 分钟
2025-11-27 19:41:51,461 [INFO]    预计剩余: 90.1 分钟
2025-11-27 19:41:51,461 [INFO]    预计总时间: 108.2 分钟
2025-11-27 19:41:51,461 [INFO] 
================================================================================
2025-11-27 19:41:51,461 [INFO] 处理第 117/693 批 (段落 581-585)
2025-11-27 19:41:51,461 [INFO] ================================================================================
2025-11-27 19:41:51,461 [INFO] 📄 本批段落数: 5
2025-11-27 19:41:51,461 [INFO] 📄 合并文本长度: 165 字符
2025-11-27 19:41:51,461 [INFO] 📄 完整文本:
Johnson）指出，用静态的语言来表达或捕捉瞬息万变的现实世界，会

带来许多问题。他说：“我们的语言年代久远，是有缺陷的工具。它反

映着泛灵论的思想，倾向于谈论稳定与恒常，谈论相似性、常态和分

类，神奇的转变、立竿见影的疗效、简化的问题以及终极解决方案。然

而，我们尝试用语言符号化的这个世界，却包含了无穷无尽的过程、变
2025-11-27 19:41:51,461 [INFO] --------------------------------------------------------------------------------
2025-11-27 19:41:55,639 [INFO] ✅ 实体抽取成功: 共 2 个实体
2025-11-27 19:41:55,639 [INFO]    完整结果:
{"人物": ["Johnson"], "概念": ["泛灵论"], "方法": [], "理论": [], "组织": [], "书籍": [], "情绪": [], "行为": []}
2025-11-27 19:41:58,854 [INFO] ✅ 关系抽取成功: 共 0 个关系
2025-11-27 19:41:58,854 [INFO]    完整结果:
{"提出": [], "包含": [], "应用": [], "来源": [], "解释": [], "相关": [], "导致": [], "影响": []}
2025-11-27 19:41:58,854 [INFO] 
📊 进度统计:
2025-11-27 19:41:58,854 [INFO]    已处理批次: 117/693 (16.9%)
2025-11-27 19:41:58,854 [INFO]    已处理段落: 585/3465
2025-11-27 19:41:58,854 [INFO]    成功: 117, 失败: 0
2025-11-27 19:41:58,854 [INFO]    已用时: 18.2 分钟
2025-11-27 19:41:58,854 [INFO]    预计剩余: 89.8 分钟
2025-11-27 19:41:58,854 [INFO]    预计总时间: 108.0 分钟
2025-11-27 19:41:58,854 [INFO] 
================================================================================
2025-11-27 19:41:58,854 [INFO] 处理第 118/693 批 (段落 586-590)
2025-11-27 19:41:58,854 [INFO] ================================================================================
2025-11-27 19:41:58,854 [INFO] 📄 本批段落数: 5
2025-11-27 19:41:58,854 [INFO] 📄 合并文本长度: 150 字符
2025-11-27 19:41:58,854 [INFO] 📄 完整文本:
化、维度、变数、关系、功能、互动、发展、学习、应对和复杂性。不

断变化的世界与我们相对静态的语言形式并不匹配，我们的许多问题正

我的同事鲁斯·贝本梅尔在这段歌词中对比了静态语言与动态语

那个人点燃灶火，看着炉子上正烹饪着的菜肴，

使用诸如“懒惰”“傻”这类负面标签所带来的影响或许显而易见。但
2025-11-27 19:41:58,854 [INFO] --------------------------------------------------------------------------------
2025-11-27 19:42:07,094 [INFO] ✅ 实体抽取成功: 共 11 个实体
2025-11-27 19:42:07,094 [INFO]    完整结果:
{"人物": ["鲁斯·贝本梅尔"], "概念": ["维度", "变数", "关系", "功能", "互动", "发展", "学习", "应对", "复杂性"], "方法": [], "理论": [], "组织": [], "书籍": [], "情绪": [], "行为": ["点燃灶火"]}
2025-11-27 19:42:10,246 [INFO] ✅ 关系抽取成功: 共 0 个关系
2025-11-27 19:42:10,246 [INFO]    完整结果:
{"提出": [], "包含": [], "应用": [], "来源": [], "解释": [], "相关": [], "导致": [], "影响": []}
2025-11-27 19:42:10,246 [INFO] 
📊 进度统计:
2025-11-27 19:42:10,246 [INFO]    已处理批次: 118/693 (17.0%)
2025-11-27 19:42:10,246 [INFO]    已处理段落: 590/3465
2025-11-27 19:42:10,246 [INFO]    成功: 118, 失败: 0
2025-11-27 19:42:10,246 [INFO]    已用时: 18.4 分钟
2025-11-27 19:42:10,246 [INFO]    预计剩余: 89.8 分钟
2025-11-27 19:42:10,246 [INFO]    预计总时间: 108.2 分钟
2025-11-27 19:42:10,246 [INFO] 
================================================================================
2025-11-27 19:42:10,246 [INFO] 处理第 119/693 批 (段落 591-595)
2025-11-27 19:42:10,246 [INFO] ================================================================================
2025-11-27 19:42:10,246 [INFO] 📄 本批段落数: 5
2025-11-27 19:42:10,246 [INFO] 📄 合并文本长度: 172 字符
2025-11-27 19:42:10,246 [INFO] 📄 完整文本:
即使是像“厨师”这样所谓正向或者看上去中性的标签，也会妨碍我们全

印度哲学家克里希那穆提（J. Krishnamurti）曾经说：“不带评论的

观察是人类智力的最高形式。”第一次读到这个观点时，我的脑海中立

马闪现出一个念头：“简直是胡说八道。”它快到以至于我都无法意识到

自己正在做出一个评论。对大部分人来说，观察他人而不做任何评判、
2025-11-27 19:42:10,246 [INFO] --------------------------------------------------------------------------------
2025-11-27 19:42:16,286 [INFO] ✅ 实体抽取成功: 共 4 个实体
2025-11-27 19:42:16,286 [INFO]    完整结果:
{"人物": ["克里希那穆提", "J. Krishnamurti"], "概念": [], "方法": [], "理论": [], "组织": [], "书籍": [], "情绪": [], "行为": ["观察", "评判"]}
2025-11-27 19:42:19,649 [INFO] ✅ 关系抽取成功: 共 0 个关系
2025-11-27 19:42:19,649 [INFO]    完整结果:
{"提出": [], "包含": [], "应用": [], "来源": [], "解释": [], "相关": [], "导致": [], "影响": []}
2025-11-27 19:42:19,649 [INFO] 
📊 进度统计:
2025-11-27 19:42:19,649 [INFO]    已处理批次: 119/693 (17.2%)
2025-11-27 19:42:19,649 [INFO]    已处理段落: 595/3465
2025-11-27 19:42:19,649 [INFO]    成功: 119, 失败: 0
2025-11-27 19:42:19,649 [INFO]    已用时: 18.6 分钟
2025-11-27 19:42:19,649 [INFO]    预计剩余: 89.6 分钟
2025-11-27 19:42:19,649 [INFO]    预计总时间: 108.2 分钟
2025-11-27 19:42:19,649 [INFO] 
================================================================================
2025-11-27 19:42:19,649 [INFO] 处理第 120/693 批 (段落 596-600)
2025-11-27 19:42:19,649 [INFO] ================================================================================
2025-11-27 19:42:19,649 [INFO] 📄 本批段落数: 5
2025-11-27 19:42:19,649 [INFO] 📄 合并文本长度: 158 字符
2025-11-27 19:42:19,649 [INFO] 📄 完整文本:
有一次我为一所小学提供咨询服务，对此有了深刻的体会。这所学

校的教职员工与校长时常反映彼此之间很难沟通。于是，学区负责人请

我为他们化解冲突。我首先和教职员工交谈，接着邀请校长加入会谈。

会谈开始时，我先询问教职员工：“校长做了什么不符合你们的需

“他是个大嘴巴！”有人马上回答。我提问的是观察——校长说了什
2025-11-27 19:42:19,649 [INFO] --------------------------------------------------------------------------------
2025-11-27 19:42:23,258 [INFO] ✅ 实体抽取成功: 共 2 个实体
2025-11-27 19:42:23,258 [INFO]    完整结果:
{"人物": [], "概念": [], "方法": ["观察"], "理论": [], "组织": [], "书籍": [], "情绪": [], "行为": ["交谈"]}
2025-11-27 19:42:26,431 [INFO] ✅ 关系抽取成功: 共 0 个关系
2025-11-27 19:42:26,431 [INFO]    完整结果:
{"提出": [], "包含": [], "应用": [], "来源": [], "解释": [], "相关": [], "导致": [], "影响": []}
2025-11-27 19:42:26,431 [INFO] 
📊 进度统计:
2025-11-27 19:42:26,431 [INFO]    已处理批次: 120/693 (17.3%)
2025-11-27 19:42:26,431 [INFO]    已处理段落: 600/3465
2025-11-27 19:42:26,432 [INFO]    成功: 120, 失败: 0
2025-11-27 19:42:26,432 [INFO]    已用时: 18.7 分钟
2025-11-27 19:42:26,432 [INFO]    预计剩余: 89.2 分钟
2025-11-27 19:42:26,432 [INFO]    预计总时间: 107.9 分钟
2025-11-27 19:42:26,432 [INFO] 
================================================================================
2025-11-27 19:42:26,432 [INFO] 处理第 121/693 批 (段落 601-605)
2025-11-27 19:42:26,432 [INFO] ================================================================================
2025-11-27 19:42:26,432 [INFO] 📄 本批段落数: 5
2025-11-27 19:42:26,432 [INFO] 📄 合并文本长度: 156 字符
2025-11-27 19:42:26,432 [INFO] 📄 完整文本:
么或做了什么，而“大嘴巴”却是这位老师对校长的评论。

当我指出这一点后，另一位老师响应道：“我知道他的意思了。校

长的话太多！”这仍不是一个清晰的观察，而是对校长说多少话的评

论。随后，第三位老师说：“他认为只有他想说的话是重要的。”我进而

向他们解释，推断他人的想法和对他人行为的观察是两码事。随后，第
2025-11-27 19:42:26,432 [INFO] --------------------------------------------------------------------------------
2025-11-27 19:42:29,925 [INFO] ✅ 实体抽取成功: 共 1 个实体
2025-11-27 19:42:29,925 [INFO]    完整结果:
{"人物": [], "概念": [], "方法": [], "理论": [], "组织": [], "书籍": [], "情绪": [], "行为": ["大嘴巴"]}
2025-11-27 19:42:33,109 [INFO] ✅ 关系抽取成功: 共 0 个关系
2025-11-27 19:42:33,109 [INFO]    完整结果:
{"提出": [], "包含": [], "应用": [], "来源": [], "解释": [], "相关": [], "导致": [], "影响": []}
2025-11-27 19:42:33,109 [INFO] 
📊 进度统计:
2025-11-27 19:42:33,109 [INFO]    已处理批次: 121/693 (17.5%)
2025-11-27 19:42:33,109 [INFO]    已处理段落: 605/3465
2025-11-27 19:42:33,109 [INFO]    成功: 121, 失败: 0
2025-11-27 19:42:33,109 [INFO]    已用时: 18.8 分钟
2025-11-27 19:42:33,109 [INFO]    预计剩余: 88.9 分钟
2025-11-27 19:42:33,109 [INFO]    预计总时间: 107.7 分钟
2025-11-27 19:42:33,110 [INFO] 
================================================================================
2025-11-27 19:42:33,110 [INFO] 处理第 122/693 批 (段落 606-610)
2025-11-27 19:42:33,110 [INFO] ================================================================================
2025-11-27 19:42:33,110 [INFO] 📄 本批段落数: 5
2025-11-27 19:42:33,110 [INFO] 📄 合并文本长度: 158 字符
2025-11-27 19:42:33,110 [INFO] 📄 完整文本:
四位老师大胆地说：“他总是想成为人前的焦点。”当我指出这也是推断

时，两位老师不约而同地说道：“你的问题太难回答了！”

接着，我们一起拟了份清单，明确列出校长有哪些具体行为令他们

感到不满，并确保不掺杂评论。例如，在全体教师会议上，校长会讲述

他的童年和战争经历，有时导致会议超时20分钟。我问老师们是否曾经
2025-11-27 19:42:33,110 [INFO] --------------------------------------------------------------------------------
2025-11-27 19:42:37,355 [INFO] ✅ 实体抽取成功: 共 2 个实体
2025-11-27 19:42:37,356 [INFO]    完整结果:
{"人物": [], "概念": [], "方法": [], "理论": [], "组织": [], "书籍": [], "情绪": [], "行为": ["成为人前的焦点", "讲述"]}
2025-11-27 19:42:40,500 [INFO] ✅ 关系抽取成功: 共 0 个关系
2025-11-27 19:42:40,501 [INFO]    完整结果:
{"提出": [], "包含": [], "应用": [], "来源": [], "解释": [], "相关": [], "导致": [], "影响": []}
2025-11-27 19:42:40,501 [INFO] 
📊 进度统计:
2025-11-27 19:42:40,501 [INFO]    已处理批次: 122/693 (17.6%)
2025-11-27 19:42:40,501 [INFO]    已处理段落: 610/3465
2025-11-27 19:42:40,501 [INFO]    成功: 122, 失败: 0
2025-11-27 19:42:40,501 [INFO]    已用时: 18.9 分钟
2025-11-27 19:42:40,501 [INFO]    预计剩余: 88.6 分钟
2025-11-27 19:42:40,501 [INFO]    预计总时间: 107.5 分钟
2025-11-27 19:42:40,501 [INFO] 
================================================================================
2025-11-27 19:42:40,501 [INFO] 处理第 123/693 批 (段落 611-615)
2025-11-27 19:42:40,501 [INFO] ================================================================================
2025-11-27 19:42:40,501 [INFO] 📄 本批段落数: 5
2025-11-27 19:42:40,501 [INFO] 📄 合并文本长度: 160 字符
2025-11-27 19:42:40,501 [INFO] 📄 完整文本:
和校长沟通过他们的不满，他们说曾经试过，但都用具有评论意味的言

辞向校长提出批评，而从未提及任何具体行为，例如校长在会议中讲述

自己的故事。最后，老师们同意在与校长会谈时将这一点提出来。

会谈刚一开始，我便目睹了老师们所描述的情景。不论讨论的主题

是什么，校长都会插话说：“想当年……”接着开始讲述他的童年或战争
2025-11-27 19:42:40,501 [INFO] --------------------------------------------------------------------------------
2025-11-27 19:42:43,833 [INFO] ✅ 实体抽取成功: 共 1 个实体
2025-11-27 19:42:43,833 [INFO]    完整结果:
{"人物": [], "概念": [], "方法": [], "理论": [], "组织": [], "书籍": [], "情绪": [], "行为": ["讲述"]}
2025-11-27 19:42:46,975 [INFO] ✅ 关系抽取成功: 共 0 个关系
2025-11-27 19:42:46,975 [INFO]    完整结果:
{"提出": [], "包含": [], "应用": [], "来源": [], "解释": [], "相关": [], "导致": [], "影响": []}
2025-11-27 19:42:46,975 [INFO] 
📊 进度统计:
2025-11-27 19:42:46,975 [INFO]    已处理批次: 123/693 (17.7%)
2025-11-27 19:42:46,975 [INFO]    已处理段落: 615/3465
2025-11-27 19:42:46,975 [INFO]    成功: 123, 失败: 0
2025-11-27 19:42:46,975 [INFO]    已用时: 19.0 分钟
2025-11-27 19:42:46,975 [INFO]    预计剩余: 88.2 分钟
2025-11-27 19:42:46,975 [INFO]    预计总时间: 107.2 分钟
2025-11-27 19:42:46,975 [INFO] 
================================================================================
2025-11-27 19:42:46,975 [INFO] 处理第 124/693 批 (段落 616-620)
2025-11-27 19:42:46,975 [INFO] ================================================================================
2025-11-27 19:42:46,975 [INFO] 📄 本批段落数: 5
2025-11-27 19:42:46,975 [INFO] 📄 合并文本长度: 151 字符
2025-11-27 19:42:46,975 [INFO] 📄 完整文本:
经历。我等着老师们表达他们的不满。然而，他们并没有运用非暴力沟

通的方式，而是无声的抗议。有的人开始翻白眼，有的人故意打着哈

直到我按捺不住问他们：“没有人有话要说吗？”迎来的是一阵令人

尴尬的沉默。接着，之前会谈中率先发言的那位老师鼓起勇气，直视着

校长，然后说出：“艾德，你真是个大嘴巴！”
2025-11-27 19:42:46,975 [INFO] --------------------------------------------------------------------------------
2025-11-27 19:42:50,826 [INFO] ✅ 实体抽取成功: 共 2 个实体
2025-11-27 19:42:50,826 [INFO]    完整结果:
{"人物": ["艾德"], "概念": [], "方法": [], "理论": [], "组织": [], "书籍": [], "情绪": [], "行为": ["翻白眼"]}
2025-11-27 19:42:53,955 [INFO] ✅ 关系抽取成功: 共 0 个关系
2025-11-27 19:42:53,955 [INFO]    完整结果:
{"提出": [], "包含": [], "应用": [], "来源": [], "解释": [], "相关": [], "导致": [], "影响": []}
2025-11-27 19:42:53,955 [INFO] 
📊 进度统计:
2025-11-27 19:42:53,955 [INFO]    已处理批次: 124/693 (17.9%)
2025-11-27 19:42:53,955 [INFO]    已处理段落: 620/3465
2025-11-27 19:42:53,955 [INFO]    成功: 124, 失败: 0
2025-11-27 19:42:53,955 [INFO]    已用时: 19.1 分钟
2025-11-27 19:42:53,955 [INFO]    预计剩余: 87.9 分钟
2025-11-27 19:42:53,955 [INFO]    预计总时间: 107.0 分钟
2025-11-27 19:42:53,955 [INFO] 
================================================================================
2025-11-27 19:42:53,955 [INFO] 处理第 125/693 批 (段落 621-625)
2025-11-27 19:42:53,955 [INFO] ================================================================================
2025-11-27 19:42:53,955 [INFO] 📄 本批段落数: 5
2025-11-27 19:42:53,955 [INFO] 📄 合并文本长度: 159 字符
2025-11-27 19:42:53,955 [INFO] 📄 完整文本:
就像这个故事所展现的，从我们的旧习惯中挣脱出来，并有能力熟

练地区分观察与评论并不容易。最终，老师们终于可以明明白白地告诉

校长，他们对他的哪些行为感到不满。校长认真地听完后郑重地

说：“为什么从没有人告诉我呢？”他承认他有讲故事的习惯，接着就开

始说与这个习惯有关的故事了！我见状打断了他的话，婉转地提出他在
2025-11-27 19:42:53,955 [INFO] --------------------------------------------------------------------------------
2025-11-27 19:42:57,385 [INFO] ✅ 实体抽取成功: 共 1 个实体
2025-11-27 19:42:57,385 [INFO]    完整结果:
{"人物": [], "概念": [], "方法": [], "理论": [], "组织": [], "书籍": [], "情绪": [], "行为": ["讲故事"]}
2025-11-27 19:43:00,579 [INFO] ✅ 关系抽取成功: 共 0 个关系
2025-11-27 19:43:00,580 [INFO]    完整结果:
{"提出": [], "包含": [], "应用": [], "来源": [], "解释": [], "相关": [], "导致": [], "影响": []}
2025-11-27 19:43:00,580 [INFO] 
📊 进度统计:
2025-11-27 19:43:00,580 [INFO]    已处理批次: 125/693 (18.0%)
2025-11-27 19:43:00,580 [INFO]    已处理段落: 625/3465
2025-11-27 19:43:00,580 [INFO]    成功: 125, 失败: 0
2025-11-27 19:43:00,580 [INFO]    已用时: 19.3 分钟
2025-11-27 19:43:00,580 [INFO]    预计剩余: 87.5 分钟
2025-11-27 19:43:00,580 [INFO]    预计总时间: 106.8 分钟
2025-11-27 19:43:00,580 [INFO] 
================================================================================
2025-11-27 19:43:00,580 [INFO] 处理第 126/693 批 (段落 626-630)
2025-11-27 19:43:00,580 [INFO] ================================================================================
2025-11-27 19:43:00,580 [INFO] 📄 本批段落数: 5
2025-11-27 19:43:00,580 [INFO] 📄 合并文本长度: 143 字符
2025-11-27 19:43:00,580 [INFO] 📄 完整文本:
重蹈覆辙。会议最后，我们商量了一些办法，以后当老师们不想听校长

在以下列表中，我举例说明如何从混杂着评论的句子中区分出观

注意：总是、永远、从来、每次之类的词语在以下用法中表达的是

·每次我看到杰克打电话，他都至少打半小时。

然而有时，这些词是言过其实的表达，混淆了观察和评论：
2025-11-27 19:43:00,580 [INFO] --------------------------------------------------------------------------------
2025-11-27 19:43:03,886 [INFO] ✅ 实体抽取成功: 共 1 个实体
2025-11-27 19:43:03,886 [INFO]    完整结果:
{"人物": ["杰克"], "概念": [], "方法": [], "理论": [], "组织": [], "书籍": [], "情绪": [], "行为": []}
2025-11-27 19:43:07,011 [INFO] ✅ 关系抽取成功: 共 0 个关系
2025-11-27 19:43:07,011 [INFO]    完整结果:
{"提出": [], "包含": [], "应用": [], "来源": [], "解释": [], "相关": [], "导致": [], "影响": []}
2025-11-27 19:43:07,011 [INFO] 
📊 进度统计:
2025-11-27 19:43:07,011 [INFO]    已处理批次: 126/693 (18.2%)
2025-11-27 19:43:07,011 [INFO]    已处理段落: 630/3465
2025-11-27 19:43:07,011 [INFO]    成功: 126, 失败: 0
2025-11-27 19:43:07,011 [INFO]    已用时: 19.4 分钟
2025-11-27 19:43:07,011 [INFO]    预计剩余: 87.2 分钟
2025-11-27 19:43:07,011 [INFO]    预计总时间: 106.5 分钟
2025-11-27 19:43:07,011 [INFO] 
================================================================================
2025-11-27 19:43:07,011 [INFO] 处理第 127/693 批 (段落 631-635)
2025-11-27 19:43:07,011 [INFO] ================================================================================
2025-11-27 19:43:07,012 [INFO] 📄 本批段落数: 5
2025-11-27 19:43:07,012 [INFO] 📄 合并文本长度: 147 字符
2025-11-27 19:43:07,012 [INFO] 📄 完整文本:
这样的表达经常会引发他人的逆反心理，而非慈悲之情。

“经常”“很少”这样的词也可能混淆观察和评论。

非暴力沟通的第一个要素是区分观察与评论。当我们在观察中夹杂

着自己的评论时，他人往往会认为我们在批评他们，并因而产生抗拒的

心理。非暴力沟通是一种动态的语言，它不鼓励人们做静态、一概而论
2025-11-27 19:43:07,012 [INFO] --------------------------------------------------------------------------------
2025-11-27 19:43:11,654 [INFO] ✅ 实体抽取成功: 共 4 个实体
2025-11-27 19:43:11,654 [INFO]    完整结果:
{"人物": [], "概念": ["逆反心理", "非暴力沟通"], "方法": [], "理论": [], "组织": [], "书籍": [], "情绪": ["慈悲之情", "抗拒"], "行为": []}
2025-11-27 19:43:16,422 [INFO] ✅ 关系抽取成功: 共 1 个关系
2025-11-27 19:43:16,422 [INFO]    完整结果:
{"提出": [], "包含": [], "应用": [], "来源": [], "解释": [{"subject": "非暴力沟通", "object": "动态的语言"}], "相关": [], "导致": [], "影响": []}
2025-11-27 19:43:16,422 [INFO] 
📊 进度统计:
2025-11-27 19:43:16,422 [INFO]    已处理批次: 127/693 (18.3%)
2025-11-27 19:43:16,422 [INFO]    已处理段落: 635/3465
2025-11-27 19:43:16,422 [INFO]    成功: 127, 失败: 0
2025-11-27 19:43:16,422 [INFO]    已用时: 19.5 分钟
2025-11-27 19:43:16,422 [INFO]    预计剩余: 87.0 分钟
2025-11-27 19:43:16,422 [INFO]    预计总时间: 106.5 分钟
2025-11-27 19:43:16,422 [INFO] 
================================================================================
2025-11-27 19:43:16,422 [INFO] 处理第 128/693 批 (段落 636-640)
2025-11-27 19:43:16,422 [INFO] ================================================================================
2025-11-27 19:43:16,422 [INFO] 📄 本批段落数: 5
2025-11-27 19:43:16,423 [INFO] 📄 合并文本长度: 161 字符
2025-11-27 19:43:16,423 [INFO] 📄 完整文本:
的陈述，而是提倡我们在描述观察时，清楚地说出特定的时间和情境。

例如“汉克在过去20场球赛中未进一球”，而非“汉克是名糟糕的足球运

以下对话来自我主持的一场工作坊。在讲解了约半小时后，我停下

来请学员谈谈他们的心得。这时，有人举起手说：“你是我们遇到过的

当听到有人这样说我，我的回应方式可以有几种选择。其中一种是
2025-11-27 19:43:16,423 [INFO] --------------------------------------------------------------------------------
2025-11-27 19:43:20,083 [INFO] ✅ 实体抽取成功: 共 1 个实体
2025-11-27 19:43:20,084 [INFO]    完整结果:
{"人物": ["汉克"], "概念": [], "方法": [], "理论": [], "组织": [], "书籍": [], "情绪": [], "行为": []}
2025-11-27 19:43:23,346 [INFO] ✅ 关系抽取成功: 共 0 个关系
2025-11-27 19:43:23,346 [INFO]    完整结果:
{"提出": [], "包含": [], "应用": [], "来源": [], "解释": [], "相关": [], "导致": [], "影响": []}
2025-11-27 19:43:23,346 [INFO] 
📊 进度统计:
2025-11-27 19:43:23,346 [INFO]    已处理批次: 128/693 (18.5%)
2025-11-27 19:43:23,346 [INFO]    已处理段落: 640/3465
2025-11-27 19:43:23,346 [INFO]    成功: 128, 失败: 0
2025-11-27 19:43:23,346 [INFO]    已用时: 19.6 分钟
2025-11-27 19:43:23,346 [INFO]    预计剩余: 86.7 分钟
2025-11-27 19:43:23,346 [INFO]    预计总时间: 106.3 分钟
2025-11-27 19:43:23,346 [INFO] 
================================================================================
2025-11-27 19:43:23,346 [INFO] 处理第 129/693 批 (段落 641-645)
2025-11-27 19:43:23,346 [INFO] ================================================================================
2025-11-27 19:43:23,346 [INFO] 📄 本批段落数: 5
2025-11-27 19:43:23,346 [INFO] 📄 合并文本长度: 163 字符
2025-11-27 19:43:23,346 [INFO] 📄 完整文本:
认为这确实是我的问题。我知道，一旦我想讨好对方、为自己辩护或开

脱，就可以将错误归咎到自己身上。另一种方式是认为对方在攻击我而

开始反击，这也是我过去时常选择的方式。而这一次，我选择了第三种

方式，既没有辩解也没有指责对方，而是将注意力放在他言语背后发生

马歇尔：（猜测他的观察）你这么说，是针对我连续讲了半小时才给你
2025-11-27 19:43:23,346 [INFO] --------------------------------------------------------------------------------
2025-11-27 19:43:27,054 [INFO] ✅ 实体抽取成功: 共 2 个实体
2025-11-27 19:43:27,054 [INFO]    完整结果:
{"人物": ["马歇尔"], "概念": [], "方法": [], "理论": [], "组织": [], "书籍": [], "情绪": [], "行为": ["讨好"]}
2025-11-27 19:43:30,213 [INFO] ✅ 关系抽取成功: 共 0 个关系
2025-11-27 19:43:30,213 [INFO]    完整结果:
{"提出": [], "包含": [], "应用": [], "来源": [], "解释": [], "相关": [], "导致": [], "影响": []}
2025-11-27 19:43:30,213 [INFO] 
📊 进度统计:
2025-11-27 19:43:30,213 [INFO]    已处理批次: 129/693 (18.6%)
2025-11-27 19:43:30,213 [INFO]    已处理段落: 645/3465
2025-11-27 19:43:30,213 [INFO]    成功: 129, 失败: 0
2025-11-27 19:43:30,213 [INFO]    已用时: 19.8 分钟
2025-11-27 19:43:30,213 [INFO]    预计剩余: 86.4 分钟
2025-11-27 19:43:30,213 [INFO]    预计总时间: 106.1 分钟
2025-11-27 19:43:30,213 [INFO] 
================================================================================
2025-11-27 19:43:30,213 [INFO] 处理第 130/693 批 (段落 646-650)
2025-11-27 19:43:30,214 [INFO] ================================================================================
2025-11-27 19:43:30,214 [INFO] 📄 本批段落数: 5
2025-11-27 19:43:30,214 [INFO] 📄 合并文本长度: 163 字符
2025-11-27 19:43:30,214 [INFO] 📄 完整文本:
马歇尔：（请他澄清）那是不是因为我没有提到非暴力沟通对有些人来

马歇尔：所以，你这么说是因为我没有提到，有时我也很难运用非暴力

马歇尔：你感到不高兴，因为你希望我能告诉你们，我自己在使用这个

马歇尔：（当我能体会到他的感受和需要时，我感到放松了许多，我开

始关注他的请求）你是不是希望此时我能够承认，我自己在运用这个方
2025-11-27 19:43:30,214 [INFO] --------------------------------------------------------------------------------
2025-11-27 19:43:34,489 [INFO] ✅ 实体抽取成功: 共 3 个实体
2025-11-27 19:43:34,489 [INFO]    完整结果:
{"人物": ["马歇尔"], "概念": [], "方法": ["非暴力沟通"], "理论": [], "组织": [], "书籍": [], "情绪": ["不高兴"], "行为": []}
2025-11-27 19:43:37,640 [INFO] ✅ 关系抽取成功: 共 0 个关系
2025-11-27 19:43:37,640 [INFO]    完整结果:
{"提出": [], "包含": [], "应用": [], "来源": [], "解释": [], "相关": [], "导致": [], "影响": []}
2025-11-27 19:43:37,640 [INFO] 
📊 进度统计:
2025-11-27 19:43:37,640 [INFO]    已处理批次: 130/693 (18.8%)
2025-11-27 19:43:37,640 [INFO]    已处理段落: 650/3465
2025-11-27 19:43:37,640 [INFO]    成功: 130, 失败: 0
2025-11-27 19:43:37,640 [INFO]    已用时: 19.9 分钟
2025-11-27 19:43:37,640 [INFO]    预计剩余: 86.1 分钟
2025-11-27 19:43:37,640 [INFO]    预计总时间: 106.0 分钟
2025-11-27 19:43:37,640 [INFO] 
================================================================================
2025-11-27 19:43:37,640 [INFO] 处理第 131/693 批 (段落 651-655)
2025-11-27 19:43:37,640 [INFO] ================================================================================
2025-11-27 19:43:37,641 [INFO] 📄 本批段落数: 5
2025-11-27 19:43:37,641 [INFO] 📄 合并文本长度: 161 字符
2025-11-27 19:43:37,641 [INFO] 📄 完整文本:
马歇尔：（当我清楚地了解了他的观察、感受、需要以及请求后，我问

自己是否愿意满足他的请求）是的，这个方法对我来说也是不容易的。

在接下来的时间里，你也许会听到我讲述那些抓狂的时刻，有时甚至完

全做不到。而当我真的能够运用非暴力沟通时，就可以和他人建立紧密

的连结。因此，尽管有许多困难，我依然愿意坚持尝试这个方法。
2025-11-27 19:43:37,641 [INFO] --------------------------------------------------------------------------------
2025-11-27 19:43:41,688 [INFO] ✅ 实体抽取成功: 共 2 个实体
2025-11-27 19:43:41,688 [INFO]    完整结果:
{"人物": ["马歇尔"], "概念": [], "方法": ["非暴力沟通"], "理论": [], "组织": [], "书籍": [], "情绪": [], "行为": []}
2025-11-27 19:43:46,960 [INFO] ✅ 关系抽取成功: 共 1 个关系
2025-11-27 19:43:46,960 [INFO]    完整结果:
{"提出": [], "包含": [], "应用": [{"subject": "非暴力沟通", "object": "马歇尔"}], "来源": [], "解释": [], "相关": [], "导致": [], "影响": []}
2025-11-27 19:43:46,960 [INFO] 
📊 进度统计:
2025-11-27 19:43:46,960 [INFO]    已处理批次: 131/693 (18.9%)
2025-11-27 19:43:46,960 [INFO]    已处理段落: 655/3465
2025-11-27 19:43:46,960 [INFO]    成功: 131, 失败: 0
2025-11-27 19:43:46,960 [INFO]    已用时: 20.0 分钟
2025-11-27 19:43:46,960 [INFO]    预计剩余: 85.9 分钟
2025-11-27 19:43:46,960 [INFO]    预计总时间: 106.0 分钟
2025-11-27 19:43:46,960 [INFO] 
================================================================================
2025-11-27 19:43:46,960 [INFO] 处理第 132/693 批 (段落 656-660)
2025-11-27 19:43:46,960 [INFO] ================================================================================
2025-11-27 19:43:46,960 [INFO] 📄 本批段落数: 5
2025-11-27 19:43:46,960 [INFO] 📄 合并文本长度: 144 字符
2025-11-27 19:43:46,961 [INFO] 📄 完整文本:
请完成以下练习，看看你是否可以熟练区分观察和评论。请标出那

2. “昨天晚上，南希一边看电视、一边咬指甲。”

3. “会议上我没有听到桑姆询问我的意见。”

1. 如果你认为这句话是观察，我们的意见不同。我认为“无缘无

故”是评论。此外，我认为说约翰“发脾气”也是评论。他也许感到受
2025-11-27 19:43:46,961 [INFO] --------------------------------------------------------------------------------
2025-11-27 19:43:51,608 [INFO] ✅ 实体抽取成功: 共 5 个实体
2025-11-27 19:43:51,608 [INFO]    完整结果:
{"人物": ["南希", "桑姆", "约翰"], "概念": [], "方法": [], "理论": [], "组织": [], "书籍": [], "情绪": [], "行为": ["咬指甲", "发脾气"]}
2025-11-27 19:43:54,753 [INFO] ✅ 关系抽取成功: 共 0 个关系
2025-11-27 19:43:54,753 [INFO]    完整结果:
{"提出": [], "包含": [], "应用": [], "来源": [], "解释": [], "相关": [], "导致": [], "影响": []}
2025-11-27 19:43:54,753 [INFO] 
📊 进度统计:
2025-11-27 19:43:54,753 [INFO]    已处理批次: 132/693 (19.0%)
2025-11-27 19:43:54,753 [INFO]    已处理段落: 660/3465
2025-11-27 19:43:54,753 [INFO]    成功: 132, 失败: 0
2025-11-27 19:43:54,753 [INFO]    已用时: 20.2 分钟
2025-11-27 19:43:54,753 [INFO]    预计剩余: 85.7 分钟
2025-11-27 19:43:54,753 [INFO]    预计总时间: 105.9 分钟
2025-11-27 19:43:54,753 [INFO] 
================================================================================
2025-11-27 19:43:54,753 [INFO] 处理第 133/693 批 (段落 661-665)
2025-11-27 19:43:54,753 [INFO] ================================================================================
2025-11-27 19:43:54,753 [INFO] 📄 本批段落数: 5
2025-11-27 19:43:54,753 [INFO] 📄 合并文本长度: 153 字符
2025-11-27 19:43:54,753 [INFO] 📄 完整文本:
伤、害怕、伤心……不带有评论的观察可以是：“约翰告诉我他在生

气。”或者是：“约翰用拳头砸了一下桌子。”

2. 如果你认为这句话是观察，我们的意见一致，这是一个不带评论

3. 如果你认为这句话是观察，我们的意见一致，这是一个不带评论

4. 如果你认为这句话是观察，我们的意见不同。我认为“好人”是评
2025-11-27 19:43:54,753 [INFO] --------------------------------------------------------------------------------
2025-11-27 19:43:59,723 [INFO] ✅ 实体抽取成功: 共 5 个实体
2025-11-27 19:43:59,723 [INFO]    完整结果:
{"人物": ["约翰"], "概念": [], "方法": [], "理论": [], "组织": [], "书籍": [], "情绪": ["伤", "害怕", "伤心"], "行为": ["用拳头砸了一下桌子"]}
2025-11-27 19:44:02,879 [INFO] ✅ 关系抽取成功: 共 0 个关系
2025-11-27 19:44:02,879 [INFO]    完整结果:
{"提出": [], "包含": [], "应用": [], "来源": [], "解释": [], "相关": [], "导致": [], "影响": []}
2025-11-27 19:44:02,879 [INFO] 
📊 进度统计:
2025-11-27 19:44:02,879 [INFO]    已处理批次: 133/693 (19.2%)
2025-11-27 19:44:02,879 [INFO]    已处理段落: 665/3465
2025-11-27 19:44:02,879 [INFO]    成功: 133, 失败: 0
2025-11-27 19:44:02,879 [INFO]    已用时: 20.3 分钟
2025-11-27 19:44:02,879 [INFO]    预计剩余: 85.5 分钟
2025-11-27 19:44:02,879 [INFO]    预计总时间: 105.8 分钟
2025-11-27 19:44:02,879 [INFO] 
================================================================================
2025-11-27 19:44:02,879 [INFO] 处理第 134/693 批 (段落 666-670)
2025-11-27 19:44:02,879 [INFO] ================================================================================
2025-11-27 19:44:02,879 [INFO] 📄 本批段落数: 5
2025-11-27 19:44:02,879 [INFO] 📄 合并文本长度: 165 字符
2025-11-27 19:44:02,879 [INFO] 📄 完整文本:
论。不带评论的观察可以是：“过去25年来，我的父亲将他收入的十分

5. 如果你认为这句话是观察，我们的意见不同。我认为“太多”是评

论。不带评论的观察可以是：“这周詹尼斯在办公室工作了60小时以

6. 如果你认为这句话是观察，我们的意见不同。我认为“强势”是评

论。不带评论的观察可以是：“亨利在妹妹切换电视频道时撞了她一
2025-11-27 19:44:02,879 [INFO] --------------------------------------------------------------------------------
2025-11-27 19:44:07,156 [INFO] ✅ 实体抽取成功: 共 2 个实体
2025-11-27 19:44:07,157 [INFO]    完整结果:
{"人物": ["詹尼斯", "亨利"], "概念": [], "方法": [], "理论": [], "组织": [], "书籍": [], "情绪": [], "行为": []}
2025-11-27 19:44:10,604 [INFO] ✅ 关系抽取成功: 共 0 个关系
2025-11-27 19:44:10,604 [INFO]    完整结果:
{"提出": [], "包含": [], "应用": [], "来源": [], "解释": [], "相关": [], "导致": [], "影响": []}
2025-11-27 19:44:10,604 [INFO] 
📊 进度统计:
2025-11-27 19:44:10,604 [INFO]    已处理批次: 134/693 (19.3%)
2025-11-27 19:44:10,604 [INFO]    已处理段落: 670/3465
2025-11-27 19:44:10,604 [INFO]    成功: 134, 失败: 0
2025-11-27 19:44:10,604 [INFO]    已用时: 20.4 分钟
2025-11-27 19:44:10,604 [INFO]    预计剩余: 85.2 分钟
2025-11-27 19:44:10,604 [INFO]    预计总时间: 105.6 分钟
2025-11-27 19:44:10,604 [INFO] 
================================================================================
2025-11-27 19:44:10,604 [INFO] 处理第 135/693 批 (段落 671-675)
2025-11-27 19:44:10,604 [INFO] ================================================================================
2025-11-27 19:44:10,604 [INFO] 📄 本批段落数: 5
2025-11-27 19:44:10,604 [INFO] 📄 合并文本长度: 162 字符
2025-11-27 19:44:10,604 [INFO] 📄 完整文本:
7. 如果你认为这句话是观察，我们的意见一致，这是一个不带评论

8. 如果你认为这句话是观察，我们的意见不同。我认为“经常”是评

论。不带评论的观察可以是：“本周我的儿子有两次没有在睡觉前刷

9. 如果你认为这句话是观察，我们的意见一致，这是一个不带评论

10.如果你认为这句话是观察，我们的意见不同。我认为“爱发牢
2025-11-27 19:44:10,604 [INFO] --------------------------------------------------------------------------------
2025-11-27 19:44:13,905 [INFO] ✅ 实体抽取成功: 共 1 个实体
2025-11-27 19:44:13,906 [INFO]    完整结果:
{"人物": [], "概念": [], "方法": [], "理论": [], "组织": [], "书籍": [], "情绪": [], "行为": ["观察"]}
2025-11-27 19:44:17,016 [INFO] ✅ 关系抽取成功: 共 0 个关系
2025-11-27 19:44:17,016 [INFO]    完整结果:
{"提出": [], "包含": [], "应用": [], "来源": [], "解释": [], "相关": [], "导致": [], "影响": []}
2025-11-27 19:44:17,016 [INFO] 
📊 进度统计:
2025-11-27 19:44:17,016 [INFO]    已处理批次: 135/693 (19.5%)
2025-11-27 19:44:17,016 [INFO]    已处理段落: 675/3465
2025-11-27 19:44:17,016 [INFO]    成功: 135, 失败: 0
2025-11-27 19:44:17,016 [INFO]    已用时: 20.5 分钟
2025-11-27 19:44:17,016 [INFO]    预计剩余: 84.9 分钟
2025-11-27 19:44:17,016 [INFO]    预计总时间: 105.4 分钟
2025-11-27 19:44:17,016 [INFO] 
================================================================================
2025-11-27 19:44:17,016 [INFO] 处理第 136/693 批 (段落 676-680)
2025-11-27 19:44:17,016 [INFO] ================================================================================
2025-11-27 19:44:17,016 [INFO] 📄 本批段落数: 5
2025-11-27 19:44:17,016 [INFO] 📄 合并文本长度: 160 字符
2025-11-27 19:44:17,016 [INFO] 📄 完整文本:
骚”是评论。不带评论的观察可以是：“这周我的姑姑给我打了3次电

话，每次她都会说起别人用她不喜欢的方式对待她。”

非暴力沟通的第一个要素是不带评论的观察；第二个要素则是如何

表达内心的感受。心理治疗师罗洛·梅（Rollo May）认为：“成熟的人能

捕捉到感受的细微差别，不论是强烈热忱的，还是微妙细腻的，就好像
2025-11-27 19:44:17,017 [INFO] --------------------------------------------------------------------------------
2025-11-27 19:44:21,975 [INFO] ✅ 实体抽取成功: 共 3 个实体
2025-11-27 19:44:21,975 [INFO]    完整结果:
{"人物": ["罗洛·梅", "Rollo May"], "概念": [], "方法": ["非暴力沟通"], "理论": [], "组织": [], "书籍": [], "情绪": [], "行为": []}
2025-11-27 19:44:27,343 [INFO] ✅ 关系抽取成功: 共 1 个关系
2025-11-27 19:44:27,343 [INFO]    完整结果:
{"提出": [{"subject": "非暴力沟通", "object": "罗洛·梅"}], "包含": [], "应用": [], "来源": [], "解释": [], "相关": [], "导致": [], "影响": []}
2025-11-27 19:44:27,343 [INFO] 
📊 进度统计:
2025-11-27 19:44:27,343 [INFO]    已处理批次: 136/693 (19.6%)
2025-11-27 19:44:27,343 [INFO]    已处理段落: 680/3465
2025-11-27 19:44:27,343 [INFO]    成功: 136, 失败: 0
2025-11-27 19:44:27,343 [INFO]    已用时: 20.7 分钟
2025-11-27 19:44:27,343 [INFO]    预计剩余: 84.8 分钟
2025-11-27 19:44:27,343 [INFO]    预计总时间: 105.5 分钟
2025-11-27 19:44:27,343 [INFO] 
================================================================================
2025-11-27 19:44:27,343 [INFO] 处理第 137/693 批 (段落 681-685)
2025-11-27 19:44:27,343 [INFO] ================================================================================
2025-11-27 19:44:27,343 [INFO] 📄 本批段落数: 5
2025-11-27 19:44:27,343 [INFO] 📄 合并文本长度: 152 字符
2025-11-27 19:44:27,343 [INFO] 📄 完整文本:
聆听交响乐的不同乐章。”然而对许多人来说，我们所能体会的感受就

如他所描述的，“像军号上的音符一样单调”。

相比形容感受的词汇数量，我们用来评论他人的词汇通常要多得

多。我在美国上了21年学，却想不起有什么人问过我的感受。人们认为

感受是无关紧要的，重要的是各种权威所界定的“正确思考方式”。我们
2025-11-27 19:44:27,343 [INFO] --------------------------------------------------------------------------------
2025-11-27 19:44:30,975 [INFO] ✅ 实体抽取成功: 共 1 个实体
2025-11-27 19:44:30,975 [INFO]    完整结果:
{"人物": [], "概念": [], "方法": [], "理论": [], "组织": [], "书籍": [], "情绪": [], "行为": ["聆听交响乐"]}
2025-11-27 19:44:34,113 [INFO] ✅ 关系抽取成功: 共 0 个关系
2025-11-27 19:44:34,113 [INFO]    完整结果:
{"提出": [], "包含": [], "应用": [], "来源": [], "解释": [], "相关": [], "导致": [], "影响": []}
2025-11-27 19:44:34,113 [INFO] 
📊 进度统计:
2025-11-27 19:44:34,113 [INFO]    已处理批次: 137/693 (19.8%)
2025-11-27 19:44:34,113 [INFO]    已处理段落: 685/3465
2025-11-27 19:44:34,113 [INFO]    成功: 137, 失败: 0
2025-11-27 19:44:34,113 [INFO]    已用时: 20.8 分钟
2025-11-27 19:44:34,113 [INFO]    预计剩余: 84.5 分钟
2025-11-27 19:44:34,113 [INFO]    预计总时间: 105.3 分钟
2025-11-27 19:44:34,113 [INFO] 
================================================================================
2025-11-27 19:44:34,113 [INFO] 处理第 138/693 批 (段落 686-690)
2025-11-27 19:44:34,113 [INFO] ================================================================================
2025-11-27 19:44:34,113 [INFO] 📄 本批段落数: 5
2025-11-27 19:44:34,113 [INFO] 📄 合并文本长度: 162 字符
2025-11-27 19:44:34,113 [INFO] 📄 完整文本:
被训练成以他人为导向，而非聆听自己。我们逐渐习惯于考虑：“人们

我们是如何开始与感受渐行渐远的呢？回想起我9岁那年，有一天

放学后，我躲在教室里，想要避开在校外等着打我的几个男生。一位老

师发现了我，让我离开学校。当我告诉她我很害怕时，她斩钉截铁地对

我说：“男孩子不要胆小怕事！”几年后，作为运动员，我的感受更显得
2025-11-27 19:44:34,113 [INFO] --------------------------------------------------------------------------------
2025-11-27 19:44:37,663 [INFO] ✅ 实体抽取成功: 共 1 个实体
2025-11-27 19:44:37,664 [INFO]    完整结果:
{"人物": [], "概念": [], "方法": [], "理论": [], "组织": [], "书籍": [], "情绪": [], "行为": ["躲避"]}
2025-11-27 19:44:40,955 [INFO] ✅ 关系抽取成功: 共 0 个关系
2025-11-27 19:44:40,956 [INFO]    完整结果:
{"提出": [], "包含": [], "应用": [], "来源": [], "解释": [], "相关": [], "导致": [], "影响": []}
2025-11-27 19:44:40,956 [INFO] 
📊 进度统计:
2025-11-27 19:44:40,956 [INFO]    已处理批次: 138/693 (19.9%)
2025-11-27 19:44:40,956 [INFO]    已处理段落: 690/3465
2025-11-27 19:44:40,956 [INFO]    成功: 138, 失败: 0
2025-11-27 19:44:40,956 [INFO]    已用时: 20.9 分钟
2025-11-27 19:44:40,956 [INFO]    预计剩余: 84.2 分钟
2025-11-27 19:44:40,956 [INFO]    预计总时间: 105.1 分钟
2025-11-27 19:44:40,956 [INFO] 
================================================================================
2025-11-27 19:44:40,956 [INFO] 处理第 139/693 批 (段落 691-695)
2025-11-27 19:44:40,956 [INFO] ================================================================================
2025-11-27 19:44:40,956 [INFO] 📄 本批段落数: 5
2025-11-27 19:44:40,956 [INFO] 📄 合并文本长度: 162 字符
2025-11-27 19:44:40,956 [INFO] 📄 完整文本:
微不足道。教练们评估运动员的方式是他们是否拼尽了全力，即使身体

疼痛，也在继续迎战。有一次我的手腕骨折，我没有接受任何治疗，依

在一次工作坊上，一位大学生提到他的室友在夜晚将音响开得很大

声，一整夜他都无法入睡。我询问他对此事的感受，他说：“我觉得晚

上把音乐放得这么大声是不对的。”我提醒他，虽然他用了“觉得”这个
2025-11-27 19:44:40,956 [INFO] --------------------------------------------------------------------------------
2025-11-27 19:44:44,918 [INFO] ✅ 实体抽取成功: 共 2 个实体
2025-11-27 19:44:44,918 [INFO]    完整结果:
{"人物": [], "概念": [], "方法": [], "理论": [], "组织": [], "书籍": [], "情绪": ["微不足道", "疼痛"], "行为": []}
2025-11-27 19:44:48,075 [INFO] ✅ 关系抽取成功: 共 0 个关系
2025-11-27 19:44:48,075 [INFO]    完整结果:
{"提出": [], "包含": [], "应用": [], "来源": [], "解释": [], "相关": [], "导致": [], "影响": []}
2025-11-27 19:44:48,075 [INFO] 
📊 进度统计:
2025-11-27 19:44:48,075 [INFO]    已处理批次: 139/693 (20.1%)
2025-11-27 19:44:48,075 [INFO]    已处理段落: 695/3465
2025-11-27 19:44:48,075 [INFO]    成功: 139, 失败: 0
2025-11-27 19:44:48,075 [INFO]    已用时: 21.1 分钟
2025-11-27 19:44:48,075 [INFO]    预计剩余: 83.9 分钟
2025-11-27 19:44:48,075 [INFO]    预计总时间: 105.0 分钟
2025-11-27 19:44:48,075 [INFO] 
================================================================================
2025-11-27 19:44:48,076 [INFO] 处理第 140/693 批 (段落 696-700)
2025-11-27 19:44:48,076 [INFO] ================================================================================
2025-11-27 19:44:48,076 [INFO] 📄 本批段落数: 5
2025-11-27 19:44:48,076 [INFO] 📄 合并文本长度: 162 字符
2025-11-27 19:44:48,076 [INFO] 📄 完整文本:
词，但他所表达的是他的想法，而非感受。我请他再次试着表达感受。

这一次，他说：“我觉得，那样做会打扰到别人。”我向他解释，这依然

是一个想法而非感受。他想了想，激动地大声说：“我对这件事情没有

很明显，这位学生有着强烈的感受。遗憾的是，他体会不到感受，

更不用说表达了。对许多人来说，体会和表达感受并不容易，对律师、
2025-11-27 19:44:48,076 [INFO] --------------------------------------------------------------------------------
2025-11-27 19:44:51,420 [INFO] ✅ 实体抽取成功: 共 1 个实体
2025-11-27 19:44:51,420 [INFO]    完整结果:
{"人物": [], "概念": [], "方法": [], "理论": [], "组织": [], "书籍": [], "情绪": ["感受"], "行为": []}
2025-11-27 19:44:56,195 [INFO] ✅ 关系抽取成功: 共 1 个关系
2025-11-27 19:44:56,195 [INFO]    完整结果:
{"提出": [], "包含": [], "应用": [], "来源": [], "解释": [{"subject": "感受", "object": "想法"}], "相关": [], "导致": [], "影响": []}
2025-11-27 19:44:56,195 [INFO] 
📊 进度统计:
2025-11-27 19:44:56,195 [INFO]    已处理批次: 140/693 (20.2%)
2025-11-27 19:44:56,195 [INFO]    已处理段落: 700/3465
2025-11-27 19:44:56,195 [INFO]    成功: 140, 失败: 0
2025-11-27 19:44:56,195 [INFO]    已用时: 21.2 分钟
2025-11-27 19:44:56,195 [INFO]    预计剩余: 83.7 分钟
2025-11-27 19:44:56,196 [INFO]    预计总时间: 104.9 分钟
2025-11-27 19:44:56,196 [INFO] 
================================================================================
2025-11-27 19:44:56,196 [INFO] 处理第 141/693 批 (段落 701-705)
2025-11-27 19:44:56,196 [INFO] ================================================================================
2025-11-27 19:44:56,196 [INFO] 📄 本批段落数: 5
2025-11-27 19:44:56,196 [INFO] 📄 合并文本长度: 169 字符
2025-11-27 19:44:56,196 [INFO] 📄 完整文本:
工程师、警察、企业经理人、军人尤为困难，流露情感与他们的职业形

象相冲突。而在家庭中，家人之间无法交流情感，是很悲哀的。乡村歌

手瑞芭·麦克英特尔（Reba Mc Entire）在父亲过世时写了一首歌，名为

《我未曾认识的伟大人物》。许多人渴望与父亲建立情感连结，却从未

我经常听到这样的说法：“请别误会我的意思，我的先生是个很棒
2025-11-27 19:44:56,196 [INFO] --------------------------------------------------------------------------------
2025-11-27 19:45:01,966 [INFO] ✅ 实体抽取成功: 共 3 个实体
2025-11-27 19:45:01,966 [INFO]    完整结果:
{"人物": ["手瑞芭·麦克英特尔", "Reba Mc Entire"], "概念": ["情感"], "方法": [], "理论": [], "组织": [], "书籍": [], "情绪": [], "行为": []}
2025-11-27 19:45:05,206 [INFO] ✅ 关系抽取成功: 共 0 个关系
2025-11-27 19:45:05,206 [INFO]    完整结果:
{"提出": [], "包含": [], "应用": [], "来源": [], "解释": [], "相关": [], "导致": [], "影响": []}
2025-11-27 19:45:05,206 [INFO] 
📊 进度统计:
2025-11-27 19:45:05,206 [INFO]    已处理批次: 141/693 (20.3%)
2025-11-27 19:45:05,206 [INFO]    已处理段落: 705/3465
2025-11-27 19:45:05,206 [INFO]    成功: 141, 失败: 0
2025-11-27 19:45:05,206 [INFO]    已用时: 21.3 分钟
2025-11-27 19:45:05,206 [INFO]    预计剩余: 83.5 分钟
2025-11-27 19:45:05,207 [INFO]    预计总时间: 104.9 分钟
2025-11-27 19:45:05,207 [INFO] 
================================================================================
2025-11-27 19:45:05,207 [INFO] 处理第 142/693 批 (段落 706-710)
2025-11-27 19:45:05,207 [INFO] ================================================================================
2025-11-27 19:45:05,207 [INFO] 📄 本批段落数: 5
2025-11-27 19:45:05,207 [INFO] 📄 合并文本长度: 156 字符
2025-11-27 19:45:05,207 [INFO] 📄 完整文本:
的男人，只不过我从来不知道他有什么感受。”有一次，一位女士将先

生带到了工作坊中，上课时，她对他说：“我觉得我就像嫁给了一堵

墙。”而这位先生的反应真的像极了一堵墙，他坐在那里一动不动、一

言不发。恼羞成怒的太太转向我大声说：“你看！他永远都是这样，坐

在那里，一句话也不说。我真的像在和一堵墙过日子。”
2025-11-27 19:45:05,207 [INFO] --------------------------------------------------------------------------------
2025-11-27 19:45:09,180 [INFO] ✅ 实体抽取成功: 共 1 个实体
2025-11-27 19:45:09,181 [INFO]    完整结果:
{"人物": [], "概念": [], "方法": [], "理论": [], "组织": [], "书籍": [], "情绪": ["恼羞成怒"], "行为": []}
2025-11-27 19:45:12,491 [INFO] ✅ 关系抽取成功: 共 0 个关系
2025-11-27 19:45:12,491 [INFO]    完整结果:
{"提出": [], "包含": [], "应用": [], "来源": [], "解释": [], "相关": [], "导致": [], "影响": []}
2025-11-27 19:45:12,491 [INFO] 
📊 进度统计:
2025-11-27 19:45:12,491 [INFO]    已处理批次: 142/693 (20.5%)
2025-11-27 19:45:12,491 [INFO]    已处理段落: 710/3465
2025-11-27 19:45:12,491 [INFO]    成功: 142, 失败: 0
2025-11-27 19:45:12,491 [INFO]    已用时: 21.5 分钟
2025-11-27 19:45:12,491 [INFO]    预计剩余: 83.3 分钟
2025-11-27 19:45:12,491 [INFO]    预计总时间: 104.7 分钟
2025-11-27 19:45:12,491 [INFO] 
================================================================================
2025-11-27 19:45:12,491 [INFO] 处理第 143/693 批 (段落 711-715)
2025-11-27 19:45:12,491 [INFO] ================================================================================
2025-11-27 19:45:12,491 [INFO] 📄 本批段落数: 5
2025-11-27 19:45:12,491 [INFO] 📄 合并文本长度: 162 字符
2025-11-27 19:45:12,491 [INFO] 📄 完整文本:
“你是不是感到孤单，想要和先生有更多情感上的交流？”我回应

她。在她表示认同后，我尝试让她理解，类似“我觉得我就像嫁给了一

堵墙”这样的话，不太可能让她的先生明白她的感受与渴望，反而更容

易认为她在批评他。并且，这类话语最后往往会真的应验，也就是说，

当先生听到太太批评他“像一堵墙”时，会感到委屈和气馁，因而不愿意
2025-11-27 19:45:12,491 [INFO] --------------------------------------------------------------------------------
2025-11-27 19:45:15,893 [INFO] ✅ 实体抽取成功: 共 1 个实体
2025-11-27 19:45:15,893 [INFO]    完整结果:
{"人物": [], "概念": [], "方法": [], "理论": [], "组织": [], "书籍": [], "情绪": ["孤单"], "行为": []}
2025-11-27 19:45:19,089 [INFO] ✅ 关系抽取成功: 共 0 个关系
2025-11-27 19:45:19,089 [INFO]    完整结果:
{"提出": [], "包含": [], "应用": [], "来源": [], "解释": [], "相关": [], "导致": [], "影响": []}
2025-11-27 19:45:19,089 [INFO] 
📊 进度统计:
2025-11-27 19:45:19,089 [INFO]    已处理批次: 143/693 (20.6%)
2025-11-27 19:45:19,089 [INFO]    已处理段落: 715/3465
2025-11-27 19:45:19,089 [INFO]    成功: 143, 失败: 0
2025-11-27 19:45:19,089 [INFO]    已用时: 21.6 分钟
2025-11-27 19:45:19,089 [INFO]    预计剩余: 83.0 分钟
2025-11-27 19:45:19,089 [INFO]    预计总时间: 104.5 分钟
2025-11-27 19:45:19,089 [INFO] 
================================================================================
2025-11-27 19:45:19,089 [INFO] 处理第 144/693 批 (段落 716-720)
2025-11-27 19:45:19,089 [INFO] ================================================================================
2025-11-27 19:45:19,089 [INFO] 📄 本批段落数: 5
2025-11-27 19:45:19,089 [INFO] 📄 合并文本长度: 161 字符
2025-11-27 19:45:19,089 [INFO] 📄 完整文本:
做出回应。这样一来，先生像是一堵墙的印象便会在太太心中进一步得

提升表达感受的能力不仅有利于促进我们的亲密关系，对职场关系

也会有帮助。一次，我为一家瑞士大公司的技术部门做咨询。他们面临

的困扰是，其他部门的同事不愿和他们打交道。在接受访问时，其他部

门的同事表示：“和他们说话就像对着一堆机器，所以我们不喜欢找他
2025-11-27 19:45:19,089 [INFO] --------------------------------------------------------------------------------
2025-11-27 19:45:22,830 [INFO] ✅ 实体抽取成功: 共 2 个实体
2025-11-27 19:45:22,830 [INFO]    完整结果:
{"人物": [], "概念": [], "方法": [], "理论": [], "组织": ["瑞士大公司"], "书籍": [], "情绪": [], "行为": ["回应"]}
2025-11-27 19:45:26,008 [INFO] ✅ 关系抽取成功: 共 0 个关系
2025-11-27 19:45:26,008 [INFO]    完整结果:
{"提出": [], "包含": [], "应用": [], "来源": [], "解释": [], "相关": [], "导致": [], "影响": []}
2025-11-27 19:45:26,008 [INFO] 
📊 进度统计:
2025-11-27 19:45:26,008 [INFO]    已处理批次: 144/693 (20.8%)
2025-11-27 19:45:26,009 [INFO]    已处理段落: 720/3465
2025-11-27 19:45:26,009 [INFO]    成功: 144, 失败: 0
2025-11-27 19:45:26,009 [INFO]    已用时: 21.7 分钟
2025-11-27 19:45:26,009 [INFO]    预计剩余: 82.7 分钟
2025-11-27 19:45:26,009 [INFO]    预计总时间: 104.4 分钟
2025-11-27 19:45:26,009 [INFO] 
================================================================================
2025-11-27 19:45:26,009 [INFO] 处理第 145/693 批 (段落 721-725)
2025-11-27 19:45:26,009 [INFO] ================================================================================
2025-11-27 19:45:26,009 [INFO] 📄 本批段落数: 5
2025-11-27 19:45:26,009 [INFO] 📄 合并文本长度: 160 字符
2025-11-27 19:45:26,009 [INFO] 📄 完整文本:
们咨询问题。”于是，我鼓励技术部门的成员在与同事们沟通时更多地

还有一次，我应邀为一所医院的行政管理层担任顾问。他们有一个

计划需要医生的支持，但在不久前，医生们以17:1的投票否决了该计

划。对于接下来和医生的对谈，管理层非常焦虑，期盼着我能向他们展

在模拟管理层与医生的对话时，我首先扮演了一名行政管理人员来
2025-11-27 19:45:26,009 [INFO] --------------------------------------------------------------------------------
2025-11-27 19:45:31,062 [INFO] ✅ 实体抽取成功: 共 5 个实体
2025-11-27 19:45:31,062 [INFO]    完整结果:
{"人物": [], "概念": [], "方法": [], "理论": [], "组织": [], "书籍": [], "情绪": ["焦虑"], "行为": ["咨询", "鼓励", "担任顾问", "对谈"]}
2025-11-27 19:45:34,256 [INFO] ✅ 关系抽取成功: 共 0 个关系
2025-11-27 19:45:34,256 [INFO]    完整结果:
{"提出": [], "包含": [], "应用": [], "来源": [], "解释": [], "相关": [], "导致": [], "影响": []}
2025-11-27 19:45:34,256 [INFO] 
📊 进度统计:
2025-11-27 19:45:34,257 [INFO]    已处理批次: 145/693 (20.9%)
2025-11-27 19:45:34,257 [INFO]    已处理段落: 725/3465
2025-11-27 19:45:34,257 [INFO]    成功: 145, 失败: 0
2025-11-27 19:45:34,257 [INFO]    已用时: 21.8 分钟
2025-11-27 19:45:34,257 [INFO]    预计剩余: 82.5 分钟
2025-11-27 19:45:34,257 [INFO]    预计总时间: 104.3 分钟
2025-11-27 19:45:34,257 [INFO] 
================================================================================
2025-11-27 19:45:34,257 [INFO] 处理第 146/693 批 (段落 726-730)
2025-11-27 19:45:34,257 [INFO] ================================================================================
2025-11-27 19:45:34,257 [INFO] 📄 本批段落数: 5
2025-11-27 19:45:34,257 [INFO] 📄 合并文本长度: 155 字符
2025-11-27 19:45:34,257 [INFO] 📄 完整文本:
开启谈话：“再一次提出这个计划，我感到非常惶恐。”之所以选择了这

样的开场白，是因为我体会到管理层对于和医生重启协商有着诸多害

怕。但我还没来得及往下说，一位负责人便打断了我并抗议道：“这太

不切实际了！我们决不能告诉医生们我们有多么害怕。”

当我问他为何不能承认自己的感受时，他毫不犹豫地答道：“一旦
2025-11-27 19:45:34,257 [INFO] --------------------------------------------------------------------------------
2025-11-27 19:45:38,193 [INFO] ✅ 实体抽取成功: 共 2 个实体
2025-11-27 19:45:38,193 [INFO]    完整结果:
{"人物": [], "概念": [], "方法": [], "理论": [], "组织": [], "书籍": [], "情绪": ["非常惶恐", "害怕"], "行为": []}
2025-11-27 19:45:41,375 [INFO] ✅ 关系抽取成功: 共 0 个关系
2025-11-27 19:45:41,375 [INFO]    完整结果:
{"提出": [], "包含": [], "应用": [], "来源": [], "解释": [], "相关": [], "导致": [], "影响": []}
2025-11-27 19:45:41,375 [INFO] 
📊 进度统计:
2025-11-27 19:45:41,375 [INFO]    已处理批次: 146/693 (21.1%)
2025-11-27 19:45:41,375 [INFO]    已处理段落: 730/3465
2025-11-27 19:45:41,375 [INFO]    成功: 146, 失败: 0
2025-11-27 19:45:41,375 [INFO]    已用时: 21.9 分钟
2025-11-27 19:45:41,375 [INFO]    预计剩余: 82.2 分钟
2025-11-27 19:45:41,375 [INFO]    预计总时间: 104.1 分钟
2025-11-27 19:45:41,375 [INFO] 
================================================================================
2025-11-27 19:45:41,375 [INFO] 处理第 147/693 批 (段落 731-735)
2025-11-27 19:45:41,375 [INFO] ================================================================================
2025-11-27 19:45:41,375 [INFO] 📄 本批段落数: 5
2025-11-27 19:45:41,375 [INFO] 📄 合并文本长度: 161 字符
2025-11-27 19:45:41,375 [INFO] 📄 完整文本:
我们示弱，他们会将我们批得体无完肤。”对于他的回答，我并不意

外。对许多人来说，在工作中表达感受是无法想象的事情。不过，让我

感到颇为欣慰的是，有一位负责人还是决定鼓起勇气尝试表达他的心

情、袒露他的脆弱。于是，他没有像惯常那样理性又冷静地陈述观点，

而是选择了表达他的心情，说明他为何希望医生们能改变立场。会议最
2025-11-27 19:45:41,375 [INFO] --------------------------------------------------------------------------------
2025-11-27 19:45:44,919 [INFO] ✅ 实体抽取成功: 共 1 个实体
2025-11-27 19:45:44,919 [INFO]    完整结果:
{"人物": [], "概念": [], "方法": [], "理论": [], "组织": [], "书籍": [], "情绪": [], "行为": ["表达感受"]}
2025-11-27 19:45:48,120 [INFO] ✅ 关系抽取成功: 共 0 个关系
2025-11-27 19:45:48,120 [INFO]    完整结果:
{"提出": [], "包含": [], "应用": [], "来源": [], "解释": [], "相关": [], "导致": [], "影响": []}
2025-11-27 19:45:48,120 [INFO] 
📊 进度统计:
2025-11-27 19:45:48,120 [INFO]    已处理批次: 147/693 (21.2%)
2025-11-27 19:45:48,120 [INFO]    已处理段落: 735/3465
2025-11-27 19:45:48,120 [INFO]    成功: 147, 失败: 0
2025-11-27 19:45:48,121 [INFO]    已用时: 22.1 分钟
2025-11-27 19:45:48,121 [INFO]    预计剩余: 81.9 分钟
2025-11-27 19:45:48,121 [INFO]    预计总时间: 104.0 分钟
2025-11-27 19:45:48,121 [INFO] 
================================================================================
2025-11-27 19:45:48,121 [INFO] 处理第 148/693 批 (段落 736-740)
2025-11-27 19:45:48,121 [INFO] ================================================================================
2025-11-27 19:45:48,121 [INFO] 📄 本批段落数: 5
2025-11-27 19:45:48,121 [INFO] 📄 合并文本长度: 162 字符
2025-11-27 19:45:48,121 [INFO] 📄 完整文本:
后，医生们非但没有将他“批得体无完肤”，还改变了之前的立场，并且

投票通过了该计划。这戏剧性的转变让管理层意识到，即使在工作中展

最后，我想分享我亲历的一场冲突事件，它让我明白压抑感受可能

会带来的后果。那时我正在为市中心贫民区一所学校的学生讲授非暴力

沟通。第一天，我一走进教室，学生们停下热火朝天的交谈，突然安静
2025-11-27 19:45:48,121 [INFO] --------------------------------------------------------------------------------
2025-11-27 19:45:52,382 [INFO] ✅ 实体抽取成功: 共 1 个实体
2025-11-27 19:45:52,382 [INFO]    完整结果:
{"人物": [], "概念": [], "方法": ["非暴力\n\n沟通"], "理论": [], "组织": [], "书籍": [], "情绪": [], "行为": []}
2025-11-27 19:45:55,603 [INFO] ✅ 关系抽取成功: 共 0 个关系
2025-11-27 19:45:55,603 [INFO]    完整结果:
{"提出": [], "包含": [], "应用": [], "来源": [], "解释": [], "相关": [], "导致": [], "影响": []}
2025-11-27 19:45:55,603 [INFO] 
📊 进度统计:
2025-11-27 19:45:55,603 [INFO]    已处理批次: 148/693 (21.4%)
2025-11-27 19:45:55,603 [INFO]    已处理段落: 740/3465
2025-11-27 19:45:55,603 [INFO]    成功: 148, 失败: 0
2025-11-27 19:45:55,603 [INFO]    已用时: 22.2 分钟
2025-11-27 19:45:55,603 [INFO]    预计剩余: 81.7 分钟
2025-11-27 19:45:55,603 [INFO]    预计总时间: 103.8 分钟
2025-11-27 19:45:55,603 [INFO] 
================================================================================
2025-11-27 19:45:55,603 [INFO] 处理第 149/693 批 (段落 741-745)
2025-11-27 19:45:55,603 [INFO] ================================================================================
2025-11-27 19:45:55,603 [INFO] 📄 本批段落数: 5
2025-11-27 19:45:55,603 [INFO] 📄 合并文本长度: 162 字符
2025-11-27 19:45:55,603 [INFO] 📄 完整文本:
下来。“早上好！”我向他们打招呼。依然是一片沉默。我开始感到不自

在，却又不好意思说出来。于是，我保持着职业形象继续上课。“本节

课中，我们将要学习一种沟通方法。我希望它能促进你们的家庭合睦，

我继续介绍着非暴力沟通的内容，但似乎没有人在听课。有个女生

翻了一通她的包，掏出一把指甲刀，开始起劲地修起了指甲。靠窗的学
2025-11-27 19:45:55,603 [INFO] --------------------------------------------------------------------------------
2025-11-27 19:46:01,106 [INFO] ✅ 实体抽取成功: 共 4 个实体
2025-11-27 19:46:01,106 [INFO]    完整结果:
{"人物": [], "概念": [], "方法": ["非暴力沟通"], "理论": [], "组织": [], "书籍": [], "情绪": ["不自\n\n在"], "行为": ["早晨", "打招呼"]}
2025-11-27 19:46:04,328 [INFO] ✅ 关系抽取成功: 共 0 个关系
2025-11-27 19:46:04,328 [INFO]    完整结果:
{"提出": [], "包含": [], "应用": [], "来源": [], "解释": [], "相关": [], "导致": [], "影响": []}
2025-11-27 19:46:04,328 [INFO] 
📊 进度统计:
2025-11-27 19:46:04,328 [INFO]    已处理批次: 149/693 (21.5%)
2025-11-27 19:46:04,328 [INFO]    已处理段落: 745/3465
2025-11-27 19:46:04,328 [INFO]    成功: 149, 失败: 0
2025-11-27 19:46:04,328 [INFO]    已用时: 22.3 分钟
2025-11-27 19:46:04,328 [INFO]    预计剩余: 81.5 分钟
2025-11-27 19:46:04,328 [INFO]    预计总时间: 103.8 分钟
2025-11-27 19:46:04,328 [INFO] 
================================================================================
2025-11-27 19:46:04,328 [INFO] 处理第 150/693 批 (段落 746-750)
2025-11-27 19:46:04,328 [INFO] ================================================================================
2025-11-27 19:46:04,328 [INFO] 📄 本批段落数: 5
2025-11-27 19:46:04,328 [INFO] 📄 合并文本长度: 153 字符
2025-11-27 19:46:04,328 [INFO] 📄 完整文本:
生则转脸趴在玻璃窗上，好像街上有特别吸引人的事。我越发觉得不自

在，但还是什么都没说。终于，有位学生（他显然比我更勇敢）突然大

声说道：“你讨厌黑人，不是吗？”我吃惊地愣了一下，却很快意识到，

我试图隐藏我的不安导致了学生们对我的看法。

“我确实很紧张，”我告诉他们，“但并不是因为你们是黑人，而是
2025-11-27 19:46:04,328 [INFO] --------------------------------------------------------------------------------
2025-11-27 19:46:07,813 [INFO] ✅ 实体抽取成功: 共 1 个实体
2025-11-27 19:46:07,813 [INFO]    完整结果:
{"人物": [], "概念": [], "方法": [], "理论": [], "组织": [], "书籍": [], "情绪": ["不安"], "行为": []}
2025-11-27 19:46:11,032 [INFO] ✅ 关系抽取成功: 共 0 个关系
2025-11-27 19:46:11,032 [INFO]    完整结果:
{"提出": [], "包含": [], "应用": [], "来源": [], "解释": [], "相关": [], "导致": [], "影响": []}
2025-11-27 19:46:11,032 [INFO] 
📊 进度统计:
2025-11-27 19:46:11,032 [INFO]    已处理批次: 150/693 (21.6%)
2025-11-27 19:46:11,032 [INFO]    已处理段落: 750/3465
2025-11-27 19:46:11,032 [INFO]    成功: 150, 失败: 0
2025-11-27 19:46:11,032 [INFO]    已用时: 22.4 分钟
2025-11-27 19:46:11,032 [INFO]    预计剩余: 81.2 分钟
2025-11-27 19:46:11,032 [INFO]    预计总时间: 103.6 分钟
2025-11-27 19:46:11,033 [INFO] 💾 中间结果已保存: /root/projects/cwy/DeepKE/cwy/src/full_book_results/checkpoint_20251127_192319_batch150.pkl
2025-11-27 19:46:11,033 [INFO] 
================================================================================
2025-11-27 19:46:11,033 [INFO] 处理第 151/693 批 (段落 751-755)
2025-11-27 19:46:11,033 [INFO] ================================================================================
2025-11-27 19:46:11,033 [INFO] 📄 本批段落数: 5
2025-11-27 19:46:11,033 [INFO] 📄 合并文本长度: 160 字符
2025-11-27 19:46:11,033 [INFO] 📄 完整文本:
因为我和大家是初次见面，当我走进教室时特别希望能得到你们的接

纳。”当我表达了自己脆弱的一面，学生们的态度便有了明显的改变。

他们开始问问题，介绍他们自己，并开始对非暴力沟通表现出好奇。

我们使用语言的习惯时常会引发这样一个混淆，在使用“觉得／感

到／感觉”这类词时，我们实际上并没有在表达感受。例如，在“我觉得
2025-11-27 19:46:11,033 [INFO] --------------------------------------------------------------------------------
2025-11-27 19:46:14,605 [INFO] ✅ 实体抽取成功: 共 1 个实体
2025-11-27 19:46:14,605 [INFO]    完整结果:
{"人物": [], "概念": [], "方法": ["非暴力沟通"], "理论": [], "组织": [], "书籍": [], "情绪": [], "行为": []}
2025-11-27 19:46:17,765 [INFO] ✅ 关系抽取成功: 共 0 个关系
2025-11-27 19:46:17,765 [INFO]    完整结果:
{"提出": [], "包含": [], "应用": [], "来源": [], "解释": [], "相关": [], "导致": [], "影响": []}
2025-11-27 19:46:17,765 [INFO] 
📊 进度统计:
2025-11-27 19:46:17,765 [INFO]    已处理批次: 151/693 (21.8%)
2025-11-27 19:46:17,765 [INFO]    已处理段落: 755/3465
2025-11-27 19:46:17,765 [INFO]    成功: 151, 失败: 0
2025-11-27 19:46:17,765 [INFO]    已用时: 22.5 分钟
2025-11-27 19:46:17,765 [INFO]    预计剩余: 80.9 分钟
2025-11-27 19:46:17,765 [INFO]    预计总时间: 103.5 分钟
2025-11-27 19:46:17,765 [INFO] 
================================================================================
2025-11-27 19:46:17,765 [INFO] 处理第 152/693 批 (段落 756-760)
2025-11-27 19:46:17,765 [INFO] ================================================================================
2025-11-27 19:46:17,765 [INFO] 📄 本批段落数: 5
2025-11-27 19:46:17,765 [INFO] 📄 合并文本长度: 168 字符
2025-11-27 19:46:17,766 [INFO] 📄 完整文本:
没有得到公平对待”这句话中，将“我觉得”换成“我认为”也许更恰当。

在以下例子中，说话者在使用“觉得”时都并未准确地表达自己的感受。

1. 在“我感到/觉得”后加上一句话或类似“就像”“好似”这样的词：

2. 在“我感到/觉得”后带上“我、你、他、她、他们、它”这些人称。

3. 在“我感到/觉得”后加上指代他人的名称或者名词。
2025-11-27 19:46:17,766 [INFO] --------------------------------------------------------------------------------
2025-11-27 19:46:21,539 [INFO] ✅ 实体抽取成功: 共 0 个实体
2025-11-27 19:46:21,540 [INFO]    完整结果:
{"人物": [], "概念": [], "方法": [], "理论": [], "组织": [], "书籍": [], "情绪": [], "行为": []}
2025-11-27 19:46:25,297 [INFO] ✅ 关系抽取成功: 共 0 个关系
2025-11-27 19:46:25,297 [INFO]    完整结果:
{"提出": [], "包含": [], "应用": [], "来源": [], "解释": [], "相关": [], "导致": [], "影响": []}
2025-11-27 19:46:25,297 [INFO] 
📊 进度统计:
2025-11-27 19:46:25,297 [INFO]    已处理批次: 152/693 (21.9%)
2025-11-27 19:46:25,297 [INFO]    已处理段落: 760/3465
2025-11-27 19:46:25,297 [INFO]    成功: 152, 失败: 0
2025-11-27 19:46:25,297 [INFO]    已用时: 22.7 分钟
2025-11-27 19:46:25,297 [INFO]    预计剩余: 80.7 分钟
2025-11-27 19:46:25,297 [INFO]    预计总时间: 103.4 分钟
2025-11-27 19:46:25,297 [INFO] 
================================================================================
2025-11-27 19:46:25,297 [INFO] 处理第 153/693 批 (段落 761-765)
2025-11-27 19:46:25,297 [INFO] ================================================================================
2025-11-27 19:46:25,297 [INFO] 📄 本批段落数: 5
2025-11-27 19:46:25,297 [INFO] 📄 合并文本长度: 158 字符
2025-11-27 19:46:25,297 [INFO] 📄 完整文本:
相反，实际在表达感受时，我们甚至可以完全不使用“感到/觉得”这

个词。我们可以说“我觉得很恼火”，也可以简单地说“我很恼火”。

在非暴力沟通中，我们需要区分：我们是在表达自己的感受，还是

在这个句子中，我在评价自己作为吉他手的弹奏水平，而没有表达

当我认为自己“弹得不够好”时，背后的感受可能是失望、着急、沮
2025-11-27 19:46:25,297 [INFO] --------------------------------------------------------------------------------
2025-11-27 19:46:30,361 [INFO] ✅ 实体抽取成功: 共 5 个实体
2025-11-27 19:46:30,361 [INFO]    完整结果:
{"人物": [], "概念": ["非暴力沟通"], "方法": [], "理论": [], "组织": [], "书籍": [], "情绪": ["恼火", "失望", "着急", "沮"], "行为": []}
2025-11-27 19:46:33,522 [INFO] ✅ 关系抽取成功: 共 0 个关系
2025-11-27 19:46:33,522 [INFO]    完整结果:
{"提出": [], "包含": [], "应用": [], "来源": [], "解释": [], "相关": [], "导致": [], "影响": []}
2025-11-27 19:46:33,522 [INFO] 
📊 进度统计:
2025-11-27 19:46:33,522 [INFO]    已处理批次: 153/693 (22.1%)
2025-11-27 19:46:33,522 [INFO]    已处理段落: 765/3465
2025-11-27 19:46:33,522 [INFO]    成功: 153, 失败: 0
2025-11-27 19:46:33,522 [INFO]    已用时: 22.8 分钟
2025-11-27 19:46:33,522 [INFO]    预计剩余: 80.5 分钟
2025-11-27 19:46:33,522 [INFO]    预计总时间: 103.3 分钟
2025-11-27 19:46:33,522 [INFO] 
================================================================================
2025-11-27 19:46:33,522 [INFO] 处理第 154/693 批 (段落 766-770)
2025-11-27 19:46:33,522 [INFO] ================================================================================
2025-11-27 19:46:33,522 [INFO] 📄 本批段落数: 5
2025-11-27 19:46:33,522 [INFO] 📄 合并文本长度: 153 字符
2025-11-27 19:46:33,522 [INFO] 📄 完整文本:
还有些表达被误认为是感受，实际上却是我们对他人的想法，以下

“看不起”是在描述想法，即我认为别人如何看待我，背后的感受

“被误解”是在描述想法，即我认为他人不了解我，背后的感受也

这句话同样是在对他人行为做出诠释。当我们正想一个人呆着

时，“受到冷落”也许会让我们感到如释重负；但有时，如果我们很希
2025-11-27 19:46:33,522 [INFO] --------------------------------------------------------------------------------
2025-11-27 19:46:37,690 [INFO] ✅ 实体抽取成功: 共 3 个实体
2025-11-27 19:46:37,690 [INFO]    完整结果:
{"人物": [], "概念": [], "方法": [], "理论": [], "组织": [], "书籍": [], "情绪": ["看不起", "被误解", "受到冷落"], "行为": []}
2025-11-27 19:46:40,823 [INFO] ✅ 关系抽取成功: 共 0 个关系
2025-11-27 19:46:40,823 [INFO]    完整结果:
{"提出": [], "包含": [], "应用": [], "来源": [], "解释": [], "相关": [], "导致": [], "影响": []}
2025-11-27 19:46:40,823 [INFO] 
📊 进度统计:
2025-11-27 19:46:40,823 [INFO]    已处理批次: 154/693 (22.2%)
2025-11-27 19:46:40,823 [INFO]    已处理段落: 770/3465
2025-11-27 19:46:40,823 [INFO]    成功: 154, 失败: 0
2025-11-27 19:46:40,823 [INFO]    已用时: 22.9 分钟
2025-11-27 19:46:40,823 [INFO]    预计剩余: 80.3 分钟
2025-11-27 19:46:40,823 [INFO]    预计总时间: 103.2 分钟
2025-11-27 19:46:40,823 [INFO] 
================================================================================
2025-11-27 19:46:40,823 [INFO] 处理第 155/693 批 (段落 771-775)
2025-11-27 19:46:40,823 [INFO] ================================================================================
2025-11-27 19:46:40,823 [INFO] 📄 本批段落数: 5
2025-11-27 19:46:40,823 [INFO] 📄 合并文本长度: 150 字符
2025-11-27 19:46:40,823 [INFO] 📄 完整文本:
使用具体而非模糊或笼统的情绪词汇，有助于我们表达感受。类

似“好”与“坏”这样的词语很难让人明白我们的实际状态。例如，如果

说“我感觉挺好”，“好”这个词相对宽泛，所表达的感受可能是高兴、兴

以下列表有助于我们提升表达感受的能力，清晰描述各种情绪状

（1）当需要得到满足时，我们的感受可能是：
2025-11-27 19:46:40,823 [INFO] --------------------------------------------------------------------------------
2025-11-27 19:46:44,438 [INFO] ✅ 实体抽取成功: 共 2 个实体
2025-11-27 19:46:44,439 [INFO]    完整结果:
{"人物": [], "概念": [], "方法": [], "理论": [], "组织": [], "书籍": [], "情绪": ["高兴", "兴"], "行为": []}
2025-11-27 19:46:47,580 [INFO] ✅ 关系抽取成功: 共 0 个关系
2025-11-27 19:46:47,581 [INFO]    完整结果:
{"提出": [], "包含": [], "应用": [], "来源": [], "解释": [], "相关": [], "导致": [], "影响": []}
2025-11-27 19:46:47,581 [INFO] 
📊 进度统计:
2025-11-27 19:46:47,581 [INFO]    已处理批次: 155/693 (22.4%)
2025-11-27 19:46:47,581 [INFO]    已处理段落: 775/3465
2025-11-27 19:46:47,581 [INFO]    成功: 155, 失败: 0
2025-11-27 19:46:47,581 [INFO]    已用时: 23.0 分钟
2025-11-27 19:46:47,581 [INFO]    预计剩余: 80.0 分钟
2025-11-27 19:46:47,581 [INFO]    预计总时间: 103.0 分钟
2025-11-27 19:46:47,581 [INFO] 
================================================================================
2025-11-27 19:46:47,581 [INFO] 处理第 156/693 批 (段落 776-780)
2025-11-27 19:46:47,581 [INFO] ================================================================================
2025-11-27 19:46:47,581 [INFO] 📄 本批段落数: 5
2025-11-27 19:46:47,581 [INFO] 📄 合并文本长度: 194 字符
2025-11-27 19:46:47,581 [INFO] 📄 完整文本:
全神贯注 absorbed聚精会神 engrossed感动 moved

新奇 adventurous活跃 enlivened乐观 optimistic

深情 affectionate热情 enthusiastic大喜 over-joyed

机敏 alert 激动 excited受宠若惊 overwhelmed

有活力 alive兴奋 exhilarated 宁静peaceful
2025-11-27 19:46:47,581 [INFO] --------------------------------------------------------------------------------
2025-11-27 19:46:52,911 [INFO] ✅ 实体抽取成功: 共 7 个实体
2025-11-27 19:46:52,911 [INFO]    完整结果:
{"人物": [], "概念": [], "方法": [], "理论": [], "组织": [], "书籍": [], "情绪": ["全神贯注", "感动", "乐观", "热情", "大喜", "激动", "宁静"], "行为": []}
2025-11-27 19:46:56,024 [INFO] ✅ 关系抽取成功: 共 0 个关系
2025-11-27 19:46:56,024 [INFO]    完整结果:
{"提出": [], "包含": [], "应用": [], "来源": [], "解释": [], "相关": [], "导致": [], "影响": []}
2025-11-27 19:46:56,024 [INFO] 
📊 进度统计:
2025-11-27 19:46:56,024 [INFO]    已处理批次: 156/693 (22.5%)
2025-11-27 19:46:56,024 [INFO]    已处理段落: 780/3465
2025-11-27 19:46:56,024 [INFO]    成功: 156, 失败: 0
2025-11-27 19:46:56,024 [INFO]    已用时: 23.2 分钟
2025-11-27 19:46:56,024 [INFO]    预计剩余: 79.8 分钟
2025-11-27 19:46:56,025 [INFO]    预计总时间: 103.0 分钟
2025-11-27 19:46:56,025 [INFO] 
================================================================================
2025-11-27 19:46:56,025 [INFO] 处理第 157/693 批 (段落 781-785)
2025-11-27 19:46:56,025 [INFO] ================================================================================
2025-11-27 19:46:56,025 [INFO] 📄 本批段落数: 5
2025-11-27 19:46:56,025 [INFO] 📄 合并文本长度: 167 字符
2025-11-27 19:46:56,025 [INFO] 📄 完整文本:
惊奇 amazed 开朗 expansive活泼 perky

开怀 amused 期盼 expectant愉快 pleasant

生机勃勃 animated兴高采烈 exultant开心 pleased

感激 appreciative着迷 fascinated自豪 proud

热心 ardent自在 free安静 quiet
2025-11-27 19:46:56,025 [INFO] --------------------------------------------------------------------------------
2025-11-27 19:47:02,885 [INFO] ✅ 实体抽取成功: 共 12 个实体
2025-11-27 19:47:02,885 [INFO]    完整结果:
{"人物": [], "概念": [], "方法": [], "理论": [], "组织": [], "书籍": [], "情绪": ["惊奇", "开朗", "活泼", "期待", "愉快", "生机勃勃", "兴高采烈", "感激", "着迷", "自豪", "热心", "安静"], "行为": []}
2025-11-27 19:47:05,947 [INFO] ✅ 关系抽取成功: 共 0 个关系
2025-11-27 19:47:05,947 [INFO]    完整结果:
{"提出": [], "包含": [], "应用": [], "来源": [], "解释": [], "相关": [], "导致": [], "影响": []}
2025-11-27 19:47:05,947 [INFO] 
📊 进度统计:
2025-11-27 19:47:05,947 [INFO]    已处理批次: 157/693 (22.7%)
2025-11-27 19:47:05,947 [INFO]    已处理段落: 785/3465
2025-11-27 19:47:05,947 [INFO]    成功: 157, 失败: 0
2025-11-27 19:47:05,948 [INFO]    已用时: 23.3 分钟
2025-11-27 19:47:05,948 [INFO]    预计剩余: 79.7 分钟
2025-11-27 19:47:05,948 [INFO]    预计总时间: 103.1 分钟
2025-11-27 19:47:05,948 [INFO] 
================================================================================
2025-11-27 19:47:05,948 [INFO] 处理第 158/693 批 (段落 786-790)
2025-11-27 19:47:05,948 [INFO] ================================================================================
2025-11-27 19:47:05,948 [INFO] 📄 本批段落数: 5
2025-11-27 19:47:05,948 [INFO] 📄 合并文本长度: 180 字符
2025-11-27 19:47:05,948 [INFO] 📄 完整文本:
振作 aroused友善 friendly容光焕发 radiant

惊讶 astonished满足fulfilled痴迷 rapturous

极为幸福 blissful高兴 glad神清气爽 refreshed

屏气敛息breathless欢欣雀跃 gleeful放松 relaxed

快活buoyant明媚 glorious如释重负 relieved
2025-11-27 19:47:05,948 [INFO] --------------------------------------------------------------------------------
2025-11-27 19:47:13,738 [INFO] ✅ 实体抽取成功: 共 10 个实体
2025-11-27 19:47:13,738 [INFO]    完整结果:
{"人物": [], "概念": [], "方法": [], "理论": [], "组织": [], "书籍": [], "情绪": ["振作", "友善", "满足", "痴迷", "极为幸福", "高兴", "神清气爽", "屏气敛息", "欢欣雀跃", "如释重负"], "行为": []}
2025-11-27 19:47:16,854 [INFO] ✅ 关系抽取成功: 共 0 个关系
2025-11-27 19:47:16,854 [INFO]    完整结果:
{"提出": [], "包含": [], "应用": [], "来源": [], "解释": [], "相关": [], "导致": [], "影响": []}
2025-11-27 19:47:16,854 [INFO] 
📊 进度统计:
2025-11-27 19:47:16,854 [INFO]    已处理批次: 158/693 (22.8%)
2025-11-27 19:47:16,854 [INFO]    已处理段落: 790/3465
2025-11-27 19:47:16,854 [INFO]    成功: 158, 失败: 0
2025-11-27 19:47:16,854 [INFO]    已用时: 23.5 分钟
2025-11-27 19:47:16,854 [INFO]    预计剩余: 79.7 分钟
2025-11-27 19:47:16,854 [INFO]    预计总时间: 103.2 分钟
2025-11-27 19:47:16,854 [INFO] 
================================================================================
2025-11-27 19:47:16,854 [INFO] 处理第 159/693 批 (段落 791-795)
2025-11-27 19:47:16,854 [INFO] ================================================================================
2025-11-27 19:47:16,854 [INFO] 📄 本批段落数: 5
2025-11-27 19:47:16,854 [INFO] 📄 合并文本长度: 179 字符
2025-11-27 19:47:16,854 [INFO] 📄 完整文本:
平静 calm热情洋溢 glowing满意 satisfied

无忧无虑 carefree快乐 good-humored安全 secure

开心 cheerful感谢 grateful敏感 sensitive

舒适 comfortable心满意足gratified安详 serene

得意 complacent幸福happy入迷 spellbound
2025-11-27 19:47:16,854 [INFO] --------------------------------------------------------------------------------
2025-11-27 19:47:24,070 [INFO] ✅ 实体抽取成功: 共 13 个实体
2025-11-27 19:47:24,070 [INFO]    完整结果:
{"人物": [], "概念": [], "方法": [], "理论": [], "组织": [], "书籍": [], "情绪": ["平静", "热情洋溢", "满意", "无忧无虑", "快乐", "安全", "开心", "感谢", "敏感", "舒适", "心满意足", "安详", "得意"], "行为": []}
2025-11-27 19:47:27,084 [INFO] ✅ 关系抽取成功: 共 0 个关系
2025-11-27 19:47:27,084 [INFO]    完整结果:
{"提出": [], "包含": [], "应用": [], "来源": [], "解释": [], "相关": [], "导致": [], "影响": []}
2025-11-27 19:47:27,084 [INFO] 
📊 进度统计:
2025-11-27 19:47:27,084 [INFO]    已处理批次: 159/693 (22.9%)
2025-11-27 19:47:27,084 [INFO]    已处理段落: 795/3465
2025-11-27 19:47:27,084 [INFO]    成功: 159, 失败: 0
2025-11-27 19:47:27,084 [INFO]    已用时: 23.7 分钟
2025-11-27 19:47:27,084 [INFO]    预计剩余: 79.6 分钟
2025-11-27 19:47:27,084 [INFO]    预计总时间: 103.3 分钟
2025-11-27 19:47:27,084 [INFO] 
================================================================================
2025-11-27 19:47:27,084 [INFO] 处理第 160/693 批 (段落 796-800)
2025-11-27 19:47:27,084 [INFO] ================================================================================
2025-11-27 19:47:27,084 [INFO] 📄 本批段落数: 5
2025-11-27 19:47:27,084 [INFO] 📄 合并文本长度: 180 字符
2025-11-27 19:47:27,084 [INFO] 📄 完整文本:
镇静 composed热心 helpful心花怒放 splendid

关切 concerned满怀希望 hopeful激励 stimulated

自信 confident感兴趣 inquisitive惊喜 surprised

惬意 contented受启迪 inspired 柔软 tender

冷静 cool热切 intense欣慰 thankful
2025-11-27 19:47:27,084 [INFO] --------------------------------------------------------------------------------
2025-11-27 19:47:33,170 [INFO] ✅ 实体抽取成功: 共 11 个实体
2025-11-27 19:47:33,171 [INFO]    完整结果:
{"人物": [], "概念": [], "方法": [], "理论": [], "组织": [], "书籍": [], "情绪": ["镇静", "热心", "帮助", "愤怒", "希望", "激励", "自信", "惬意", "冷静", "热切", "欣慰"], "行为": []}
2025-11-27 19:47:36,178 [INFO] ✅ 关系抽取成功: 共 0 个关系
2025-11-27 19:47:36,179 [INFO]    完整结果:
{"提出": [], "包含": [], "应用": [], "来源": [], "解释": [], "相关": [], "导致": [], "影响": []}
2025-11-27 19:47:36,179 [INFO] 
📊 进度统计:
2025-11-27 19:47:36,179 [INFO]    已处理批次: 160/693 (23.1%)
2025-11-27 19:47:36,179 [INFO]    已处理段落: 800/3465
2025-11-27 19:47:36,179 [INFO]    成功: 160, 失败: 0
2025-11-27 19:47:36,179 [INFO]    已用时: 23.9 分钟
2025-11-27 19:47:36,179 [INFO]    预计剩余: 79.5 分钟
2025-11-27 19:47:36,179 [INFO]    预计总时间: 103.3 分钟
2025-11-27 19:47:36,179 [INFO] 
================================================================================
2025-11-27 19:47:36,179 [INFO] 处理第 161/693 批 (段落 801-805)
2025-11-27 19:47:36,179 [INFO] ================================================================================
2025-11-27 19:47:36,179 [INFO] 📄 本批段落数: 5
2025-11-27 19:47:36,179 [INFO] 📄 合并文本长度: 188 字符
2025-11-27 19:47:36,179 [INFO] 📄 完整文本:
好奇 curious趣味 interested乐不可支 thrilled

倾倒 dazzled 迷住 intrigued触动 touched

愉悦 delighted精神焕发 invigorated恬静 tranquil

热忱 eager热衷 involved满怀信任 trusting

奔放 ebullient欢乐 joyous, joyful乐观开朗 upbeat
2025-11-27 19:47:36,179 [INFO] --------------------------------------------------------------------------------
2025-11-27 19:47:41,807 [INFO] ✅ 实体抽取成功: 共 8 个实体
2025-11-27 19:47:41,807 [INFO]    完整结果:
{"人物": [], "概念": [], "方法": [], "理论": [], "组织": [], "书籍": [], "情绪": ["好奇", "兴趣", "倾倒", "迷住", "愉悦", "恬静", "热忱", "奔放"], "行为": []}
2025-11-27 19:47:44,861 [INFO] ✅ 关系抽取成功: 共 0 个关系
2025-11-27 19:47:44,862 [INFO]    完整结果:
{"提出": [], "包含": [], "应用": [], "来源": [], "解释": [], "相关": [], "导致": [], "影响": []}
2025-11-27 19:47:44,862 [INFO] 
📊 进度统计:
2025-11-27 19:47:44,862 [INFO]    已处理批次: 161/693 (23.2%)
2025-11-27 19:47:44,862 [INFO]    已处理段落: 805/3465
2025-11-27 19:47:44,862 [INFO]    成功: 161, 失败: 0
2025-11-27 19:47:44,862 [INFO]    已用时: 24.0 分钟
2025-11-27 19:47:44,862 [INFO]    预计剩余: 79.3 分钟
2025-11-27 19:47:44,862 [INFO]    预计总时间: 103.3 分钟
2025-11-27 19:47:44,862 [INFO] 
================================================================================
2025-11-27 19:47:44,862 [INFO] 处理第 162/693 批 (段落 806-810)
2025-11-27 19:47:44,862 [INFO] ================================================================================
2025-11-27 19:47:44,862 [INFO] 📄 本批段落数: 5
2025-11-27 19:47:44,862 [INFO] 📄 合并文本长度: 168 字符
2025-11-27 19:47:44,862 [INFO] 📄 完整文本:
欣喜若狂 ecstatic欢腾 jubilant温暖 warm

兴高采烈 effervescent亢奋 keyed-up清醒 wide-awake

欢欣鼓舞 elated有爱心 loving美妙 wonderful

陶醉 enchanted甜美 mellow热情高涨 zestful

受鼓舞 encouraged轻快 merry
2025-11-27 19:47:44,862 [INFO] --------------------------------------------------------------------------------
2025-11-27 19:48:00,595 [INFO] ✅ 实体抽取成功: 共 24 个实体
2025-11-27 19:48:00,595 [INFO]    完整结果:
{"人物": [], "概念": [], "方法": [], "理论": [], "组织": [], "书籍": [], "情绪": ["欣喜若狂", "欢腾", "jubilant", "温暖", "兴高采烈", "亢奋", "清醒", "wide-awake", "欢欣鼓舞", "elated", "有爱心", "lovings", "美妙", "wonderful", "陶醉", "enchanted", "甜美", "mellow", "热情高涨", "zestful", "受鼓舞", "encouraged", "轻快", "merry"], "行为": []}
2025-11-27 19:48:03,649 [INFO] ✅ 关系抽取成功: 共 0 个关系
2025-11-27 19:48:03,649 [INFO]    完整结果:
{"提出": [], "包含": [], "应用": [], "来源": [], "解释": [], "相关": [], "导致": [], "影响": []}
2025-11-27 19:48:03,649 [INFO] 
📊 进度统计:
2025-11-27 19:48:03,649 [INFO]    已处理批次: 162/693 (23.4%)
2025-11-27 19:48:03,649 [INFO]    已处理段落: 810/3465
2025-11-27 19:48:03,649 [INFO]    成功: 162, 失败: 0
2025-11-27 19:48:03,649 [INFO]    已用时: 24.3 分钟
2025-11-27 19:48:03,649 [INFO]    预计剩余: 79.7 分钟
2025-11-27 19:48:03,650 [INFO]    预计总时间: 104.0 分钟
2025-11-27 19:48:03,650 [INFO] 
================================================================================
2025-11-27 19:48:03,650 [INFO] 处理第 163/693 批 (段落 811-815)
2025-11-27 19:48:03,650 [INFO] ================================================================================
2025-11-27 19:48:03,650 [INFO] 📄 本批段落数: 5
2025-11-27 19:48:03,650 [INFO] 📄 合并文本长度: 158 字符
2025-11-27 19:48:03,650 [INFO] 📄 完整文本:
精力充沛 energetic欢喜 mirthful

（2）当需要没有得到满足时，我们的感受可能是：

畏惧 afraid烦躁 edgy紧绷 overwhelmed

气恼aggravated惭愧 embarrassed惊慌失措 panicky

焦躁 agitated愤恨 embittered被动 passive
2025-11-27 19:48:03,650 [INFO] --------------------------------------------------------------------------------
2025-11-27 19:48:11,037 [INFO] ✅ 实体抽取成功: 共 11 个实体
2025-11-27 19:48:11,037 [INFO]    完整结果:
{"人物": [], "概念": [], "方法": [], "理论": [], "组织": [], "书籍": [], "情绪": ["精力充沛", "欢喜", "畏惧", "烦躁", "紧绷", "overwhelmed", "气恼", "惭愧", "惊慌失措", "panicky", "焦躁"], "行为": []}
2025-11-27 19:48:14,102 [INFO] ✅ 关系抽取成功: 共 0 个关系
2025-11-27 19:48:14,102 [INFO]    完整结果:
{"提出": [], "包含": [], "应用": [], "来源": [], "解释": [], "相关": [], "导致": [], "影响": []}
2025-11-27 19:48:14,102 [INFO] 
📊 进度统计:
2025-11-27 19:48:14,102 [INFO]    已处理批次: 163/693 (23.5%)
2025-11-27 19:48:14,102 [INFO]    已处理段落: 815/3465
2025-11-27 19:48:14,102 [INFO]    成功: 163, 失败: 0
2025-11-27 19:48:14,102 [INFO]    已用时: 24.5 分钟
2025-11-27 19:48:14,102 [INFO]    预计剩余: 79.6 分钟
2025-11-27 19:48:14,102 [INFO]    预计总时间: 104.1 分钟
2025-11-27 19:48:14,102 [INFO] 
================================================================================
2025-11-27 19:48:14,102 [INFO] 处理第 164/693 批 (段落 816-820)
2025-11-27 19:48:14,102 [INFO] ================================================================================
2025-11-27 19:48:14,102 [INFO] 📄 本批段落数: 5
2025-11-27 19:48:14,102 [INFO] 📄 合并文本长度: 181 字符
2025-11-27 19:48:14,102 [INFO] 📄 完整文本:
惊慌 alarmed恼火 exasperated迷茫perplexed

冷漠 aloof耗尽 exhausted 悲观 pessimistic

愤怒 angry精疲力竭 fatigued苦思冥想 puzzled

痛苦 anguished担忧 fearful充满敌意 rancorous

烦扰 annoyed坐立不安 fidgety迟疑 reluctant
2025-11-27 19:48:14,102 [INFO] --------------------------------------------------------------------------------
2025-11-27 19:48:19,224 [INFO] ✅ 实体抽取成功: 共 7 个实体
2025-11-27 19:48:19,224 [INFO]    完整结果:
{"人物": [], "概念": [], "方法": [], "理论": [], "组织": [], "书籍": [], "情绪": ["惊慌", "恼火", "迷茫", "冷漠", "愤怒", "悲观", "痛苦"], "行为": []}
2025-11-27 19:48:22,316 [INFO] ✅ 关系抽取成功: 共 0 个关系
2025-11-27 19:48:22,316 [INFO]    完整结果:
{"提出": [], "包含": [], "应用": [], "来源": [], "解释": [], "相关": [], "导致": [], "影响": []}
2025-11-27 19:48:22,316 [INFO] 
📊 进度统计:
2025-11-27 19:48:22,316 [INFO]    已处理批次: 164/693 (23.7%)
2025-11-27 19:48:22,316 [INFO]    已处理段落: 820/3465
2025-11-27 19:48:22,316 [INFO]    成功: 164, 失败: 0
2025-11-27 19:48:22,316 [INFO]    已用时: 24.6 分钟
2025-11-27 19:48:22,316 [INFO]    预计剩余: 79.4 分钟
2025-11-27 19:48:22,316 [INFO]    预计总时间: 104.0 分钟
2025-11-27 19:48:22,316 [INFO] 
================================================================================
2025-11-27 19:48:22,316 [INFO] 处理第 165/693 批 (段落 821-825)
2025-11-27 19:48:22,316 [INFO] ================================================================================
2025-11-27 19:48:22,316 [INFO] 📄 本批段落数: 5
2025-11-27 19:48:22,316 [INFO] 📄 合并文本长度: 169 字符
2025-11-27 19:48:22,316 [INFO] 📄 完整文本:
焦虑 anxious愁苦 forlorn排斥 repelled

冷淡 apathetic惊吓 frightened仇恨 resentful

担心 apprehensive懊恼 frustrated躁动 restless

刺激 aroused大怒 furious难过 sad

羞愧 ashamed低落 gloomy害怕 scared
2025-11-27 19:48:22,317 [INFO] --------------------------------------------------------------------------------
2025-11-27 19:48:29,436 [INFO] ✅ 实体抽取成功: 共 13 个实体
2025-11-27 19:48:29,436 [INFO]    完整结果:
{"人物": [], "概念": [], "方法": [], "理论": [], "组织": [], "书籍": [], "情绪": ["焦虑", "愁苦", "排斥", "冷淡", "惊吓", "仇恨", "担心", "懊恼", "躁动", "难过", "羞愧", "低落", "害怕"], "行为": []}
2025-11-27 19:48:32,487 [INFO] ✅ 关系抽取成功: 共 0 个关系
2025-11-27 19:48:32,487 [INFO]    完整结果:
{"提出": [], "包含": [], "应用": [], "来源": [], "解释": [], "相关": [], "导致": [], "影响": []}
2025-11-27 19:48:32,487 [INFO] 
📊 进度统计:
2025-11-27 19:48:32,488 [INFO]    已处理批次: 165/693 (23.8%)
2025-11-27 19:48:32,488 [INFO]    已处理段落: 825/3465
2025-11-27 19:48:32,488 [INFO]    成功: 165, 失败: 0
2025-11-27 19:48:32,488 [INFO]    已用时: 24.8 分钟
2025-11-27 19:48:32,488 [INFO]    预计剩余: 79.3 分钟
2025-11-27 19:48:32,488 [INFO]    预计总时间: 104.1 分钟
2025-11-27 19:48:32,488 [INFO] 
================================================================================
2025-11-27 19:48:32,488 [INFO] 处理第 166/693 批 (段落 826-830)
2025-11-27 19:48:32,488 [INFO] ================================================================================
2025-11-27 19:48:32,488 [INFO] 📄 本批段落数: 5
2025-11-27 19:48:32,488 [INFO] 📄 合并文本长度: 151 字符
2025-11-27 19:48:32,488 [INFO] 📄 完整文本:
丧气 beat内疚 guilty敏感 sensitive

迷惑 bewildered逼迫 harried颤抖 shaky

苦涩 bitter沉重 heavy震惊 shocked

乏味 blah无助 helpless批判 skeptical

忧郁 blue犹豫 hesitant困乏 sleepy
2025-11-27 19:48:32,488 [INFO] --------------------------------------------------------------------------------
2025-11-27 19:48:35,704 [INFO] ✅ 实体抽取成功: 共 1 个实体
2025-11-27 19:48:35,704 [INFO]    完整结果:
{"人物": [], "概念": [], "方法": [], "理论": [], "组织": [], "书籍": [], "情绪": ["忧郁"], "行为": []}
2025-11-27 19:48:38,739 [INFO] ✅ 关系抽取成功: 共 0 个关系
2025-11-27 19:48:38,740 [INFO]    完整结果:
{"提出": [], "包含": [], "应用": [], "来源": [], "解释": [], "相关": [], "导致": [], "影响": []}
2025-11-27 19:48:38,740 [INFO] 
📊 进度统计:
2025-11-27 19:48:38,740 [INFO]    已处理批次: 166/693 (24.0%)
2025-11-27 19:48:38,740 [INFO]    已处理段落: 830/3465
2025-11-27 19:48:38,740 [INFO]    成功: 166, 失败: 0
2025-11-27 19:48:38,740 [INFO]    已用时: 24.9 分钟
2025-11-27 19:48:38,740 [INFO]    预计剩余: 79.0 分钟
2025-11-27 19:48:38,740 [INFO]    预计总时间: 103.9 分钟
2025-11-27 19:48:38,740 [INFO] 
================================================================================
2025-11-27 19:48:38,740 [INFO] 处理第 167/693 批 (段落 831-835)
2025-11-27 19:48:38,740 [INFO] ================================================================================
2025-11-27 19:48:38,740 [INFO] 📄 本批段落数: 5
2025-11-27 19:48:38,740 [INFO] 📄 合并文本长度: 167 字符
2025-11-27 19:48:38,740 [INFO] 📄 完整文本:
无聊 bored恐惧 horrified哀痛 sorrowful

心碎 brokenhearted敌对 hostile歉意 sorry

屈辱chagrined灼热 hot没有斗志 spiritless

寒冷 cold单调 humdrum失魂落魄 startled

忧虑 concerned受伤 hurt惊讶 surprised
2025-11-27 19:48:38,740 [INFO] --------------------------------------------------------------------------------
2025-11-27 19:48:47,657 [INFO] ✅ 实体抽取成功: 共 16 个实体
2025-11-27 19:48:47,658 [INFO]    完整结果:
{"人物": [], "概念": [], "方法": [], "理论": [], "组织": [], "书籍": [], "情绪": ["无聊", "恐惧", "哀痛", "心碎", "敌对", "歉意", " sorry", "屈辱", "灼热", "没有斗志", "寒冷", "单调", "失魂落魄", "忧虑", "受伤", "惊讶"], "行为": []}
2025-11-27 19:48:50,716 [INFO] ✅ 关系抽取成功: 共 0 个关系
2025-11-27 19:48:50,717 [INFO]    完整结果:
{"提出": [], "包含": [], "应用": [], "来源": [], "解释": [], "相关": [], "导致": [], "影响": []}
2025-11-27 19:48:50,717 [INFO] 
📊 进度统计:
2025-11-27 19:48:50,717 [INFO]    已处理批次: 167/693 (24.1%)
2025-11-27 19:48:50,717 [INFO]    已处理段落: 835/3465
2025-11-27 19:48:50,717 [INFO]    成功: 167, 失败: 0
2025-11-27 19:48:50,717 [INFO]    已用时: 25.1 分钟
2025-11-27 19:48:50,717 [INFO]    预计剩余: 79.0 分钟
2025-11-27 19:48:50,717 [INFO]    预计总时间: 104.1 分钟
2025-11-27 19:48:50,717 [INFO] 
================================================================================
2025-11-27 19:48:50,717 [INFO] 处理第 168/693 批 (段落 836-840)
2025-11-27 19:48:50,717 [INFO] ================================================================================
2025-11-27 19:48:50,717 [INFO] 📄 本批段落数: 5
2025-11-27 19:48:50,717 [INFO] 📄 合并文本长度: 166 字符
2025-11-27 19:48:50,717 [INFO] 📄 完整文本:
困惑confused不耐烦 impatient怀疑 suspicious

冷酷 cool不在乎 indifferent 不冷不热 tepid

生气 cross 激烈 intense惊恐 terrified

低落 dejected怒气 irate劳累 tired

抑郁 depressed恼怒 irked烦恼 troubled
2025-11-27 19:48:50,717 [INFO] --------------------------------------------------------------------------------
2025-11-27 19:48:59,123 [INFO] ✅ 实体抽取成功: 共 14 个实体
2025-11-27 19:48:59,123 [INFO]    完整结果:
{"人物": [], "概念": [], "方法": [], "理论": [], "组织": [], "书籍": [], "情绪": ["困惑", "不耐烦", "怀疑", "冷酷", "不在乎", "不冷不热", "生气", "惊恐", "低落", "怒气", "抑郁", "恼怒", "烦恼", "troubled"], "行为": []}
2025-11-27 19:49:02,206 [INFO] ✅ 关系抽取成功: 共 0 个关系
2025-11-27 19:49:02,206 [INFO]    完整结果:
{"提出": [], "包含": [], "应用": [], "来源": [], "解释": [], "相关": [], "导致": [], "影响": []}
2025-11-27 19:49:02,206 [INFO] 
📊 进度统计:
2025-11-27 19:49:02,206 [INFO]    已处理批次: 168/693 (24.2%)
2025-11-27 19:49:02,206 [INFO]    已处理段落: 840/3465
2025-11-27 19:49:02,206 [INFO]    成功: 168, 失败: 0
2025-11-27 19:49:02,206 [INFO]    已用时: 25.3 分钟
2025-11-27 19:49:02,206 [INFO]    预计剩余: 79.0 分钟
2025-11-27 19:49:02,206 [INFO]    预计总时间: 104.3 分钟
2025-11-27 19:49:02,206 [INFO] 
================================================================================
2025-11-27 19:49:02,206 [INFO] 处理第 169/693 批 (段落 841-845)
2025-11-27 19:49:02,206 [INFO] ================================================================================
2025-11-27 19:49:02,206 [INFO] 📄 本批段落数: 5
2025-11-27 19:49:02,206 [INFO] 📄 合并文本长度: 193 字符
2025-11-27 19:49:02,206 [INFO] 📄 完整文本:
绝望 despairing激怒 irritated不适 uncomfortable

沮丧 despondent嫉妒 jealous不感兴趣 unconcerned

抽离 detached紧张不安jittery心神不宁 uneasy

不满 disaffected激动不安 keyed-up心烦意乱 unglued

失望 disappointed懒散 lazy不开心 unhappy
2025-11-27 19:49:02,206 [INFO] --------------------------------------------------------------------------------
2025-11-27 19:49:09,718 [INFO] ✅ 实体抽取成功: 共 12 个实体
2025-11-27 19:49:09,718 [INFO]    完整结果:
{"人物": [], "概念": [], "方法": [], "理论": [], "组织": [], "书籍": [], "情绪": ["绝望", "激怒", "不适", "沮丧", "嫉妒", "不感兴趣", "紧张不安", "不安", "不满", "激动不安", "心烦意乱", "失望"], "行为": []}
2025-11-27 19:49:12,837 [INFO] ✅ 关系抽取成功: 共 0 个关系
2025-11-27 19:49:12,837 [INFO]    完整结果:
{"提出": [], "包含": [], "应用": [], "来源": [], "解释": [], "相关": [], "导致": [], "影响": []}
2025-11-27 19:49:12,837 [INFO] 
📊 进度统计:
2025-11-27 19:49:12,837 [INFO]    已处理批次: 169/693 (24.4%)
2025-11-27 19:49:12,837 [INFO]    已处理段落: 845/3465
2025-11-27 19:49:12,837 [INFO]    成功: 169, 失败: 0
2025-11-27 19:49:12,837 [INFO]    已用时: 25.5 分钟
2025-11-27 19:49:12,837 [INFO]    预计剩余: 79.0 分钟
2025-11-27 19:49:12,837 [INFO]    预计总时间: 104.4 分钟
2025-11-27 19:49:12,837 [INFO] 
================================================================================
2025-11-27 19:49:12,837 [INFO] 处理第 170/693 批 (段落 846-850)
2025-11-27 19:49:12,837 [INFO] ================================================================================
2025-11-27 19:49:12,837 [INFO] 📄 本批段落数: 5
2025-11-27 19:49:12,837 [INFO] 📄 合并文本长度: 176 字符
2025-11-27 19:49:12,837 [INFO] 📄 完整文本:
挫败 discouraged疑虑 leery气馁 unnerved

幻灭 disenchanted倦怠 lethargic不稳定 unsteady

不高兴 disgruntled无精打采 listless烦乱 upset

厌恶 disgusted孤独 lonely拘谨 uptight

灰心 disheartened气愤 mad棘手 vexed
2025-11-27 19:49:12,837 [INFO] --------------------------------------------------------------------------------
2025-11-27 19:49:24,930 [INFO] ✅ 实体抽取成功: 共 20 个实体
2025-11-27 19:49:24,930 [INFO]    完整结果:
{"人物": [], "概念": [], "方法": [], "理论": [], "组织": [], "书籍": [], "情绪": ["挫败", "疑虑", "气馁", "幻灭", "倦怠", "不稳定", "不高兴", "无精打采", "烦乱", " upset", "厌恶", "孤独", "lonely", "拘谨", "uptight", "灰心", "气愤", "mad", "棘手", "vexed"], "行为": []}
2025-11-27 19:49:28,054 [INFO] ✅ 关系抽取成功: 共 0 个关系
2025-11-27 19:49:28,054 [INFO]    完整结果:
{"提出": [], "包含": [], "应用": [], "来源": [], "解释": [], "相关": [], "导致": [], "影响": []}
2025-11-27 19:49:28,054 [INFO] 
📊 进度统计:
2025-11-27 19:49:28,054 [INFO]    已处理批次: 170/693 (24.5%)
2025-11-27 19:49:28,054 [INFO]    已处理段落: 850/3465
2025-11-27 19:49:28,054 [INFO]    成功: 170, 失败: 0
2025-11-27 19:49:28,054 [INFO]    已用时: 25.7 分钟
2025-11-27 19:49:28,054 [INFO]    预计剩余: 79.1 分钟
2025-11-27 19:49:28,054 [INFO]    预计总时间: 104.8 分钟
2025-11-27 19:49:28,054 [INFO] 
================================================================================
2025-11-27 19:49:28,054 [INFO] 处理第 171/693 批 (段落 851-855)
2025-11-27 19:49:28,054 [INFO] ================================================================================
2025-11-27 19:49:28,054 [INFO] 📄 本批段落数: 5
2025-11-27 19:49:28,054 [INFO] 📄 合并文本长度: 165 字符
2025-11-27 19:49:28,054 [INFO] 📄 完整文本:
惊愕 dismay汗颜 mean厌倦 weary

不快 displeased郁闷 miserable伤感 wistful

不安 disquieted 昏沉 mopey退缩 withdrawn

苦恼 distressed阴郁 morose悲伤 woeful

麻烦 disturbed哀悼 mournful着急 worried
2025-11-27 19:49:28,054 [INFO] --------------------------------------------------------------------------------
2025-11-27 19:49:41,417 [INFO] ✅ 实体抽取成功: 共 23 个实体
2025-11-27 19:49:41,417 [INFO]    完整结果:
{"人物": [], "概念": [], "方法": [], "理论": [], "组织": [], "书籍": [], "情绪": ["惊愕", "汗颜", "厌倦", "不快", "郁闷", " miserable", "伤感", " wistful", "不安", "昏沉", "mopey", "退缩", "苦恼", "阴郁", " morose", "悲伤", " woeful", "麻烦", "disturbed", "哀悼", "mournful", "着急", "worried"], "行为": []}
2025-11-27 19:49:44,453 [INFO] ✅ 关系抽取成功: 共 0 个关系
2025-11-27 19:49:44,453 [INFO]    完整结果:
{"提出": [], "包含": [], "应用": [], "来源": [], "解释": [], "相关": [], "导致": [], "影响": []}
2025-11-27 19:49:44,453 [INFO] 
📊 进度统计:
2025-11-27 19:49:44,453 [INFO]    已处理批次: 171/693 (24.7%)
2025-11-27 19:49:44,453 [INFO]    已处理段落: 855/3465
2025-11-27 19:49:44,453 [INFO]    成功: 171, 失败: 0
2025-11-27 19:49:44,453 [INFO]    已用时: 26.0 分钟
2025-11-27 19:49:44,453 [INFO]    预计剩余: 79.3 分钟
2025-11-27 19:49:44,453 [INFO]    预计总时间: 105.3 分钟
2025-11-27 19:49:44,453 [INFO] 
================================================================================
2025-11-27 19:49:44,453 [INFO] 处理第 172/693 批 (段落 856-860)
2025-11-27 19:49:44,453 [INFO] ================================================================================
2025-11-27 19:49:44,453 [INFO] 📄 本批段落数: 5
2025-11-27 19:49:44,453 [INFO] 📄 合并文本长度: 159 字符
2025-11-27 19:49:44,454 [INFO] 📄 完整文本:
垂头丧气 downcast紧张 nervous糟糕 wretched

消沉 downhearted心乱如麻 nettled

非暴力沟通的第二个要素是感受。通过建立表达感受的词汇表，我

们可以更清晰明确地体会和表达感受，从而更好地与他人建立连结。允

许自己表达感受、袒露脆弱，也会有助于化解冲突。此外，在非暴力沟
2025-11-27 19:49:44,454 [INFO] --------------------------------------------------------------------------------
2025-11-27 19:49:48,740 [INFO] ✅ 实体抽取成功: 共 3 个实体
2025-11-27 19:49:48,740 [INFO]    完整结果:
{"人物": [], "概念": ["感受"], "方法": ["非暴力沟通"], "理论": [], "组织": [], "书籍": [], "情绪": [], "行为": ["建立表达感受的词汇表"]}
2025-11-27 19:49:51,815 [INFO] ✅ 关系抽取成功: 共 0 个关系
2025-11-27 19:49:51,815 [INFO]    完整结果:
{"提出": [], "包含": [], "应用": [], "来源": [], "解释": [], "相关": [], "导致": [], "影响": []}
2025-11-27 19:49:51,815 [INFO] 
📊 进度统计:
2025-11-27 19:49:51,815 [INFO]    已处理批次: 172/693 (24.8%)
2025-11-27 19:49:51,815 [INFO]    已处理段落: 860/3465
2025-11-27 19:49:51,815 [INFO]    成功: 172, 失败: 0
2025-11-27 19:49:51,815 [INFO]    已用时: 26.1 分钟
2025-11-27 19:49:51,815 [INFO]    预计剩余: 79.1 分钟
2025-11-27 19:49:51,816 [INFO]    预计总时间: 105.2 分钟
2025-11-27 19:49:51,816 [INFO] 
================================================================================
2025-11-27 19:49:51,816 [INFO] 处理第 173/693 批 (段落 861-865)
2025-11-27 19:49:51,816 [INFO] ================================================================================
2025-11-27 19:49:51,816 [INFO] 📄 本批段落数: 5
2025-11-27 19:49:51,816 [INFO] 📄 合并文本长度: 154 字符
2025-11-27 19:49:51,816 [INFO] 📄 完整文本:
通中，用来表达实际感受的语言和那些用来陈述想法、评论或诠释观点

下列的句子中，有哪些是在表达自己的感受呢？请标出这类句子，

4. “你没和我打招呼，我感到自己受到了冷落。”

1. 如果你认为这句话表达的是感受，我们的意见不一致。我认

为“你不爱我”是对他人如何感受的判断，而不是感受。在“我感到”之后
2025-11-27 19:49:51,816 [INFO] --------------------------------------------------------------------------------
2025-11-27 19:49:55,183 [INFO] ✅ 实体抽取成功: 共 1 个实体
2025-11-27 19:49:55,183 [INFO]    完整结果:
{"人物": [], "概念": [], "方法": [], "理论": [], "组织": [], "书籍": [], "情绪": ["冷落"], "行为": []}
2025-11-27 19:49:58,274 [INFO] ✅ 关系抽取成功: 共 0 个关系
2025-11-27 19:49:58,274 [INFO]    完整结果:
{"提出": [], "包含": [], "应用": [], "来源": [], "解释": [], "相关": [], "导致": [], "影响": []}
2025-11-27 19:49:58,274 [INFO] 
📊 进度统计:
2025-11-27 19:49:58,274 [INFO]    已处理批次: 173/693 (25.0%)
2025-11-27 19:49:58,274 [INFO]    已处理段落: 865/3465
2025-11-27 19:49:58,274 [INFO]    成功: 173, 失败: 0
2025-11-27 19:49:58,274 [INFO]    已用时: 26.2 分钟
2025-11-27 19:49:58,274 [INFO]    预计剩余: 78.8 分钟
2025-11-27 19:49:58,274 [INFO]    预计总时间: 105.0 分钟
2025-11-27 19:49:58,274 [INFO] 
================================================================================
2025-11-27 19:49:58,274 [INFO] 处理第 174/693 批 (段落 866-870)
2025-11-27 19:49:58,274 [INFO] ================================================================================
2025-11-27 19:49:58,274 [INFO] 📄 本批段落数: 5
2025-11-27 19:49:58,274 [INFO] 📄 合并文本长度: 148 字符
2025-11-27 19:49:58,274 [INFO] 📄 完整文本:
如果跟随的是我、你、他、她、他们、它、像、好似……通常都不是在

表达感受。在这个例子中，我们可以这样来表达感受：“我很伤

2. 如果你认为这句话表达的是感受，我们的意见一致。

3. 如果你认为这句话表达的是感受，我们的意见一致。

4. 如果你认为这句话表达的是感受，我们的意见不一致。我认
2025-11-27 19:49:58,274 [INFO] --------------------------------------------------------------------------------
2025-11-27 19:50:01,532 [INFO] ✅ 实体抽取成功: 共 1 个实体
2025-11-27 19:50:01,532 [INFO]    完整结果:
{"人物": [], "概念": [], "方法": [], "理论": [], "组织": [], "书籍": [], "情绪": ["伤"], "行为": []}
2025-11-27 19:50:04,612 [INFO] ✅ 关系抽取成功: 共 0 个关系
2025-11-27 19:50:04,613 [INFO]    完整结果:
{"提出": [], "包含": [], "应用": [], "来源": [], "解释": [], "相关": [], "导致": [], "影响": []}
2025-11-27 19:50:04,613 [INFO] 
📊 进度统计:
2025-11-27 19:50:04,613 [INFO]    已处理批次: 174/693 (25.1%)
2025-11-27 19:50:04,613 [INFO]    已处理段落: 870/3465
2025-11-27 19:50:04,613 [INFO]    成功: 174, 失败: 0
2025-11-27 19:50:04,613 [INFO]    已用时: 26.3 分钟
2025-11-27 19:50:04,613 [INFO]    预计剩余: 78.5 分钟
2025-11-27 19:50:04,613 [INFO]    预计总时间: 104.9 分钟
2025-11-27 19:50:04,613 [INFO] 
================================================================================
2025-11-27 19:50:04,613 [INFO] 处理第 175/693 批 (段落 871-875)
2025-11-27 19:50:04,613 [INFO] ================================================================================
2025-11-27 19:50:04,613 [INFO] 📄 本批段落数: 5
2025-11-27 19:50:04,613 [INFO] 📄 合并文本长度: 151 字符
2025-11-27 19:50:04,613 [INFO] 📄 完整文本:
为“受到冷落”是对他人行为的判断，而非感受。我们可以这样来表达感

受：“我进来的时候，你没有和我打招呼，我感到孤单。”

5. 如果你认为这句话表达的是感受，我们的意见一致。

6. 如果你认为这句话表达的是感受，我们的意见不一致。我认

为“令人厌恶”是对他人的想法，而非感受。我们可以这样来表达感
2025-11-27 19:50:04,613 [INFO] --------------------------------------------------------------------------------
2025-11-27 19:50:07,874 [INFO] ✅ 实体抽取成功: 共 1 个实体
2025-11-27 19:50:07,874 [INFO]    完整结果:
{"人物": [], "概念": [], "方法": [], "理论": [], "组织": [], "书籍": [], "情绪": ["孤单"], "行为": []}
2025-11-27 19:50:10,957 [INFO] ✅ 关系抽取成功: 共 0 个关系
2025-11-27 19:50:10,958 [INFO]    完整结果:
{"提出": [], "包含": [], "应用": [], "来源": [], "解释": [], "相关": [], "导致": [], "影响": []}
2025-11-27 19:50:10,958 [INFO] 
📊 进度统计:
2025-11-27 19:50:10,958 [INFO]    已处理批次: 175/693 (25.3%)
2025-11-27 19:50:10,958 [INFO]    已处理段落: 875/3465
2025-11-27 19:50:10,958 [INFO]    成功: 175, 失败: 0
2025-11-27 19:50:10,958 [INFO]    已用时: 26.4 分钟
2025-11-27 19:50:10,958 [INFO]    预计剩余: 78.2 分钟
2025-11-27 19:50:10,958 [INFO]    预计总时间: 104.7 分钟
2025-11-27 19:50:10,958 [INFO] 
================================================================================
2025-11-27 19:50:10,958 [INFO] 处理第 176/693 批 (段落 876-880)
2025-11-27 19:50:10,958 [INFO] ================================================================================
2025-11-27 19:50:10,958 [INFO] 📄 本批段落数: 5
2025-11-27 19:50:10,958 [INFO] 📄 合并文本长度: 152 字符
2025-11-27 19:50:10,958 [INFO] 📄 完整文本:
7. 如果你认为这句话表达的是感受，我们的意见不一致。我认

为“想要揍你”是说话人想要采取的行动，而非自己的感受。我们可以这

样来表达感受：“看到你刚才的行为，我很生气。”

8. 如果你认为这句话表达的是感受，我们的意见不一致。我认

为“被误解”是对他人行为的判断，而非感受。我们可以这样来表达感
2025-11-27 19:50:10,958 [INFO] --------------------------------------------------------------------------------
2025-11-27 19:50:14,881 [INFO] ✅ 实体抽取成功: 共 3 个实体
2025-11-27 19:50:14,881 [INFO]    完整结果:
{"人物": [], "概念": [], "方法": [], "理论": [], "组织": [], "书籍": [], "情绪": ["生气"], "行为": ["揍你", "被误解"]}
2025-11-27 19:50:17,968 [INFO] ✅ 关系抽取成功: 共 0 个关系
2025-11-27 19:50:17,968 [INFO]    完整结果:
{"提出": [], "包含": [], "应用": [], "来源": [], "解释": [], "相关": [], "导致": [], "影响": []}
2025-11-27 19:50:17,968 [INFO] 
📊 进度统计:
2025-11-27 19:50:17,968 [INFO]    已处理批次: 176/693 (25.4%)
2025-11-27 19:50:17,968 [INFO]    已处理段落: 880/3465
2025-11-27 19:50:17,968 [INFO]    成功: 176, 失败: 0
2025-11-27 19:50:17,968 [INFO]    已用时: 26.5 分钟
2025-11-27 19:50:17,968 [INFO]    预计剩余: 78.0 分钟
2025-11-27 19:50:17,968 [INFO]    预计总时间: 104.5 分钟
2025-11-27 19:50:17,968 [INFO] 
================================================================================
2025-11-27 19:50:17,968 [INFO] 处理第 177/693 批 (段落 881-885)
2025-11-27 19:50:17,968 [INFO] ================================================================================
2025-11-27 19:50:17,968 [INFO] 📄 本批段落数: 5
2025-11-27 19:50:17,968 [INFO] 📄 合并文本长度: 154 字符
2025-11-27 19:50:17,968 [INFO] 📄 完整文本:
9. 如果你认为这句话表达的是感受，我们的意见不一致。“很好”这

个词对于传递感受来说较为糢糊。我们可以借助其他的词语更清晰地表

10. 如果你认为这句话表达的是感受，我们的意见不一致。我认

为“没用”是对自己的评论，而非感受。我们可以这样来表达感受：“想

到我的能力，我感到怀疑”或“我觉得苦恼”。
2025-11-27 19:50:17,968 [INFO] --------------------------------------------------------------------------------
2025-11-27 19:50:21,499 [INFO] ✅ 实体抽取成功: 共 2 个实体
2025-11-27 19:50:21,499 [INFO]    完整结果:
{"人物": [], "概念": [], "方法": [], "理论": [], "组织": [], "书籍": [], "情绪": ["怀疑", "苦恼"], "行为": []}
2025-11-27 19:50:24,575 [INFO] ✅ 关系抽取成功: 共 0 个关系
2025-11-27 19:50:24,576 [INFO]    完整结果:
{"提出": [], "包含": [], "应用": [], "来源": [], "解释": [], "相关": [], "导致": [], "影响": []}
2025-11-27 19:50:24,576 [INFO] 
📊 进度统计:
2025-11-27 19:50:24,576 [INFO]    已处理批次: 177/693 (25.5%)
2025-11-27 19:50:24,576 [INFO]    已处理段落: 885/3465
2025-11-27 19:50:24,576 [INFO]    成功: 177, 失败: 0
2025-11-27 19:50:24,576 [INFO]    已用时: 26.7 分钟
2025-11-27 19:50:24,576 [INFO]    预计剩余: 77.7 分钟
2025-11-27 19:50:24,576 [INFO]    预计总时间: 104.4 分钟
2025-11-27 19:50:24,576 [INFO] 
================================================================================
2025-11-27 19:50:24,576 [INFO] 处理第 178/693 批 (段落 886-890)
2025-11-27 19:50:24,576 [INFO] ================================================================================
2025-11-27 19:50:24,576 [INFO] 📄 本批段落数: 5
2025-11-27 19:50:24,576 [INFO] 📄 合并文本长度: 152 字符
2025-11-27 19:50:24,576 [INFO] 📄 完整文本:
人们之所以苦恼，并非因为事情本身，而是因为人们对事情的看法。

——爱比克泰德（Epictetus），古罗马哲学家

非暴力沟通要我们意识到的是，他人的言行举止或许会激发我们的

感受，但绝非产生这些感受的原因。感受源自我们如何看待他人的言行

当他人通过语言或者非语言的方式向我们发出负面信息时，我们可
2025-11-27 19:50:24,576 [INFO] --------------------------------------------------------------------------------
2025-11-27 19:50:28,846 [INFO] ✅ 实体抽取成功: 共 2 个实体
2025-11-27 19:50:28,846 [INFO]    完整结果:
{"人物": ["爱比克泰德", "Epictetus"], "概念": [], "方法": [], "理论": [], "组织": [], "书籍": [], "情绪": [], "行为": []}
2025-11-27 19:50:31,926 [INFO] ✅ 关系抽取成功: 共 0 个关系
2025-11-27 19:50:31,926 [INFO]    完整结果:
{"提出": [], "包含": [], "应用": [], "来源": [], "解释": [], "相关": [], "导致": [], "影响": []}
2025-11-27 19:50:31,926 [INFO] 
📊 进度统计:
2025-11-27 19:50:31,926 [INFO]    已处理批次: 178/693 (25.7%)
2025-11-27 19:50:31,926 [INFO]    已处理段落: 890/3465
2025-11-27 19:50:31,926 [INFO]    成功: 178, 失败: 0
2025-11-27 19:50:31,926 [INFO]    已用时: 26.8 分钟
2025-11-27 19:50:31,926 [INFO]    预计剩余: 77.5 分钟
2025-11-27 19:50:31,926 [INFO]    预计总时间: 104.3 分钟
2025-11-27 19:50:31,927 [INFO] 
================================================================================
2025-11-27 19:50:31,927 [INFO] 处理第 179/693 批 (段落 891-895)
2025-11-27 19:50:31,927 [INFO] ================================================================================
2025-11-27 19:50:31,927 [INFO] 📄 本批段落数: 5
2025-11-27 19:50:31,927 [INFO] 📄 合并文本长度: 159 字符
2025-11-27 19:50:31,927 [INFO] 📄 完整文本:
第一种选择是指责自己，将错误归咎到自己身上。例如，有人气愤

地说：“我从没见过像你这么自私的人！”如果选择认同对方的评判并且

自我指责，我们也许就会表示：“哦，我应该更体贴一点。”如此这般带

给我们的感受是内疚、羞愧和压抑，我们的自尊心也会受到伤害。

第二种选择是指责对方，将错误归咎到对方身上。这时，我们也许
2025-11-27 19:50:31,927 [INFO] --------------------------------------------------------------------------------
2025-11-27 19:50:36,037 [INFO] ✅ 实体抽取成功: 共 3 个实体
2025-11-27 19:50:36,038 [INFO]    完整结果:
{"人物": [], "概念": [], "方法": [], "理论": [], "组织": [], "书籍": [], "情绪": ["气愤"], "行为": ["责自己", "责对方"]}
2025-11-27 19:50:46,896 [INFO] ✅ 关系抽取成功: 共 4 个关系
2025-11-27 19:50:46,896 [INFO]    完整结果:
{"提出": [], "包含": [], "应用": [], "来源": [], "解释": [], "相关": [], "导致": [{"subject": "自我指责", "object": "内疚"}, {"subject": "自我指责", "object": "羞愧"}, {"subject": "自我指责", "object": "压抑"}, {"subject": "自我指责", "object": "自尊心也会受到伤害"}], "影响": []}
2025-11-27 19:50:46,896 [INFO] 
📊 进度统计:
2025-11-27 19:50:46,896 [INFO]    已处理批次: 179/693 (25.8%)
2025-11-27 19:50:46,896 [INFO]    已处理段落: 895/3465
2025-11-27 19:50:46,896 [INFO]    成功: 179, 失败: 0
2025-11-27 19:50:46,896 [INFO]    已用时: 27.0 分钟
2025-11-27 19:50:46,897 [INFO]    预计剩余: 77.6 分钟
2025-11-27 19:50:46,897 [INFO]    预计总时间: 104.7 分钟
2025-11-27 19:50:46,897 [INFO] 
================================================================================
2025-11-27 19:50:46,897 [INFO] 处理第 180/693 批 (段落 896-900)
2025-11-27 19:50:46,897 [INFO] ================================================================================
2025-11-27 19:50:46,897 [INFO] 📄 本批段落数: 5
2025-11-27 19:50:46,897 [INFO] 📄 合并文本长度: 162 字符
2025-11-27 19:50:46,897 [INFO] 📄 完整文本:
会反驳对方说：“你没有资格这么说！我总是考虑你的需要，你才自私

第三种选择是关注我们自己的感受和需要。我们会感到伤心，并发

现伤心的感受来自内在的需要——渴望自己的付出得到肯定。这时，我

们也许会回应：“听到你说‘我从没见过像你这么自私的人’，我感到伤

心，因为我渴望得到认可。我也在努力体贴你，希望这一点能得到你的
2025-11-27 19:50:46,897 [INFO] --------------------------------------------------------------------------------
2025-11-27 19:50:50,203 [INFO] ✅ 实体抽取成功: 共 1 个实体
2025-11-27 19:50:50,203 [INFO]    完整结果:
{"人物": [], "概念": [], "方法": [], "理论": [], "组织": [], "书籍": [], "情绪": ["伤心"], "行为": []}
2025-11-27 19:50:53,322 [INFO] ✅ 关系抽取成功: 共 0 个关系
2025-11-27 19:50:53,323 [INFO]    完整结果:
{"提出": [], "包含": [], "应用": [], "来源": [], "解释": [], "相关": [], "导致": [], "影响": []}
2025-11-27 19:50:53,323 [INFO] 
📊 进度统计:
2025-11-27 19:50:53,323 [INFO]    已处理批次: 180/693 (26.0%)
2025-11-27 19:50:53,323 [INFO]    已处理段落: 900/3465
2025-11-27 19:50:53,323 [INFO]    成功: 180, 失败: 0
2025-11-27 19:50:53,323 [INFO]    已用时: 27.1 分钟
2025-11-27 19:50:53,323 [INFO]    预计剩余: 77.3 分钟
2025-11-27 19:50:53,323 [INFO]    预计总时间: 104.5 分钟
2025-11-27 19:50:53,323 [INFO] 
================================================================================
2025-11-27 19:50:53,323 [INFO] 处理第 181/693 批 (段落 901-905)
2025-11-27 19:50:53,323 [INFO] ================================================================================
2025-11-27 19:50:53,323 [INFO] 📄 本批段落数: 5
2025-11-27 19:50:53,323 [INFO] 📄 合并文本长度: 143 字符
2025-11-27 19:50:53,323 [INFO] 📄 完整文本:
第四种选择是关注对方想要表达的感受和需要。这时，我们可能会

问对方：“你感到伤心，希望你的喜好能得到照顾，是吗？”

通过关注我们的需要、愿望、期待、价值观或想法，我们不再指责

在以下表达失望的例子中，请注意其中的差异：

乙：“昨晚你没来，我很失望，因为我想要和你聊一些烦心事。”
2025-11-27 19:50:53,323 [INFO] --------------------------------------------------------------------------------
2025-11-27 19:50:56,607 [INFO] ✅ 实体抽取成功: 共 1 个实体
2025-11-27 19:50:56,607 [INFO]    完整结果:
{"人物": [], "概念": [], "方法": [], "理论": [], "组织": [], "书籍": [], "情绪": ["伤心"], "行为": []}
2025-11-27 19:50:59,700 [INFO] ✅ 关系抽取成功: 共 0 个关系
2025-11-27 19:50:59,701 [INFO]    完整结果:
{"提出": [], "包含": [], "应用": [], "来源": [], "解释": [], "相关": [], "导致": [], "影响": []}
2025-11-27 19:50:59,701 [INFO] 
📊 进度统计:
2025-11-27 19:50:59,701 [INFO]    已处理批次: 181/693 (26.1%)
2025-11-27 19:50:59,701 [INFO]    已处理段落: 905/3465
2025-11-27 19:50:59,701 [INFO]    成功: 181, 失败: 0
2025-11-27 19:50:59,701 [INFO]    已用时: 27.2 分钟
2025-11-27 19:50:59,701 [INFO]    预计剩余: 77.1 分钟
2025-11-27 19:50:59,701 [INFO]    预计总时间: 104.3 分钟
2025-11-27 19:50:59,701 [INFO] 
================================================================================
2025-11-27 19:50:59,701 [INFO] 处理第 182/693 批 (段落 906-910)
2025-11-27 19:50:59,701 [INFO] ================================================================================
2025-11-27 19:50:59,701 [INFO] 📄 本批段落数: 5
2025-11-27 19:50:59,701 [INFO] 📄 合并文本长度: 157 字符
2025-11-27 19:50:59,701 [INFO] 📄 完整文本:
在上面的例句中，甲把自己的失望完全归咎于对方的行为。而乙将

乙：“他们撤销了合同，我感到非常生气，因为我认为，这是极不

在这个例子中，甲将自己的气恼归咎于他人的行为。而乙承认她的

愤怒是由自己带有指责的想法所造成的，因此她为自己的感受承担了责

任。非暴力沟通还会鼓励她进一步了解她想要什么：她有什么需要、渴
2025-11-27 19:50:59,701 [INFO] --------------------------------------------------------------------------------
2025-11-27 19:51:04,460 [INFO] ✅ 实体抽取成功: 共 5 个实体
2025-11-27 19:51:04,460 [INFO]    完整结果:
{"人物": ["甲", "乙"], "概念": [], "方法": ["非暴力沟通"], "理论": [], "组织": [], "书籍": [], "情绪": ["失望", "生气"], "行为": []}
2025-11-27 19:51:07,591 [INFO] ✅ 关系抽取成功: 共 0 个关系
2025-11-27 19:51:07,591 [INFO]    完整结果:
{"提出": [], "包含": [], "应用": [], "来源": [], "解释": [], "相关": [], "导致": [], "影响": []}
2025-11-27 19:51:07,591 [INFO] 
📊 进度统计:
2025-11-27 19:51:07,591 [INFO]    已处理批次: 182/693 (26.3%)
2025-11-27 19:51:07,591 [INFO]    已处理段落: 910/3465
2025-11-27 19:51:07,591 [INFO]    成功: 182, 失败: 0
2025-11-27 19:51:07,591 [INFO]    已用时: 27.4 分钟
2025-11-27 19:51:07,591 [INFO]    预计剩余: 76.9 分钟
2025-11-27 19:51:07,591 [INFO]    预计总时间: 104.2 分钟
2025-11-27 19:51:07,591 [INFO] 
================================================================================
2025-11-27 19:51:07,591 [INFO] 处理第 183/693 批 (段落 911-915)
2025-11-27 19:51:07,591 [INFO] ================================================================================
2025-11-27 19:51:07,591 [INFO] 📄 本批段落数: 5
2025-11-27 19:51:07,591 [INFO] 📄 合并文本长度: 155 字符
2025-11-27 19:51:07,591 [INFO] 📄 完整文本:
望、期待、希望未能得到满足。我们越能将自己的感受和需要相连，他

人就越容易对我们做出善意的回应。例如，乙可以这样表达：“他们撤

销了合同，我感到非常生气，因为我原本期盼着有机会能将去年辞退的

有些常见的语言模式容易掩盖我们对感受的责任，辨认出它们将有

“我们公开发行的手册有拼写错误，这让我非常生气。”
2025-11-27 19:51:07,591 [INFO] --------------------------------------------------------------------------------
2025-11-27 19:51:11,816 [INFO] ✅ 实体抽取成功: 共 4 个实体
2025-11-27 19:51:11,816 [INFO]    完整结果:
{"人物": ["乙"], "概念": [], "方法": [], "理论": [], "组织": [], "书籍": [], "情绪": ["期待", "希望", "生气"], "行为": []}
2025-11-27 19:51:14,952 [INFO] ✅ 关系抽取成功: 共 0 个关系
2025-11-27 19:51:14,953 [INFO]    完整结果:
{"提出": [], "包含": [], "应用": [], "来源": [], "解释": [], "相关": [], "导致": [], "影响": []}
2025-11-27 19:51:14,953 [INFO] 
📊 进度统计:
2025-11-27 19:51:14,953 [INFO]    已处理批次: 183/693 (26.4%)
2025-11-27 19:51:14,953 [INFO]    已处理段落: 915/3465
2025-11-27 19:51:14,953 [INFO]    成功: 183, 失败: 0
2025-11-27 19:51:14,953 [INFO]    已用时: 27.5 分钟
2025-11-27 19:51:14,953 [INFO]    预计剩余: 76.6 分钟
2025-11-27 19:51:14,953 [INFO]    预计总时间: 104.1 分钟
2025-11-27 19:51:14,953 [INFO] 
================================================================================
2025-11-27 19:51:14,953 [INFO] 处理第 184/693 批 (段落 916-920)
2025-11-27 19:51:14,953 [INFO] ================================================================================
2025-11-27 19:51:14,953 [INFO] 📄 本批段落数: 5
2025-11-27 19:51:14,953 [INFO] 📄 合并文本长度: 135 字符
2025-11-27 19:51:14,953 [INFO] 📄 完整文本:
2.“我感到（某种情绪），因为（别人）……”：

“你在我的生日那天没给我打电话，我感到伤心。”

为了让我们对自身所负的责任有更多的意识，我们可以替换成“我

感到……因为我……”这样的句式来表达。例如：

1.“看到我们公开发行的手册有拼写错误，我感到非常生气，因为
2025-11-27 19:51:14,953 [INFO] --------------------------------------------------------------------------------
2025-11-27 19:51:18,524 [INFO] ✅ 实体抽取成功: 共 2 个实体
2025-11-27 19:51:18,524 [INFO]    完整结果:
{"人物": [], "概念": [], "方法": [], "理论": [], "组织": [], "书籍": [], "情绪": ["伤心", "生气"], "行为": []}
2025-11-27 19:51:21,628 [INFO] ✅ 关系抽取成功: 共 0 个关系
2025-11-27 19:51:21,629 [INFO]    完整结果:
{"提出": [], "包含": [], "应用": [], "来源": [], "解释": [], "相关": [], "导致": [], "影响": []}
2025-11-27 19:51:21,629 [INFO] 
📊 进度统计:
2025-11-27 19:51:21,629 [INFO]    已处理批次: 184/693 (26.6%)
2025-11-27 19:51:21,629 [INFO]    已处理段落: 920/3465
2025-11-27 19:51:21,629 [INFO]    成功: 184, 失败: 0
2025-11-27 19:51:21,629 [INFO]    已用时: 27.6 分钟
2025-11-27 19:51:21,629 [INFO]    预计剩余: 76.4 分钟
2025-11-27 19:51:21,629 [INFO]    预计总时间: 104.0 分钟
2025-11-27 19:51:21,629 [INFO] 
================================================================================
2025-11-27 19:51:21,629 [INFO] 处理第 185/693 批 (段落 921-925)
2025-11-27 19:51:21,629 [INFO] ================================================================================
2025-11-27 19:51:21,629 [INFO] 📄 本批段落数: 5
2025-11-27 19:51:21,629 [INFO] 📄 合并文本长度: 158 字符
2025-11-27 19:51:21,629 [INFO] 📄 完整文本:
2.“当上司违背了她的承诺，我感到愤怒，因为我原本希望用那个

3.“你没有把食物吃完，妈妈感到失望，因为我希望你身体强壮，

利用内疚感来推动他人的基本机制，是通过把自己的感受归咎于人

来实现的。家长也许会对孩子说：“你成绩不好，让爸爸妈妈伤透了

心！”言下之意，父母的幸福取决于孩子的行为。表面上看，让孩子为
2025-11-27 19:51:21,629 [INFO] --------------------------------------------------------------------------------
2025-11-27 19:51:25,309 [INFO] ✅ 实体抽取成功: 共 2 个实体
2025-11-27 19:51:25,309 [INFO]    完整结果:
{"人物": [], "概念": [], "方法": [], "理论": [], "组织": [], "书籍": [], "情绪": ["愤怒", "失望"], "行为": []}
2025-11-27 19:51:32,066 [INFO] ✅ 关系抽取成功: 共 1 个关系
2025-11-27 19:51:32,066 [INFO]    完整结果:
{"提出": [], "包含": [], "应用": [], "来源": [], "解释": [{"subject": "利用内疚感来推动他人的基本机制", "object": "通过把自己的感受归咎于人"}], "相关": [], "导致": [], "影响": []}
2025-11-27 19:51:32,066 [INFO] 
📊 进度统计:
2025-11-27 19:51:32,066 [INFO]    已处理批次: 185/693 (26.7%)
2025-11-27 19:51:32,066 [INFO]    已处理段落: 925/3465
2025-11-27 19:51:32,066 [INFO]    成功: 185, 失败: 0
2025-11-27 19:51:32,066 [INFO]    已用时: 27.8 分钟
2025-11-27 19:51:32,066 [INFO]    预计剩余: 76.3 分钟
2025-11-27 19:51:32,066 [INFO]    预计总时间: 104.1 分钟
2025-11-27 19:51:32,066 [INFO] 
================================================================================
2025-11-27 19:51:32,066 [INFO] 处理第 186/693 批 (段落 926-930)
2025-11-27 19:51:32,066 [INFO] ================================================================================
2025-11-27 19:51:32,066 [INFO] 📄 本批段落数: 5
2025-11-27 19:51:32,066 [INFO] 📄 合并文本长度: 161 字符
2025-11-27 19:51:32,066 [INFO] 📄 完整文本:
父母的感受负责似乎表现了孩子对父母的关心。孩子因为在意父母，而

对父母的痛苦感到内疚。但是换一个角度想一下，孩子为了父母的感受

而改变行为来迎合父母，那么改变也只是为了避免愧疚，而非出自真

当我们评判、批评、分析或判断他人的言行时，实际上是在用疏离

生命的方式表达自己的需要。如果有人说：“你从不懂我。”他真正的心
2025-11-27 19:51:32,066 [INFO] --------------------------------------------------------------------------------
2025-11-27 19:51:35,756 [INFO] ✅ 实体抽取成功: 共 2 个实体
2025-11-27 19:51:35,756 [INFO]    完整结果:
{"人物": [], "概念": [], "方法": [], "理论": [], "组织": [], "书籍": [], "情绪": ["内疚"], "行为": ["改变行为"]}
2025-11-27 19:51:40,415 [INFO] ✅ 关系抽取成功: 共 1 个关系
2025-11-27 19:51:40,415 [INFO]    完整结果:
{"提出": [], "包含": [], "应用": [], "来源": [], "解释": [], "相关": [], "导致": [], "影响": [{"subject": "父母的感受", "object": "孩子"}]}
2025-11-27 19:51:40,415 [INFO] 
📊 进度统计:
2025-11-27 19:51:40,415 [INFO]    已处理批次: 186/693 (26.8%)
2025-11-27 19:51:40,415 [INFO]    已处理段落: 930/3465
2025-11-27 19:51:40,415 [INFO]    成功: 186, 失败: 0
2025-11-27 19:51:40,416 [INFO]    已用时: 27.9 分钟
2025-11-27 19:51:40,416 [INFO]    预计剩余: 76.1 分钟
2025-11-27 19:51:40,416 [INFO]    预计总时间: 104.0 分钟
2025-11-27 19:51:40,416 [INFO] 
================================================================================
2025-11-27 19:51:40,416 [INFO] 处理第 187/693 批 (段落 931-935)
2025-11-27 19:51:40,416 [INFO] ================================================================================
2025-11-27 19:51:40,416 [INFO] 📄 本批段落数: 5
2025-11-27 19:51:40,416 [INFO] 📄 合并文本长度: 159 字符
2025-11-27 19:51:40,416 [INFO] 📄 完整文本:
声是渴望得到理解。如果太太说：“这星期你每天都工作到很晚，相比

我，你更爱工作！”那她在诉说的是，亲密的需要未能得到满足。

当我们通过评判、判断和想象等方式间接地表达自己的需要时，他

人很容易认为我们在批评他们，并随之启动自我辩护和反抗。我们越能

直接说出感受以及相关联的需要，他人也越有可能对我们做出善意的回
2025-11-27 19:51:40,416 [INFO] --------------------------------------------------------------------------------
2025-11-27 19:51:47,044 [INFO] ✅ 实体抽取成功: 共 8 个实体
2025-11-27 19:51:47,044 [INFO]    完整结果:
{"人物": [], "概念": [], "方法": [], "理论": [], "组织": [], "书籍": [], "情绪": ["渴望得到理解"], "行为": ["工作到很晚", "评判", "判断", "想象", "批评", "自我辩护", "反抗"]}
2025-11-27 19:51:50,188 [INFO] ✅ 关系抽取成功: 共 0 个关系
2025-11-27 19:51:50,189 [INFO]    完整结果:
{"提出": [], "包含": [], "应用": [], "来源": [], "解释": [], "相关": [], "导致": [], "影响": []}
2025-11-27 19:51:50,189 [INFO] 
📊 进度统计:
2025-11-27 19:51:50,189 [INFO]    已处理批次: 187/693 (27.0%)
2025-11-27 19:51:50,189 [INFO]    已处理段落: 935/3465
2025-11-27 19:51:50,189 [INFO]    成功: 187, 失败: 0
2025-11-27 19:51:50,189 [INFO]    已用时: 28.1 分钟
2025-11-27 19:51:50,189 [INFO]    预计剩余: 76.0 分钟
2025-11-27 19:51:50,189 [INFO]    预计总时间: 104.1 分钟
2025-11-27 19:51:50,189 [INFO] 
================================================================================
2025-11-27 19:51:50,189 [INFO] 处理第 188/693 批 (段落 936-940)
2025-11-27 19:51:50,189 [INFO] ================================================================================
2025-11-27 19:51:50,189 [INFO] 📄 本批段落数: 5
2025-11-27 19:51:50,189 [INFO] 📄 合并文本长度: 160 字符
2025-11-27 19:51:50,189 [INFO] 📄 完整文本:
不幸的是，大多数人从未学习过如何从“需要”的角度来思考。当需

要未能得到满足时，我们习惯于认为是他人的错。例如，如果我们希望

孩子把衣服收纳在衣橱里，而他们却丢在了沙发上，我们可能就会说他

们懒惰；如果我们不喜欢同事工作的方式，也许会指责他们不负责任。

有一次，我受邀到南加州调解一起农场主与外来工人间的冲突，双
2025-11-27 19:51:50,189 [INFO] --------------------------------------------------------------------------------
2025-11-27 19:51:53,763 [INFO] ✅ 实体抽取成功: 共 2 个实体
2025-11-27 19:51:53,763 [INFO]    完整结果:
{"人物": [], "概念": [], "方法": [], "理论": [], "组织": [], "书籍": [], "情绪": [], "行为": ["收纳", "丢"]}
2025-11-27 19:51:56,846 [INFO] ✅ 关系抽取成功: 共 0 个关系
2025-11-27 19:51:56,847 [INFO]    完整结果:
{"提出": [], "包含": [], "应用": [], "来源": [], "解释": [], "相关": [], "导致": [], "影响": []}
2025-11-27 19:51:56,847 [INFO] 
📊 进度统计:
2025-11-27 19:51:56,847 [INFO]    已处理批次: 188/693 (27.1%)
2025-11-27 19:51:56,847 [INFO]    已处理段落: 940/3465
2025-11-27 19:51:56,847 [INFO]    成功: 188, 失败: 0
2025-11-27 19:51:56,847 [INFO]    已用时: 28.2 分钟
2025-11-27 19:51:56,847 [INFO]    预计剩余: 75.7 分钟
2025-11-27 19:51:56,847 [INFO]    预计总时间: 103.9 分钟
2025-11-27 19:51:56,847 [INFO] 
================================================================================
2025-11-27 19:51:56,847 [INFO] 处理第 189/693 批 (段落 941-945)
2025-11-27 19:51:56,847 [INFO] ================================================================================
2025-11-27 19:51:56,847 [INFO] 📄 本批段落数: 5
2025-11-27 19:51:56,847 [INFO] 📄 合并文本长度: 161 字符
2025-11-27 19:51:56,847 [INFO] 📄 完整文本:
方的矛盾正愈演愈烈。会谈一开始，我向他们提出两个问题：“你们各

自的需要是什么？为了满足这些需要，你们想请求对方做什么？”

这时，一位外来工人喊道：“他们就是一群种族歧视分子！”随即，

一位农场主更大声地喊起来：“他们这些人根本无视法律法规！”就像在

大部分冲突事件中那样，人们更善于分析对方的错，而非清晰地表达自
2025-11-27 19:51:56,847 [INFO] --------------------------------------------------------------------------------
2025-11-27 19:52:00,226 [INFO] ✅ 实体抽取成功: 共 1 个实体
2025-11-27 19:52:00,226 [INFO]    完整结果:
{"人物": [], "概念": [], "方法": [], "理论": [], "组织": [], "书籍": [], "情绪": [], "行为": ["种族歧视"]}
2025-11-27 19:52:04,975 [INFO] ✅ 关系抽取成功: 共 1 个关系
2025-11-27 19:52:04,975 [INFO]    完整结果:
{"提出": [{"subject": "两个问题", "object": "我"}], "包含": [], "应用": [], "来源": [], "解释": [], "相关": [], "导致": [], "影响": []}
2025-11-27 19:52:04,975 [INFO] 
📊 进度统计:
2025-11-27 19:52:04,975 [INFO]    已处理批次: 189/693 (27.3%)
2025-11-27 19:52:04,975 [INFO]    已处理段落: 945/3465
2025-11-27 19:52:04,975 [INFO]    成功: 189, 失败: 0
2025-11-27 19:52:04,975 [INFO]    已用时: 28.3 分钟
2025-11-27 19:52:04,975 [INFO]    预计剩余: 75.6 分钟
2025-11-27 19:52:04,975 [INFO]    预计总时间: 103.9 分钟
2025-11-27 19:52:04,975 [INFO] 
================================================================================
2025-11-27 19:52:04,975 [INFO] 处理第 190/693 批 (段落 946-950)
2025-11-27 19:52:04,975 [INFO] ================================================================================
2025-11-27 19:52:04,975 [INFO] 📄 本批段落数: 5
2025-11-27 19:52:04,975 [INFO] 📄 合并文本长度: 158 字符
2025-11-27 19:52:04,975 [INFO] 📄 完整文本:
还有一次，我参与了一群以色列人和巴勒斯坦人的会面，他们希望

能够建立互信，从而为家园带来和平。我在会议开始时问了同样的问

题：“你们各自的需要是什么？为了满足这些需要，你们想请求对方做

什么？”一位巴勒斯坦村长直接说道：“你们的所作所为和纳粹一

样。”显然这样的话很难得到以色列人的配合。一位以色列妇女立即站
2025-11-27 19:52:04,975 [INFO] --------------------------------------------------------------------------------
2025-11-27 19:52:08,503 [INFO] ✅ 实体抽取成功: 共 1 个实体
2025-11-27 19:52:08,503 [INFO]    完整结果:
{"人物": [], "概念": [], "方法": [], "理论": [], "组织": [], "书籍": [], "情绪": [], "行为": ["会面"]}
2025-11-27 19:52:11,644 [INFO] ✅ 关系抽取成功: 共 0 个关系
2025-11-27 19:52:11,644 [INFO]    完整结果:
{"提出": [], "包含": [], "应用": [], "来源": [], "解释": [], "相关": [], "导致": [], "影响": []}
2025-11-27 19:52:11,644 [INFO] 
📊 进度统计:
2025-11-27 19:52:11,644 [INFO]    已处理批次: 190/693 (27.4%)
2025-11-27 19:52:11,644 [INFO]    已处理段落: 950/3465
2025-11-27 19:52:11,644 [INFO]    成功: 190, 失败: 0
2025-11-27 19:52:11,644 [INFO]    已用时: 28.4 分钟
2025-11-27 19:52:11,644 [INFO]    预计剩余: 75.3 分钟
2025-11-27 19:52:11,644 [INFO]    预计总时间: 103.7 分钟
2025-11-27 19:52:11,644 [INFO] 
================================================================================
2025-11-27 19:52:11,644 [INFO] 处理第 191/693 批 (段落 951-955)
2025-11-27 19:52:11,644 [INFO] ================================================================================
2025-11-27 19:52:11,644 [INFO] 📄 本批段落数: 5
2025-11-27 19:52:11,644 [INFO] 📄 合并文本长度: 157 字符
2025-11-27 19:52:11,644 [INFO] 📄 完整文本:
起来反驳他：“村长，这样的说法太不顾及我们的感受了。”

他们来这里原本是为了建立互信与和平，但会谈才刚开始，情况却

变得更糟糕了。发生这样的情况，正是因为人们时常习惯于分析和指责

他人，而非清晰地表达自己的需要。在这个例子中，如果这位妇女在回

应村长时表达她的需要并向对方提出请求，她也许可以说：“希望在对
2025-11-27 19:52:11,644 [INFO] --------------------------------------------------------------------------------
2025-11-27 19:52:16,192 [INFO] ✅ 实体抽取成功: 共 5 个实体
2025-11-27 19:52:16,192 [INFO]    完整结果:
{"人物": [], "概念": [], "方法": [], "理论": [], "组织": [], "书籍": [], "情绪": [], "行为": ["反驳", "分析", "指责", "表达", "请求"]}
2025-11-27 19:52:19,292 [INFO] ✅ 关系抽取成功: 共 0 个关系
2025-11-27 19:52:19,292 [INFO]    完整结果:
{"提出": [], "包含": [], "应用": [], "来源": [], "解释": [], "相关": [], "导致": [], "影响": []}
2025-11-27 19:52:19,292 [INFO] 
📊 进度统计:
2025-11-27 19:52:19,292 [INFO]    已处理批次: 191/693 (27.6%)
2025-11-27 19:52:19,292 [INFO]    已处理段落: 955/3465
2025-11-27 19:52:19,292 [INFO]    成功: 191, 失败: 0
2025-11-27 19:52:19,292 [INFO]    已用时: 28.6 分钟
2025-11-27 19:52:19,293 [INFO]    预计剩余: 75.1 分钟
2025-11-27 19:52:19,293 [INFO]    预计总时间: 103.7 分钟
2025-11-27 19:52:19,293 [INFO] 
================================================================================
2025-11-27 19:52:19,293 [INFO] 处理第 192/693 批 (段落 956-960)
2025-11-27 19:52:19,293 [INFO] ================================================================================
2025-11-27 19:52:19,293 [INFO] 📄 本批段落数: 5
2025-11-27 19:52:19,293 [INFO] 📄 合并文本长度: 145 字符
2025-11-27 19:52:19,293 [INFO] 📄 完整文本:
话中，我们能互相尊重。与其表达你对我们行为的看法，倒不如请你说

根据我的经验，一旦人们开始谈论自己的需要而非相互指责，就更

有可能找到满足大家需要的办法。以下是我们每个人共有的基本需要：

相互依存（Interdependence）

精神交流（Spiritual Communion）
2025-11-27 19:52:19,293 [INFO] --------------------------------------------------------------------------------
2025-11-27 19:52:24,245 [INFO] ✅ 实体抽取成功: 共 4 个实体
2025-11-27 19:52:24,245 [INFO]    完整结果:
{"人物": [], "概念": ["相互依存", "Interdependence", "精神交流", "Spiritual Communion"], "方法": [], "理论": [], "组织": [], "书籍": [], "情绪": [], "行为": []}
2025-11-27 19:52:30,579 [INFO] ✅ 关系抽取成功: 共 2 个关系
2025-11-27 19:52:30,579 [INFO]    完整结果:
{"提出": [], "包含": [], "应用": [], "来源": [], "解释": [], "相关": [{"subject": "相互依存", "object": "Interdependence"}, {"subject": "精神交流", "object": "Spiritual Communion"}], "导致": [], "影响": []}
2025-11-27 19:52:30,579 [INFO] 
📊 进度统计:
2025-11-27 19:52:30,579 [INFO]    已处理批次: 192/693 (27.7%)
2025-11-27 19:52:30,579 [INFO]    已处理段落: 960/3465
2025-11-27 19:52:30,579 [INFO]    成功: 192, 失败: 0
2025-11-27 19:52:30,579 [INFO]    已用时: 28.8 分钟
2025-11-27 19:52:30,580 [INFO]    预计剩余: 75.0 分钟
2025-11-27 19:52:30,580 [INFO]    预计总时间: 103.8 分钟
2025-11-27 19:52:30,580 [INFO] 
================================================================================
2025-11-27 19:52:30,580 [INFO] 处理第 193/693 批 (段落 961-965)
2025-11-27 19:52:30,580 [INFO] ================================================================================
2025-11-27 19:52:30,580 [INFO] 📄 本批段落数: 5
2025-11-27 19:52:30,580 [INFO] 📄 合并文本长度: 155 字符
2025-11-27 19:52:30,580 [INFO] 📄 完整文本:
滋养身体（Physical Nurturance）

在我们身处的世界中，我们时常会因为袒露自身需要而遭到强烈的

评判，因而对表达需要感到害怕。对女性来说，尤其如此。长期以来，

女性的形象就与照顾他人、自我牺牲和压抑需要相连。在社会文化的熏

陶之下，女性也已经把照顾他人视为自己的最高职责，因而学会了无视
2025-11-27 19:52:30,580 [INFO] --------------------------------------------------------------------------------
2025-11-27 19:52:35,085 [INFO] ✅ 实体抽取成功: 共 4 个实体
2025-11-27 19:52:35,085 [INFO]    完整结果:
{"人物": [], "概念": [], "方法": [], "理论": [], "组织": [], "书籍": [], "情绪": [], "行为": ["滋养身体", "照顾他人", "自我牺牲", "压抑需要"]}
2025-11-27 19:52:39,894 [INFO] ✅ 关系抽取成功: 共 1 个关系
2025-11-27 19:52:39,895 [INFO]    完整结果:
{"提出": [], "包含": [], "应用": [], "来源": [], "解释": [{"subject": "滋养身体", "object": "Physical Nurturance"}], "相关": [], "导致": [], "影响": []}
2025-11-27 19:52:39,895 [INFO] 
📊 进度统计:
2025-11-27 19:52:39,895 [INFO]    已处理批次: 193/693 (27.8%)
2025-11-27 19:52:39,895 [INFO]    已处理段落: 965/3465
2025-11-27 19:52:39,895 [INFO]    成功: 193, 失败: 0
2025-11-27 19:52:39,895 [INFO]    已用时: 28.9 分钟
2025-11-27 19:52:39,895 [INFO]    预计剩余: 74.9 分钟
2025-11-27 19:52:39,895 [INFO]    预计总时间: 103.8 分钟
2025-11-27 19:52:39,895 [INFO] 
================================================================================
2025-11-27 19:52:39,895 [INFO] 处理第 194/693 批 (段落 966-970)
2025-11-27 19:52:39,895 [INFO] ================================================================================
2025-11-27 19:52:39,895 [INFO] 📄 本批段落数: 5
2025-11-27 19:52:39,895 [INFO] 📄 合并文本长度: 161 字符
2025-11-27 19:52:39,895 [INFO] 📄 完整文本:
有一次我们在工作坊中展开讨论，女性若将这些社会教养固化成内

在信念，对她们意味着什么？我们可以从许多妇女主张自己的方式中看

到，她们并不相信自己有权满足自己的需要，甚至认为自己的需要无足

轻重。这样的信念还会不断被强化，例如，因为害怕表达自己的需要，

一个女人可能不会直接说：“我今天累坏了，想要晚上歇一会儿。”相
2025-11-27 19:52:39,895 [INFO] --------------------------------------------------------------------------------
2025-11-27 19:52:43,318 [INFO] ✅ 实体抽取成功: 共 1 个实体
2025-11-27 19:52:43,318 [INFO]    完整结果:
{"人物": [], "概念": [], "方法": [], "理论": [], "组织": [], "书籍": [], "情绪": [], "行为": ["表达自己的需要"]}
2025-11-27 19:52:47,811 [INFO] ✅ 关系抽取成功: 共 1 个关系
2025-11-27 19:52:47,811 [INFO]    完整结果:
{"提出": [], "包含": [], "应用": [], "来源": [], "解释": [], "相关": [], "导致": [], "影响": [{"subject": "社会教养", "object": "信念"}]}
2025-11-27 19:52:47,811 [INFO] 
📊 进度统计:
2025-11-27 19:52:47,811 [INFO]    已处理批次: 194/693 (28.0%)
2025-11-27 19:52:47,811 [INFO]    已处理段落: 970/3465
2025-11-27 19:52:47,811 [INFO]    成功: 194, 失败: 0
2025-11-27 19:52:47,812 [INFO]    已用时: 29.0 分钟
2025-11-27 19:52:47,812 [INFO]    预计剩余: 74.7 分钟
2025-11-27 19:52:47,812 [INFO]    预计总时间: 103.8 分钟
2025-11-27 19:52:47,812 [INFO] 
================================================================================
2025-11-27 19:52:47,812 [INFO] 处理第 195/693 批 (段落 971-975)
2025-11-27 19:52:47,812 [INFO] ================================================================================
2025-11-27 19:52:47,812 [INFO] 📄 本批段落数: 5
2025-11-27 19:52:47,812 [INFO] 📄 合并文本长度: 157 字符
2025-11-27 19:52:47,812 [INFO] 📄 完整文本:
反，她的话听起来也许就像辩护词，她会念叨：“你知道我一整天都没

歇过，我熨了所有的衬衣，把这周的脏衣服都洗了，带狗去看了宠物医

生，准备了午餐便当，又做了晚餐，打电话给所有的邻居通知街区会

议。所以（以一种近乎哀求的口吻）……你是否可以……？”

她这样哀怨地尝试证明自己“应当”获得某种权利，这非但不能引发
2025-11-27 19:52:47,812 [INFO] --------------------------------------------------------------------------------
2025-11-27 19:52:52,126 [INFO] ✅ 实体抽取成功: 共 3 个实体
2025-11-27 19:52:52,126 [INFO]    完整结果:
{"人物": [], "概念": [], "方法": [], "理论": [], "组织": [], "书籍": [], "情绪": [], "行为": ["熨", "洗", "通知"]}
2025-11-27 19:52:55,418 [INFO] ✅ 关系抽取成功: 共 0 个关系
2025-11-27 19:52:55,418 [INFO]    完整结果:
{"提出": [], "包含": [], "应用": [], "来源": [], "解释": [], "相关": [], "导致": [], "影响": []}
2025-11-27 19:52:55,418 [INFO] 
📊 进度统计:
2025-11-27 19:52:55,418 [INFO]    已处理批次: 195/693 (28.1%)
2025-11-27 19:52:55,418 [INFO]    已处理段落: 975/3465
2025-11-27 19:52:55,418 [INFO]    成功: 195, 失败: 0
2025-11-27 19:52:55,418 [INFO]    已用时: 29.2 分钟
2025-11-27 19:52:55,418 [INFO]    预计剩余: 74.5 分钟
2025-11-27 19:52:55,418 [INFO]    预计总时间: 103.7 分钟
2025-11-27 19:52:55,418 [INFO] 
================================================================================
2025-11-27 19:52:55,418 [INFO] 处理第 196/693 批 (段落 976-980)
2025-11-27 19:52:55,418 [INFO] ================================================================================
2025-11-27 19:52:55,418 [INFO] 📄 本批段落数: 5
2025-11-27 19:52:55,418 [INFO] 📄 合并文本长度: 162 字符
2025-11-27 19:52:55,418 [INFO] 📄 完整文本:
听者的善意，反而使他们心生抗拒，于是对方立刻回应：“不行！”对方

既没有听到恳请背后的需要，还报以了负面的回应。最终，她们将再次

说服自己：我的需要微不足道。实际上，如果直接说出自己的需要，她

我母亲曾参加过一次工作坊，期间一些女士谈到她们是如何害怕表

达个人需要的，突然，她站起来走出房间，过了很久都没有回来。再次
2025-11-27 19:52:55,418 [INFO] --------------------------------------------------------------------------------
2025-11-27 19:52:59,083 [INFO] ✅ 实体抽取成功: 共 2 个实体
2025-11-27 19:52:59,084 [INFO]    完整结果:
{"人物": [], "概念": [], "方法": [], "理论": [], "组织": [], "书籍": [], "情绪": [], "行为": ["回应", "走出房间"]}
2025-11-27 19:53:02,124 [INFO] ✅ 关系抽取成功: 共 0 个关系
2025-11-27 19:53:02,124 [INFO]    完整结果:
{"提出": [], "包含": [], "应用": [], "来源": [], "解释": [], "相关": [], "导致": [], "影响": []}
2025-11-27 19:53:02,124 [INFO] 
📊 进度统计:
2025-11-27 19:53:02,124 [INFO]    已处理批次: 196/693 (28.3%)
2025-11-27 19:53:02,124 [INFO]    已处理段落: 980/3465
2025-11-27 19:53:02,124 [INFO]    成功: 196, 失败: 0
2025-11-27 19:53:02,124 [INFO]    已用时: 29.3 分钟
2025-11-27 19:53:02,124 [INFO]    预计剩余: 74.3 分钟
2025-11-27 19:53:02,124 [INFO]    预计总时间: 103.5 分钟
2025-11-27 19:53:02,125 [INFO] 
================================================================================
2025-11-27 19:53:02,125 [INFO] 处理第 197/693 批 (段落 981-985)
2025-11-27 19:53:02,125 [INFO] ================================================================================
2025-11-27 19:53:02,125 [INFO] 📄 本批段落数: 5
2025-11-27 19:53:02,125 [INFO] 📄 合并文本长度: 149 字符
2025-11-27 19:53:02,125 [INFO] 📄 完整文本:
出现的时候，她看上去脸色苍白。我问她：“妈妈，你还好吗？”

“没事，”她回答说，“刚才我意识到一件事情，心里极为难受。”

“36年来，我一直生你父亲的气，我认为他不在乎我的需要。此刻

我才意识到，我从没有清楚地告诉他我想要什么。”

是的。在我的记忆中，她从未直接向父亲说出过她的需要，而是以
2025-11-27 19:53:02,125 [INFO] --------------------------------------------------------------------------------
2025-11-27 19:53:05,685 [INFO] ✅ 实体抽取成功: 共 1 个实体
2025-11-27 19:53:05,685 [INFO]    完整结果:
{"人物": [], "概念": [], "方法": [], "理论": [], "组织": [], "书籍": [], "情绪": [], "行为": ["生你父亲的气"]}
2025-11-27 19:53:08,716 [INFO] ✅ 关系抽取成功: 共 0 个关系
2025-11-27 19:53:08,716 [INFO]    完整结果:
{"提出": [], "包含": [], "应用": [], "来源": [], "解释": [], "相关": [], "导致": [], "影响": []}
2025-11-27 19:53:08,716 [INFO] 
📊 进度统计:
2025-11-27 19:53:08,716 [INFO]    已处理批次: 197/693 (28.4%)
2025-11-27 19:53:08,716 [INFO]    已处理段落: 985/3465
2025-11-27 19:53:08,716 [INFO]    成功: 197, 失败: 0
2025-11-27 19:53:08,716 [INFO]    已用时: 29.4 分钟
2025-11-27 19:53:08,716 [INFO]    预计剩余: 74.0 分钟
2025-11-27 19:53:08,716 [INFO]    预计总时间: 103.4 分钟
2025-11-27 19:53:08,716 [INFO] 
================================================================================
2025-11-27 19:53:08,716 [INFO] 处理第 198/693 批 (段落 986-990)
2025-11-27 19:53:08,716 [INFO] ================================================================================
2025-11-27 19:53:08,717 [INFO] 📄 本批段落数: 5
2025-11-27 19:53:08,717 [INFO] 📄 合并文本长度: 155 字符
2025-11-27 19:53:08,717 [INFO] 📄 完整文本:
我们试着了解为什么这对她来说如此困难。母亲回忆起，她生长在

一个贫穷的家庭，小时候想要什么东西时，哥哥和姐姐们就会责备

她：“你知道家里很穷，怎么还这么贪心！你以为家里就你一个人

吗？”于是，长大后的她因为害怕遭到反对与评判，便不敢再说出她的

还有一次，她的妹妹在阑尾手术后得到了一个漂亮的小钱包。那年
2025-11-27 19:53:08,717 [INFO] --------------------------------------------------------------------------------
2025-11-27 19:53:11,731 [INFO] ✅ 实体抽取成功: 共 0 个实体
2025-11-27 19:53:11,731 [INFO]    完整结果:
{"人物": [], "概念": [], "方法": [], "理论": [], "组织": [], "书籍": [], "情绪": [], "行为": []}
2025-11-27 19:53:16,014 [INFO] ✅ 关系抽取成功: 共 1 个关系
2025-11-27 19:53:16,015 [INFO]    完整结果:
{"提出": [], "包含": [], "应用": [], "来源": [], "解释": [], "相关": [], "导致": [], "影响": [{"subject": "贫穷", "object": "心理"}]}
2025-11-27 19:53:16,015 [INFO] 
📊 进度统计:
2025-11-27 19:53:16,015 [INFO]    已处理批次: 198/693 (28.6%)
2025-11-27 19:53:16,015 [INFO]    已处理段落: 990/3465
2025-11-27 19:53:16,015 [INFO]    成功: 198, 失败: 0
2025-11-27 19:53:16,015 [INFO]    已用时: 29.5 分钟
2025-11-27 19:53:16,015 [INFO]    预计剩余: 73.8 分钟
2025-11-27 19:53:16,015 [INFO]    预计总时间: 103.3 分钟
2025-11-27 19:53:16,015 [INFO] 
================================================================================
2025-11-27 19:53:16,015 [INFO] 处理第 199/693 批 (段落 991-995)
2025-11-27 19:53:16,015 [INFO] ================================================================================
2025-11-27 19:53:16,015 [INFO] 📄 本批段落数: 5
2025-11-27 19:53:16,015 [INFO] 📄 合并文本长度: 163 字符
2025-11-27 19:53:16,015 [INFO] 📄 完整文本:
14岁的母亲也梦寐以求有那样一只绣着珠子的美丽钱包，却不敢开口。

猜猜她接下来做了什么？她假装肚子痛。家人带她看了几个医生，都无

法给出诊断，于是决定做开腹手术。这是一场多么大胆的赌博啊！最后

她如愿以偿得到了一只一模一样的小钱包。尽管还带着手术的剧烈疼

痛，母亲却欣喜若狂。此时两位护士走进病房，一位将体温计放进她的
2025-11-27 19:53:16,015 [INFO] --------------------------------------------------------------------------------
2025-11-27 19:53:21,096 [INFO] ✅ 实体抽取成功: 共 3 个实体
2025-11-27 19:53:21,097 [INFO]    完整结果:
{"人物": [], "概念": [], "方法": [], "理论": [], "组织": [], "书籍": [], "情绪": ["梦寐以求", "欣喜若狂"], "行为": ["假装肚子痛"]}
2025-11-27 19:53:24,360 [INFO] ✅ 关系抽取成功: 共 0 个关系
2025-11-27 19:53:24,360 [INFO]    完整结果:
{"提出": [], "包含": [], "应用": [], "来源": [], "解释": [], "相关": [], "导致": [], "影响": []}
2025-11-27 19:53:24,360 [INFO] 
📊 进度统计:
2025-11-27 19:53:24,360 [INFO]    已处理批次: 199/693 (28.7%)
2025-11-27 19:53:24,360 [INFO]    已处理段落: 995/3465
2025-11-27 19:53:24,360 [INFO]    成功: 199, 失败: 0
2025-11-27 19:53:24,360 [INFO]    已用时: 29.7 分钟
2025-11-27 19:53:24,360 [INFO]    预计剩余: 73.6 分钟
2025-11-27 19:53:24,360 [INFO]    预计总时间: 103.3 分钟
2025-11-27 19:53:24,360 [INFO] 
================================================================================
2025-11-27 19:53:24,360 [INFO] 处理第 200/693 批 (段落 996-1000)
2025-11-27 19:53:24,360 [INFO] ================================================================================
2025-11-27 19:53:24,360 [INFO] 📄 本批段落数: 5
2025-11-27 19:53:24,360 [INFO] 📄 合并文本长度: 158 字符
2025-11-27 19:53:24,360 [INFO] 📄 完整文本:
嘴里。我的母亲发出唔唔的声音想把钱包展示给另一位护士看。护士对

她说：“这是给我的吗？为什么？那谢谢了！”随即收下了钱包。我的母

亲顿时陷入了茫然，又不知道如何说出心里话：我并没有要给你的意

思，请把它还给我。这是个如此不幸的故事，一个人如果无法说出自己

在通往情绪自由的成长过程中，我们通常会经历三个阶段。
2025-11-27 19:53:24,360 [INFO] --------------------------------------------------------------------------------
2025-11-27 19:53:28,116 [INFO] ✅ 实体抽取成功: 共 2 个实体
2025-11-27 19:53:28,116 [INFO]    完整结果:
{"人物": [], "概念": ["情绪自由"], "方法": [], "理论": [], "组织": [], "书籍": [], "情绪": [], "行为": ["发出唔唔的声音"]}
2025-11-27 19:53:31,149 [INFO] ✅ 关系抽取成功: 共 0 个关系
2025-11-27 19:53:31,149 [INFO]    完整结果:
{"提出": [], "包含": [], "应用": [], "来源": [], "解释": [], "相关": [], "导致": [], "影响": []}
2025-11-27 19:53:31,150 [INFO] 
📊 进度统计:
2025-11-27 19:53:31,150 [INFO]    已处理批次: 200/693 (28.9%)
2025-11-27 19:53:31,150 [INFO]    已处理段落: 1000/3465
2025-11-27 19:53:31,150 [INFO]    成功: 200, 失败: 0
2025-11-27 19:53:31,150 [INFO]    已用时: 29.8 分钟
2025-11-27 19:53:31,150 [INFO]    预计剩余: 73.4 分钟
2025-11-27 19:53:31,150 [INFO]    预计总时间: 103.2 分钟
2025-11-27 19:53:31,150 [INFO] 💾 中间结果已保存: /root/projects/cwy/DeepKE/cwy/src/full_book_results/checkpoint_20251127_192319_batch200.pkl
2025-11-27 19:53:31,150 [INFO] 
================================================================================
2025-11-27 19:53:31,150 [INFO] 处理第 201/693 批 (段落 1001-1005)
2025-11-27 19:53:31,150 [INFO] ================================================================================
2025-11-27 19:53:31,150 [INFO] 📄 本批段落数: 5
2025-11-27 19:53:31,150 [INFO] 📄 合并文本长度: 152 字符
2025-11-27 19:53:31,150 [INFO] 📄 完整文本:
在这个阶段，我们认为要为他人的感受负责，必须不断努力让所有

人开心。如果别人不开心了，我们会感到不安，认为自己有责任要为此

做些什么。因而，我们很可能会把亲近的人看作负担。

这对亲密关系非常有害。我常听人们说类似的话：“我真的很害怕

谈恋爱。每次看到伴侣处于痛苦之中，我就会受不了，感觉自己就像在
2025-11-27 19:53:31,150 [INFO] --------------------------------------------------------------------------------
2025-11-27 19:53:34,352 [INFO] ✅ 实体抽取成功: 共 1 个实体
2025-11-27 19:53:34,352 [INFO]    完整结果:
{"人物": [], "概念": [], "方法": [], "理论": [], "组织": [], "书籍": [], "情绪": ["不安"], "行为": []}
2025-11-27 19:53:38,726 [INFO] ✅ 关系抽取成功: 共 1 个关系
2025-11-27 19:53:38,726 [INFO]    完整结果:
{"提出": [], "包含": [], "应用": [], "来源": [], "解释": [], "相关": [], "导致": [], "影响": [{"subject": "这个阶段", "object": "亲密关系"}]}
2025-11-27 19:53:38,726 [INFO] 
📊 进度统计:
2025-11-27 19:53:38,726 [INFO]    已处理批次: 201/693 (29.0%)
2025-11-27 19:53:38,726 [INFO]    已处理段落: 1005/3465
2025-11-27 19:53:38,726 [INFO]    成功: 201, 失败: 0
2025-11-27 19:53:38,726 [INFO]    已用时: 29.9 分钟
2025-11-27 19:53:38,727 [INFO]    预计剩余: 73.2 分钟
2025-11-27 19:53:38,727 [INFO]    预计总时间: 103.1 分钟
2025-11-27 19:53:38,727 [INFO] 
================================================================================
2025-11-27 19:53:38,727 [INFO] 处理第 202/693 批 (段落 1006-1010)
2025-11-27 19:53:38,727 [INFO] ================================================================================
2025-11-27 19:53:38,727 [INFO] 📄 本批段落数: 5
2025-11-27 19:53:38,727 [INFO] 📄 合并文本长度: 161 字符
2025-11-27 19:53:38,727 [INFO] 📄 完整文本:
坐牢，仿佛快要窒息了，只想尽快摆脱关系。”他们所认为的爱情，是

放弃自己的需要来满足爱人的需要。刚谈恋爱时，伴侣通常能在自由的

状态中欢喜友善地相处，这时的关系令人兴奋，融洽又美妙。然而，当

关系变得“认真”起来，伴侣就开始为对方的喜怒哀乐承担起了责任。

如果我是亲密关系中的一方，当意识到这样的情况发生，我也许会
2025-11-27 19:53:38,727 [INFO] --------------------------------------------------------------------------------
2025-11-27 19:53:41,948 [INFO] ✅ 实体抽取成功: 共 1 个实体
2025-11-27 19:53:41,948 [INFO]    完整结果:
{"人物": [], "概念": [], "方法": [], "理论": [], "组织": [], "书籍": [], "情绪": ["窒息"], "行为": []}
2025-11-27 19:53:44,996 [INFO] ✅ 关系抽取成功: 共 0 个关系
2025-11-27 19:53:44,996 [INFO]    完整结果:
{"提出": [], "包含": [], "应用": [], "来源": [], "解释": [], "相关": [], "导致": [], "影响": []}
2025-11-27 19:53:44,996 [INFO] 
📊 进度统计:
2025-11-27 19:53:44,996 [INFO]    已处理批次: 202/693 (29.1%)
2025-11-27 19:53:44,996 [INFO]    已处理段落: 1010/3465
2025-11-27 19:53:44,996 [INFO]    成功: 202, 失败: 0
2025-11-27 19:53:44,996 [INFO]    已用时: 30.0 分钟
2025-11-27 19:53:44,996 [INFO]    预计剩余: 72.9 分钟
2025-11-27 19:53:44,996 [INFO]    预计总时间: 102.9 分钟
2025-11-27 19:53:44,996 [INFO] 
================================================================================
2025-11-27 19:53:44,996 [INFO] 处理第 203/693 批 (段落 1011-1015)
2025-11-27 19:53:44,996 [INFO] ================================================================================
2025-11-27 19:53:44,996 [INFO] 📄 本批段落数: 5
2025-11-27 19:53:44,996 [INFO] 📄 合并文本长度: 161 字符
2025-11-27 19:53:44,996 [INFO] 📄 完整文本:
承认：“我无法忍受在关系中失去自己。当看到伴侣遭受痛苦，我就会

丢掉自己，接着就想摆脱关系。”如果我意识不到自己正在承担对方的

感受，便很有可能责怪对方破坏了关系，我可能会说：“我的伴侣太黏

在这样的情形中，另一半大多要么抗拒指责，要么默默地收下了指

责。后者更糟糕。其实，伴侣可以选择同理倾听我——一个正在经历痛
2025-11-27 19:53:44,996 [INFO] --------------------------------------------------------------------------------
2025-11-27 19:53:48,674 [INFO] ✅ 实体抽取成功: 共 2 个实体
2025-11-27 19:53:48,674 [INFO]    完整结果:
{"人物": [], "概念": [], "方法": [], "理论": [], "组织": [], "书籍": [], "情绪": [], "行为": ["失去自己", "责怪"]}
2025-11-27 19:53:51,720 [INFO] ✅ 关系抽取成功: 共 0 个关系
2025-11-27 19:53:51,720 [INFO]    完整结果:
{"提出": [], "包含": [], "应用": [], "来源": [], "解释": [], "相关": [], "导致": [], "影响": []}
2025-11-27 19:53:51,720 [INFO] 
📊 进度统计:
2025-11-27 19:53:51,720 [INFO]    已处理批次: 203/693 (29.3%)
2025-11-27 19:53:51,720 [INFO]    已处理段落: 1015/3465
2025-11-27 19:53:51,720 [INFO]    成功: 203, 失败: 0
2025-11-27 19:53:51,720 [INFO]    已用时: 30.1 分钟
2025-11-27 19:53:51,720 [INFO]    预计剩余: 72.7 分钟
2025-11-27 19:53:51,720 [INFO]    预计总时间: 102.8 分钟
2025-11-27 19:53:51,721 [INFO] 
================================================================================
2025-11-27 19:53:51,721 [INFO] 处理第 204/693 批 (段落 1016-1020)
2025-11-27 19:53:51,721 [INFO] ================================================================================
2025-11-27 19:53:51,721 [INFO] 📄 本批段落数: 5
2025-11-27 19:53:51,721 [INFO] 📄 合并文本长度: 156 字符
2025-11-27 19:53:51,721 [INFO] 📄 完整文本:
苦的情绪奴隶：“你想呵护我们的关系，又不想把它变为责任和义务，

这巨大的挑战让你感到恐慌……你认为你必须要照顾好我，这让你感到

失去了自由。”如果对方反过来指责我说：“我的要求过分了吗？”那

么，双方都很有可能沦为情绪的奴隶，让关系更加难以为继。

在这个阶段，我们发现，为他人的感受负责并牺牲自己、成全对
2025-11-27 19:53:51,721 [INFO] --------------------------------------------------------------------------------
2025-11-27 19:53:54,940 [INFO] ✅ 实体抽取成功: 共 1 个实体
2025-11-27 19:53:54,940 [INFO]    完整结果:
{"人物": [], "概念": [], "方法": [], "理论": [], "组织": [], "书籍": [], "情绪": ["恐慌"], "行为": []}
2025-11-27 19:53:57,977 [INFO] ✅ 关系抽取成功: 共 0 个关系
2025-11-27 19:53:57,978 [INFO]    完整结果:
{"提出": [], "包含": [], "应用": [], "来源": [], "解释": [], "相关": [], "导致": [], "影响": []}
2025-11-27 19:53:57,978 [INFO] 
📊 进度统计:
2025-11-27 19:53:57,978 [INFO]    已处理批次: 204/693 (29.4%)
2025-11-27 19:53:57,978 [INFO]    已处理段落: 1020/3465
2025-11-27 19:53:57,978 [INFO]    成功: 204, 失败: 0
2025-11-27 19:53:57,978 [INFO]    已用时: 30.2 分钟
2025-11-27 19:53:57,978 [INFO]    预计剩余: 72.4 分钟
2025-11-27 19:53:57,978 [INFO]    预计总时间: 102.6 分钟
2025-11-27 19:53:57,978 [INFO] 
================================================================================
2025-11-27 19:53:57,978 [INFO] 处理第 205/693 批 (段落 1021-1025)
2025-11-27 19:53:57,978 [INFO] ================================================================================
2025-11-27 19:53:57,978 [INFO] 📄 本批段落数: 5
2025-11-27 19:53:57,978 [INFO] 📄 合并文本长度: 164 字符
2025-11-27 19:53:57,978 [INFO] 📄 完整文本:
方，将会付出很大的代价。想到自己压抑了数不胜数的需要，鲜少按照

内心的呼唤来行事，我们可能会感到愤怒。我把这个阶段戏称为“面目

可憎”的阶段。因为此时的我们在面对他人的痛苦时，特别容易给出一

些招人讨厌的回应，例如：“这是你的问题！我不对你的感受负责！”我

们已经清楚知道，自己并不为他人的感受负责，却还没有学会如何用一
2025-11-27 19:53:57,978 [INFO] --------------------------------------------------------------------------------
2025-11-27 19:54:01,385 [INFO] ✅ 实体抽取成功: 共 1 个实体
2025-11-27 19:54:01,385 [INFO]    完整结果:
{"人物": [], "概念": [], "方法": [], "理论": [], "组织": [], "书籍": [], "情绪": ["愤怒"], "行为": []}
2025-11-27 19:54:06,631 [INFO] ✅ 关系抽取成功: 共 1 个关系
2025-11-27 19:54:06,632 [INFO]    完整结果:
{"提出": [], "包含": [], "应用": [], "来源": [], "解释": [], "相关": [], "导致": [{"subject": "面目可憎", "object": "愤怒"}], "影响": []}
2025-11-27 19:54:06,632 [INFO] 
📊 进度统计:
2025-11-27 19:54:06,632 [INFO]    已处理批次: 205/693 (29.6%)
2025-11-27 19:54:06,632 [INFO]    已处理段落: 1025/3465
2025-11-27 19:54:06,632 [INFO]    成功: 205, 失败: 0
2025-11-27 19:54:06,632 [INFO]    已用时: 30.4 分钟
2025-11-27 19:54:06,632 [INFO]    预计剩余: 72.3 分钟
2025-11-27 19:54:06,632 [INFO]    预计总时间: 102.6 分钟
2025-11-27 19:54:06,632 [INFO] 
================================================================================
2025-11-27 19:54:06,632 [INFO] 处理第 206/693 批 (段落 1026-1030)
2025-11-27 19:54:06,632 [INFO] ================================================================================
2025-11-27 19:54:06,632 [INFO] 📄 本批段落数: 5
2025-11-27 19:54:06,632 [INFO] 📄 合并文本长度: 162 字符
2025-11-27 19:54:06,632 [INFO] 📄 完整文本:
虽然脱离了第一阶段，我们会意识到自己有需要，却可能还是会对

怀有需要心存恐惧和羞愧。因而，会以一种听上去硬邦邦、不通人情的

方式来表达自己的需要。有一次，一位年轻女士在工作坊休息期间向我

表达感谢，说她很高兴认识到自己也曾是“情绪的奴隶”。工作坊重新开

始后，我建议大家做一个练习，这位女士却斩钉截铁地说道：“我宁可
2025-11-27 19:54:06,632 [INFO] --------------------------------------------------------------------------------
2025-11-27 19:54:10,557 [INFO] ✅ 实体抽取成功: 共 2 个实体
2025-11-27 19:54:10,557 [INFO]    完整结果:
{"人物": [], "概念": [], "方法": [], "理论": [], "组织": [], "书籍": [], "情绪": ["恐惧", "羞愧"], "行为": []}
2025-11-27 19:54:13,722 [INFO] ✅ 关系抽取成功: 共 0 个关系
2025-11-27 19:54:13,723 [INFO]    完整结果:
{"提出": [], "包含": [], "应用": [], "来源": [], "解释": [], "相关": [], "导致": [], "影响": []}
2025-11-27 19:54:13,723 [INFO] 
📊 进度统计:
2025-11-27 19:54:13,723 [INFO]    已处理批次: 206/693 (29.7%)
2025-11-27 19:54:13,723 [INFO]    已处理段落: 1030/3465
2025-11-27 19:54:13,723 [INFO]    成功: 206, 失败: 0
2025-11-27 19:54:13,723 [INFO]    已用时: 30.5 分钟
2025-11-27 19:54:13,723 [INFO]    预计剩余: 72.1 分钟
2025-11-27 19:54:13,723 [INFO]    预计总时间: 102.5 分钟
2025-11-27 19:54:13,723 [INFO] 
================================================================================
2025-11-27 19:54:13,723 [INFO] 处理第 207/693 批 (段落 1031-1035)
2025-11-27 19:54:13,723 [INFO] ================================================================================
2025-11-27 19:54:13,723 [INFO] 📄 本批段落数: 5
2025-11-27 19:54:13,723 [INFO] 📄 合并文本长度: 161 字符
2025-11-27 19:54:13,723 [INFO] 📄 完整文本:
做点别的。”我意识到她正在行使新发现的权利——表达自己的需要，

为了鼓励她理清自己想要什么，我问她：“你想做点别的，即使那

会与我的需要相冲突，是吗？”她想了片刻，接着有些结巴地说：“是

的……嗯……我的意思是……不是……”她的困惑正说明了，处于“面目

可憎”阶段时，我们还未能意识到情绪自由不只是表达自己的需要。
2025-11-27 19:54:13,723 [INFO] --------------------------------------------------------------------------------
2025-11-27 19:54:18,216 [INFO] ✅ 实体抽取成功: 共 3 个实体
2025-11-27 19:54:18,216 [INFO]    完整结果:
{"人物": [], "概念": ["表达", "需要", "情绪自由"], "方法": [], "理论": [], "组织": [], "书籍": [], "情绪": [], "行为": []}
2025-11-27 19:54:21,546 [INFO] ✅ 关系抽取成功: 共 0 个关系
2025-11-27 19:54:21,546 [INFO]    完整结果:
{"提出": [], "包含": [], "应用": [], "来源": [], "解释": [], "相关": [], "导致": [], "影响": []}
2025-11-27 19:54:21,546 [INFO] 
📊 进度统计:
2025-11-27 19:54:21,546 [INFO]    已处理批次: 207/693 (29.9%)
2025-11-27 19:54:21,546 [INFO]    已处理段落: 1035/3465
2025-11-27 19:54:21,546 [INFO]    成功: 207, 失败: 0
2025-11-27 19:54:21,546 [INFO]    已用时: 30.6 分钟
2025-11-27 19:54:21,546 [INFO]    预计剩余: 71.9 分钟
2025-11-27 19:54:21,546 [INFO]    预计总时间: 102.5 分钟
2025-11-27 19:54:21,546 [INFO] 
================================================================================
2025-11-27 19:54:21,546 [INFO] 处理第 208/693 批 (段落 1036-1040)
2025-11-27 19:54:21,546 [INFO] ================================================================================
2025-11-27 19:54:21,546 [INFO] 📄 本批段落数: 5
2025-11-27 19:54:21,546 [INFO] 📄 合并文本长度: 162 字符
2025-11-27 19:54:21,546 [INFO] 📄 完整文本:
这里，我想讲讲我的女儿玛拉在成长中的一段经历。一直以来，她

是那个对他人的要求百依百顺的“完美小女孩”。意识到她时常为了讨好

他人而压抑自己时，我想鼓励她更多地表达自己的需要。当我一开始谈

到这个话题时，玛拉哭了，她无辜地申诉着：“但是，爸爸，我不想让

任何人失望。”我尝试让她明白，相比委曲求全，真诚待人是一份更加
2025-11-27 19:54:21,546 [INFO] --------------------------------------------------------------------------------
2025-11-27 19:54:25,183 [INFO] ✅ 实体抽取成功: 共 2 个实体
2025-11-27 19:54:25,183 [INFO]    完整结果:
{"人物": ["玛拉"], "概念": [], "方法": [], "理论": [], "组织": [], "书籍": [], "情绪": [], "行为": ["讨好"]}
2025-11-27 19:54:28,218 [INFO] ✅ 关系抽取成功: 共 0 个关系
2025-11-27 19:54:28,218 [INFO]    完整结果:
{"提出": [], "包含": [], "应用": [], "来源": [], "解释": [], "相关": [], "导致": [], "影响": []}
2025-11-27 19:54:28,218 [INFO] 
📊 进度统计:
2025-11-27 19:54:28,218 [INFO]    已处理批次: 208/693 (30.0%)
2025-11-27 19:54:28,218 [INFO]    已处理段落: 1040/3465
2025-11-27 19:54:28,218 [INFO]    成功: 208, 失败: 0
2025-11-27 19:54:28,218 [INFO]    已用时: 30.7 分钟
2025-11-27 19:54:28,218 [INFO]    预计剩余: 71.6 分钟
2025-11-27 19:54:28,218 [INFO]    预计总时间: 102.4 分钟
2025-11-27 19:54:28,218 [INFO] 
================================================================================
2025-11-27 19:54:28,218 [INFO] 处理第 209/693 批 (段落 1041-1045)
2025-11-27 19:54:28,218 [INFO] ================================================================================
2025-11-27 19:54:28,218 [INFO] 📄 本批段落数: 5
2025-11-27 19:54:28,218 [INFO] 📄 合并文本长度: 160 字符
2025-11-27 19:54:28,218 [INFO] 📄 完整文本:
珍贵的礼物。同时我也向她展示了当他人生气时，她可以如何同理对

不久以后，我就发现玛拉开始有了变化。有一回，学校校长打电话

给我，告诉我玛拉因为在学校的穿着与他发生了口角。校长对玛拉

说：“年轻女孩子不能这样穿衣服！”而玛拉却回答他：“不关你什么

事！”我可真想为之庆祝！玛拉正从“情绪的奴隶”成长为“面目可憎”！
2025-11-27 19:54:28,218 [INFO] --------------------------------------------------------------------------------
2025-11-27 19:54:32,682 [INFO] ✅ 实体抽取成功: 共 3 个实体
2025-11-27 19:54:32,683 [INFO]    完整结果:
{"人物": ["玛拉"], "概念": [], "方法": [], "理论": [], "组织": [], "书籍": [], "情绪": [], "行为": ["展示", "口角"]}
2025-11-27 19:54:35,986 [INFO] ✅ 关系抽取成功: 共 0 个关系
2025-11-27 19:54:35,986 [INFO]    完整结果:
{"提出": [], "包含": [], "应用": [], "来源": [], "解释": [], "相关": [], "导致": [], "影响": []}
2025-11-27 19:54:35,986 [INFO] 
📊 进度统计:
2025-11-27 19:54:35,986 [INFO]    已处理批次: 209/693 (30.2%)
2025-11-27 19:54:35,986 [INFO]    已处理段落: 1045/3465
2025-11-27 19:54:35,986 [INFO]    成功: 209, 失败: 0
2025-11-27 19:54:35,986 [INFO]    已用时: 30.9 分钟
2025-11-27 19:54:35,986 [INFO]    预计剩余: 71.4 分钟
2025-11-27 19:54:35,986 [INFO]    预计总时间: 102.3 分钟
2025-11-27 19:54:35,986 [INFO] 
================================================================================
2025-11-27 19:54:35,986 [INFO] 处理第 210/693 批 (段落 1046-1050)
2025-11-27 19:54:35,986 [INFO] ================================================================================
2025-11-27 19:54:35,986 [INFO] 📄 本批段落数: 5
2025-11-27 19:54:35,986 [INFO] 📄 合并文本长度: 161 字符
2025-11-27 19:54:35,986 [INFO] 📄 完整文本:
她开始敢于冒着得罪别人的危险表达自己的需要。当然她还要继续学习

如何在表达自己需要的同时，尊重他人的需要。但我相信，这只是时间

在这个阶段，我们不再出于恐惧、羞愧或内疚来回应他人的需要，

而是因为发自内心的慈悲与爱而相互给予。我们既不再为他人的感受承

担责任，又能全然地为自己的意愿、感受和行为负责。同时，我们也明
2025-11-27 19:54:35,987 [INFO] --------------------------------------------------------------------------------
2025-11-27 19:54:40,336 [INFO] ✅ 实体抽取成功: 共 4 个实体
2025-11-27 19:54:40,336 [INFO]    完整结果:
{"人物": [], "概念": [], "方法": [], "理论": [], "组织": [], "书籍": [], "情绪": ["羞愧", "内疚"], "行为": ["表达", "回应"]}
2025-11-27 19:54:43,353 [INFO] ✅ 关系抽取成功: 共 0 个关系
2025-11-27 19:54:43,353 [INFO]    完整结果:
{"提出": [], "包含": [], "应用": [], "来源": [], "解释": [], "相关": [], "导致": [], "影响": []}
2025-11-27 19:54:43,353 [INFO] 
📊 进度统计:
2025-11-27 19:54:43,353 [INFO]    已处理批次: 210/693 (30.3%)
2025-11-27 19:54:43,353 [INFO]    已处理段落: 1050/3465
2025-11-27 19:54:43,353 [INFO]    成功: 210, 失败: 0
2025-11-27 19:54:43,353 [INFO]    已用时: 31.0 分钟
2025-11-27 19:54:43,353 [INFO]    预计剩余: 71.2 分钟
2025-11-27 19:54:43,353 [INFO]    预计总时间: 102.2 分钟
2025-11-27 19:54:43,353 [INFO] 
================================================================================
2025-11-27 19:54:43,353 [INFO] 处理第 211/693 批 (段落 1051-1055)
2025-11-27 19:54:43,354 [INFO] ================================================================================
2025-11-27 19:54:43,354 [INFO] 📄 本批段落数: 5
2025-11-27 19:54:43,354 [INFO] 📄 合并文本长度: 162 字符
2025-11-27 19:54:43,354 [INFO] 📄 完整文本:
白，若牺牲他人，我们也永远无法真正满足自己的需要。非暴力沟通帮

助我们既清晰表达自己，又同样关心他人，从而实现我们的情绪自由并

非暴力沟通的第三个要素，是看见感受背后的需要。他人的言行也

许会刺激我们的感受，但并不是感受的根源。听到不中听的话时，我们

可以有四种选择来接收：（1）指责自己；（2）指责他人；（3）体会
2025-11-27 19:54:43,354 [INFO] --------------------------------------------------------------------------------
2025-11-27 19:54:49,532 [INFO] ✅ 实体抽取成功: 共 5 个实体
2025-11-27 19:54:49,532 [INFO]    完整结果:
{"人物": [], "概念": ["非暴力沟通", "情绪自由"], "方法": [], "理论": ["非暴力沟通的第三个要素", "看见感受背后的需要"], "组织": [], "书籍": [], "情绪": [], "行为": ["牺牲他人"]}
2025-11-27 19:54:54,947 [INFO] ✅ 关系抽取成功: 共 1 个关系
2025-11-27 19:54:54,947 [INFO]    完整结果:
{"提出": [], "包含": [], "应用": [], "来源": [], "解释": [{"subject": "非暴力沟通", "object": "看见感受背后的需要"}], "相关": [], "导致": [], "影响": []}
2025-11-27 19:54:54,947 [INFO] 
📊 进度统计:
2025-11-27 19:54:54,947 [INFO]    已处理批次: 211/693 (30.4%)
2025-11-27 19:54:54,947 [INFO]    已处理段落: 1055/3465
2025-11-27 19:54:54,947 [INFO]    成功: 211, 失败: 0
2025-11-27 19:54:54,947 [INFO]    已用时: 31.2 分钟
2025-11-27 19:54:54,947 [INFO]    预计剩余: 71.2 分钟
2025-11-27 19:54:54,947 [INFO]    预计总时间: 102.4 分钟
2025-11-27 19:54:54,947 [INFO] 
================================================================================
2025-11-27 19:54:54,947 [INFO] 处理第 212/693 批 (段落 1056-1060)
2025-11-27 19:54:54,947 [INFO] ================================================================================
2025-11-27 19:54:54,947 [INFO] 📄 本批段落数: 5
2025-11-27 19:54:54,947 [INFO] 📄 合并文本长度: 158 字符
2025-11-27 19:54:54,947 [INFO] 📄 完整文本:
自己的感受与需要；（4）体会他人在消极的话语下隐藏着什么感受与

评判、批评、分析和论断他人，都使我们疏远了自己的需要和价值

观。当人们听到批评，往往会以自我辩护或反击来回应。我们越能够直

接说出自己的感受与需要，他人就越有可能对我们做出善意的回应。

在我们身处的世界中，我们时常会因为看见和袒露自身需要遭到强
2025-11-27 19:54:54,947 [INFO] --------------------------------------------------------------------------------
2025-11-27 19:54:59,250 [INFO] ✅ 实体抽取成功: 共 4 个实体
2025-11-27 19:54:59,250 [INFO]    完整结果:
{"人物": [], "概念": [], "方法": [], "理论": [], "组织": [], "书籍": [], "情绪": [], "行为": ["评判", "批评", "分析", "论断"]}
2025-11-27 19:55:05,378 [INFO] ✅ 关系抽取成功: 共 1 个关系
2025-11-27 19:55:05,378 [INFO]    完整结果:
{"提出": [], "包含": [], "应用": [], "来源": [], "解释": [], "相关": [], "导致": [], "影响": [{"subject": "评判、批评、分析和论断他人", "object": "疏远了自己的需要和价值"}]}
2025-11-27 19:55:05,379 [INFO] 
📊 进度统计:
2025-11-27 19:55:05,379 [INFO]    已处理批次: 212/693 (30.6%)
2025-11-27 19:55:05,379 [INFO]    已处理段落: 1060/3465
2025-11-27 19:55:05,379 [INFO]    成功: 212, 失败: 0
2025-11-27 19:55:05,379 [INFO]    已用时: 31.3 分钟
2025-11-27 19:55:05,379 [INFO]    预计剩余: 71.1 分钟
2025-11-27 19:55:05,379 [INFO]    预计总时间: 102.4 分钟
2025-11-27 19:55:05,379 [INFO] 
================================================================================
2025-11-27 19:55:05,379 [INFO] 处理第 213/693 批 (段落 1061-1065)
2025-11-27 19:55:05,379 [INFO] ================================================================================
2025-11-27 19:55:05,379 [INFO] 📄 本批段落数: 5
2025-11-27 19:55:05,379 [INFO] 📄 合并文本长度: 162 字符
2025-11-27 19:55:05,379 [INFO] 📄 完整文本:
烈抨击，因而对表达需要感到害怕。对女性来说，尤其如此。长期以

来，社会文化将她们塑造成了只懂照顾他人而无视自己需要的样子。

在通往情绪自由的成长路上，许多人都会经历三个阶段：（1）“情

绪的奴隶”——我们认为自己要为他人的感受负责；（2） “面目可

憎”——我们拒绝考虑他人的感受或需要；（3）“情绪的主人”——我们
2025-11-27 19:55:05,379 [INFO] --------------------------------------------------------------------------------
2025-11-27 19:55:09,518 [INFO] ✅ 实体抽取成功: 共 2 个实体
2025-11-27 19:55:09,518 [INFO]    完整结果:
{"人物": [], "概念": [], "方法": [], "理论": ["通往情绪自由的成长路"], "组织": [], "书籍": [], "情绪": ["害怕"], "行为": []}
2025-11-27 19:55:14,834 [INFO] ✅ 关系抽取成功: 共 1 个关系
2025-11-27 19:55:14,834 [INFO]    完整结果:
{"提出": [], "包含": [], "应用": [], "来源": [], "解释": [], "相关": [], "导致": [], "影响": [{"subject": "烈抨击", "object": "表达需要感到害怕"}]}
2025-11-27 19:55:14,834 [INFO] 
📊 进度统计:
2025-11-27 19:55:14,834 [INFO]    已处理批次: 213/693 (30.7%)
2025-11-27 19:55:14,834 [INFO]    已处理段落: 1065/3465
2025-11-27 19:55:14,834 [INFO]    成功: 213, 失败: 0
2025-11-27 19:55:14,834 [INFO]    已用时: 31.5 分钟
2025-11-27 19:55:14,834 [INFO]    预计剩余: 71.0 分钟
2025-11-27 19:55:14,834 [INFO]    预计总时间: 102.5 分钟
2025-11-27 19:55:14,834 [INFO] 
================================================================================
2025-11-27 19:55:14,834 [INFO] 处理第 214/693 批 (段落 1066-1070)
2025-11-27 19:55:14,834 [INFO] ================================================================================
2025-11-27 19:55:14,834 [INFO] 📄 本批段落数: 5
2025-11-27 19:55:14,834 [INFO] 📄 合并文本长度: 158 字符
2025-11-27 19:55:14,834 [INFO] 📄 完整文本:
全然地为自己的感受负责，同时我们也意识到，牺牲他人的福祉也无法

一位非暴力沟通学员在一家食物银行作志愿者。有一天，一位年长

同事在看报时突然气冲冲地说：“我们需要让私生子女像以前那样见不

在过去，当听到不同意见时，她都默不作声，只是在心里责备对

方，然后再到别处处理自己的感受。这一次，她想起可以有不一样的选
2025-11-27 19:55:14,835 [INFO] --------------------------------------------------------------------------------
2025-11-27 19:55:19,068 [INFO] ✅ 实体抽取成功: 共 3 个实体
2025-11-27 19:55:19,068 [INFO]    完整结果:
{"人物": [], "概念": [], "方法": ["非暴力沟通"], "理论": [], "组织": [], "书籍": [], "情绪": [], "行为": ["牺牲", "作志愿者"]}
2025-11-27 19:55:22,124 [INFO] ✅ 关系抽取成功: 共 0 个关系
2025-11-27 19:55:22,125 [INFO]    完整结果:
{"提出": [], "包含": [], "应用": [], "来源": [], "解释": [], "相关": [], "导致": [], "影响": []}
2025-11-27 19:55:22,125 [INFO] 
📊 进度统计:
2025-11-27 19:55:22,125 [INFO]    已处理批次: 214/693 (30.9%)
2025-11-27 19:55:22,125 [INFO]    已处理段落: 1070/3465
2025-11-27 19:55:22,125 [INFO]    成功: 214, 失败: 0
2025-11-27 19:55:22,125 [INFO]    已用时: 31.6 分钟
2025-11-27 19:55:22,125 [INFO]    预计剩余: 70.8 分钟
2025-11-27 19:55:22,125 [INFO]    预计总时间: 102.4 分钟
2025-11-27 19:55:22,125 [INFO] 
================================================================================
2025-11-27 19:55:22,125 [INFO] 处理第 215/693 批 (段落 1071-1075)
2025-11-27 19:55:22,125 [INFO] ================================================================================
2025-11-27 19:55:22,125 [INFO] 📄 本批段落数: 5
2025-11-27 19:55:22,125 [INFO] 📄 合并文本长度: 150 字符
2025-11-27 19:55:22,125 [INFO] 📄 完整文本:
择——去试着聆听这番令她震惊的话背后对方的感受和需要。

学员：（首先向同事确认观察）你正在阅读报上有关“少女妈妈”的报

同事：是的，有这么多少女未婚怀孕，真不可思议！

学员：（接着试着聆听同事的感受和需要）你感到担心，因为你希望孩

同事：那当然！你知道吗，当年我要是敢这么做，不被我爸爸宰了才
2025-11-27 19:55:22,125 [INFO] --------------------------------------------------------------------------------
2025-11-27 19:55:25,626 [INFO] ✅ 实体抽取成功: 共 2 个实体
2025-11-27 19:55:25,626 [INFO]    完整结果:
{"人物": [], "概念": [], "方法": [], "理论": [], "组织": [], "书籍": [], "情绪": ["震惊", "担心"], "行为": []}
2025-11-27 19:55:30,257 [INFO] ✅ 关系抽取成功: 共 1 个关系
2025-11-27 19:55:30,257 [INFO]    完整结果:
{"提出": [], "包含": [], "应用": [{"subject": "聆听", "object": "少女妈妈"}], "来源": [], "解释": [], "相关": [], "导致": [], "影响": []}
2025-11-27 19:55:30,257 [INFO] 
📊 进度统计:
2025-11-27 19:55:30,257 [INFO]    已处理批次: 215/693 (31.0%)
2025-11-27 19:55:30,257 [INFO]    已处理段落: 1075/3465
2025-11-27 19:55:30,258 [INFO]    成功: 215, 失败: 0
2025-11-27 19:55:30,258 [INFO]    已用时: 31.8 分钟
2025-11-27 19:55:30,258 [INFO]    预计剩余: 70.6 分钟
2025-11-27 19:55:30,258 [INFO]    预计总时间: 102.4 分钟
2025-11-27 19:55:30,258 [INFO] 
================================================================================
2025-11-27 19:55:30,258 [INFO] 处理第 216/693 批 (段落 1076-1080)
2025-11-27 19:55:30,258 [INFO] ================================================================================
2025-11-27 19:55:30,258 [INFO] 📄 本批段落数: 5
2025-11-27 19:55:30,258 [INFO] 📄 合并文本长度: 151 字符
2025-11-27 19:55:30,258 [INFO] 📄 完整文本:
学员：所以你想到在你的那个年代，少女未婚先孕会遭遇什么？

同事：难道不是吗！我们都知道未婚怀孕会有什么下场。我们可不像如

今的女孩子，那时我们整日都对意外怀孕担惊受怕。

学员：你很生气，因为这些女孩子根本不害怕怀孕会带来什么惩罚？

同事：怎么说呢，至少当年的女孩子因为害怕受到惩罚就不敢乱来吧！
2025-11-27 19:55:30,258 [INFO] --------------------------------------------------------------------------------
2025-11-27 19:55:33,465 [INFO] ✅ 实体抽取成功: 共 1 个实体
2025-11-27 19:55:33,465 [INFO]    完整结果:
{"人物": [], "概念": [], "方法": [], "理论": [], "组织": [], "书籍": [], "情绪": ["生气"], "行为": []}
2025-11-27 19:55:36,502 [INFO] ✅ 关系抽取成功: 共 0 个关系
2025-11-27 19:55:36,502 [INFO]    完整结果:
{"提出": [], "包含": [], "应用": [], "来源": [], "解释": [], "相关": [], "导致": [], "影响": []}
2025-11-27 19:55:36,502 [INFO] 
📊 进度统计:
2025-11-27 19:55:36,502 [INFO]    已处理批次: 216/693 (31.2%)
2025-11-27 19:55:36,502 [INFO]    已处理段落: 1080/3465
2025-11-27 19:55:36,502 [INFO]    成功: 216, 失败: 0
2025-11-27 19:55:36,502 [INFO]    已用时: 31.9 分钟
2025-11-27 19:55:36,502 [INFO]    预计剩余: 70.4 分钟
2025-11-27 19:55:36,502 [INFO]    预计总时间: 102.2 分钟
2025-11-27 19:55:36,502 [INFO] 
================================================================================
2025-11-27 19:55:36,502 [INFO] 处理第 217/693 批 (段落 1081-1085)
2025-11-27 19:55:36,502 [INFO] ================================================================================
2025-11-27 19:55:36,502 [INFO] 📄 本批段落数: 5
2025-11-27 19:55:36,502 [INFO] 📄 合并文本长度: 158 字符
2025-11-27 19:55:36,502 [INFO] 📄 完整文本:
报纸上说有的女孩为了怀孕和不同的男人睡觉。她们倒好，生了孩子让

这位非暴力沟通学员从同事的话中听到了两种不同的感受：一方

面，对一些女孩故意怀孕感到震惊；另一方面，对纳税人要为这些孩子

学员：想到现在的女孩面对怀孕，不像你们从前那样顾及名誉、后果和

同事的震惊之情多半已经被听到，便转而谈论她的愤怒。通常，当
2025-11-27 19:55:36,502 [INFO] --------------------------------------------------------------------------------
2025-11-27 19:55:40,972 [INFO] ✅ 实体抽取成功: 共 5 个实体
2025-11-27 19:55:40,972 [INFO]    完整结果:
{"人物": [], "概念": [], "方法": ["非暴力沟通"], "理论": [], "组织": [], "书籍": [], "情绪": ["震惊", "愤怒"], "行为": ["怀孕", "睡觉"]}
2025-11-27 19:55:43,952 [INFO] ✅ 关系抽取成功: 共 0 个关系
2025-11-27 19:55:43,952 [INFO]    完整结果:
{"提出": [], "包含": [], "应用": [], "来源": [], "解释": [], "相关": [], "导致": [], "影响": []}
2025-11-27 19:55:43,952 [INFO] 
📊 进度统计:
2025-11-27 19:55:43,952 [INFO]    已处理批次: 217/693 (31.3%)
2025-11-27 19:55:43,952 [INFO]    已处理段落: 1085/3465
2025-11-27 19:55:43,952 [INFO]    成功: 217, 失败: 0
2025-11-27 19:55:43,952 [INFO]    已用时: 32.0 分钟
2025-11-27 19:55:43,952 [INFO]    预计剩余: 70.2 分钟
2025-11-27 19:55:43,952 [INFO]    预计总时间: 102.1 分钟
2025-11-27 19:55:43,952 [INFO] 
================================================================================
2025-11-27 19:55:43,952 [INFO] 处理第 218/693 批 (段落 1086-1090)
2025-11-27 19:55:43,952 [INFO] ================================================================================
2025-11-27 19:55:43,952 [INFO] 📄 本批段落数: 5
2025-11-27 19:55:43,952 [INFO] 📄 合并文本长度: 153 字符
2025-11-27 19:55:43,952 [INFO] 📄 完整文本:
人们有许多感受时，会反复回到那些还未被听到的内容上。因此，聆听

者无须一次把所有不同的感受都反映给对方，而是可以在每一个感受浮

现时给予同理倾听，情感也会随之持续地流淌。

学员：听上去你感到气愤，因为你希望纳税人的钱能有更好的用途，对

同事：那当然！我儿子和儿媳想要第二个孩子。可是，生养孩子太花钱
2025-11-27 19:55:43,952 [INFO] --------------------------------------------------------------------------------
2025-11-27 19:55:47,374 [INFO] ✅ 实体抽取成功: 共 2 个实体
2025-11-27 19:55:47,374 [INFO]    完整结果:
{"人物": [], "概念": [], "方法": ["同理倾听"], "理论": [], "组织": [], "书籍": [], "情绪": ["气愤"], "行为": []}
2025-11-27 19:55:50,354 [INFO] ✅ 关系抽取成功: 共 0 个关系
2025-11-27 19:55:50,354 [INFO]    完整结果:
{"提出": [], "包含": [], "应用": [], "来源": [], "解释": [], "相关": [], "导致": [], "影响": []}
2025-11-27 19:55:50,354 [INFO] 
📊 进度统计:
2025-11-27 19:55:50,355 [INFO]    已处理批次: 218/693 (31.5%)
2025-11-27 19:55:50,355 [INFO]    已处理段落: 1090/3465
2025-11-27 19:55:50,355 [INFO]    成功: 218, 失败: 0
2025-11-27 19:55:50,355 [INFO]    已用时: 32.1 分钟
2025-11-27 19:55:50,355 [INFO]    预计剩余: 69.9 分钟
2025-11-27 19:55:50,355 [INFO]    预计总时间: 102.0 分钟
2025-11-27 19:55:50,355 [INFO] 
================================================================================
2025-11-27 19:55:50,355 [INFO] 处理第 219/693 批 (段落 1091-1095)
2025-11-27 19:55:50,355 [INFO] ================================================================================
2025-11-27 19:55:50,355 [INFO] 📄 本批段落数: 5
2025-11-27 19:55:50,355 [INFO] 📄 合并文本长度: 148 字符
2025-11-27 19:55:50,355 [INFO] 📄 完整文本:
学员：想到这事你感到难过，你很想再要一个孙子或孙女，是吗？

学员：……你还希望儿子可以过上他想要的生活……（即使这位学员只

是猜对了部分，她依然继续同理倾听同事。同事因此得以充分表达自

学员：我明白了，你希望凯蒂能有一个小弟弟？

就在那刻，这位同事似乎有些释然，她开始安静下来。学员惊讶地
2025-11-27 19:55:50,355 [INFO] --------------------------------------------------------------------------------
2025-11-27 19:55:53,800 [INFO] ✅ 实体抽取成功: 共 2 个实体
2025-11-27 19:55:53,800 [INFO]    完整结果:
{"人物": ["凯蒂"], "概念": [], "方法": [], "理论": [], "组织": [], "书籍": [], "情绪": ["难过"], "行为": []}
2025-11-27 19:55:56,786 [INFO] ✅ 关系抽取成功: 共 0 个关系
2025-11-27 19:55:56,786 [INFO]    完整结果:
{"提出": [], "包含": [], "应用": [], "来源": [], "解释": [], "相关": [], "导致": [], "影响": []}
2025-11-27 19:55:56,786 [INFO] 
📊 进度统计:
2025-11-27 19:55:56,787 [INFO]    已处理批次: 219/693 (31.6%)
2025-11-27 19:55:56,787 [INFO]    已处理段落: 1095/3465
2025-11-27 19:55:56,787 [INFO]    成功: 219, 失败: 0
2025-11-27 19:55:56,787 [INFO]    已用时: 32.2 分钟
2025-11-27 19:55:56,787 [INFO]    预计剩余: 69.7 分钟
2025-11-27 19:55:56,787 [INFO]    预计总时间: 101.9 分钟
2025-11-27 19:55:56,787 [INFO] 
================================================================================
2025-11-27 19:55:56,787 [INFO] 处理第 220/693 批 (段落 1096-1100)
2025-11-27 19:55:56,787 [INFO] ================================================================================
2025-11-27 19:55:56,787 [INFO] 📄 本批段落数: 5
2025-11-27 19:55:56,787 [INFO] 📄 合并文本长度: 163 字符
2025-11-27 19:55:56,787 [INFO] 📄 完整文本:
发现，尽管自己依然想要发表不同观点，内心的紧迫与紧张却已经消散

了不少，因为她不再有“敌对”的感觉了。她理解了同事的想法背后有

什么样的感受与需要，这时仿佛她们不再是两个世界的人了。接着，学

学员：你知道吗，当听到你说“让私生子女像以前那样见不得人”（观

察），我感到非常害怕（感受），因为我希望我们都能从心底关心那些
2025-11-27 19:55:56,787 [INFO] --------------------------------------------------------------------------------
2025-11-27 19:56:00,335 [INFO] ✅ 实体抽取成功: 共 2 个实体
2025-11-27 19:56:00,335 [INFO]    完整结果:
{"人物": [], "概念": [], "方法": [], "理论": [], "组织": [], "书籍": [], "情绪": ["紧张", "害怕"], "行为": []}
2025-11-27 19:56:03,353 [INFO] ✅ 关系抽取成功: 共 0 个关系
2025-11-27 19:56:03,354 [INFO]    完整结果:
{"提出": [], "包含": [], "应用": [], "来源": [], "解释": [], "相关": [], "导致": [], "影响": []}
2025-11-27 19:56:03,354 [INFO] 
📊 进度统计:
2025-11-27 19:56:03,354 [INFO]    已处理批次: 220/693 (31.7%)
2025-11-27 19:56:03,354 [INFO]    已处理段落: 1100/3465
2025-11-27 19:56:03,354 [INFO]    成功: 220, 失败: 0
2025-11-27 19:56:03,354 [INFO]    已用时: 32.3 分钟
2025-11-27 19:56:03,354 [INFO]    预计剩余: 69.5 分钟
2025-11-27 19:56:03,354 [INFO]    预计总时间: 101.8 分钟
2025-11-27 19:56:03,354 [INFO] 
================================================================================
2025-11-27 19:56:03,354 [INFO] 处理第 221/693 批 (段落 1101-1105)
2025-11-27 19:56:03,354 [INFO] ================================================================================
2025-11-27 19:56:03,354 [INFO] 📄 本批段落数: 5
2025-11-27 19:56:03,354 [INFO] 📄 合并文本长度: 160 字符
2025-11-27 19:56:03,354 [INFO] 📄 完整文本:
需要帮助的人们（需要）。来我们这里领取食物的人，有些是未成年父

母（观察），我想确保他们在这里是受欢迎的（需要）。你是否愿意告

诉我，当你见到塔夏、艾米以及她们的男朋友来这里时，你是什么心

她们持续交换了一些看法，直到女学员确信，她的同事从心底关爱

与尊重那些未成年父母，并愿意帮助他们。更重要的是，她学习到了可
2025-11-27 19:56:03,354 [INFO] --------------------------------------------------------------------------------
2025-11-27 19:56:08,027 [INFO] ✅ 实体抽取成功: 共 4 个实体
2025-11-27 19:56:08,028 [INFO]    完整结果:
{"人物": ["塔夏", "艾米"], "概念": [], "方法": [], "理论": [], "组织": [], "书籍": [], "情绪": [], "行为": ["领取食物", "交换一些看法"]}
2025-11-27 19:56:11,027 [INFO] ✅ 关系抽取成功: 共 0 个关系
2025-11-27 19:56:11,028 [INFO]    完整结果:
{"提出": [], "包含": [], "应用": [], "来源": [], "解释": [], "相关": [], "导致": [], "影响": []}
2025-11-27 19:56:11,028 [INFO] 
📊 进度统计:
2025-11-27 19:56:11,028 [INFO]    已处理批次: 221/693 (31.9%)
2025-11-27 19:56:11,028 [INFO]    已处理段落: 1105/3465
2025-11-27 19:56:11,028 [INFO]    成功: 221, 失败: 0
2025-11-27 19:56:11,028 [INFO]    已用时: 32.4 分钟
2025-11-27 19:56:11,028 [INFO]    预计剩余: 69.3 分钟
2025-11-27 19:56:11,028 [INFO]    预计总时间: 101.7 分钟
2025-11-27 19:56:11,028 [INFO] 
================================================================================
2025-11-27 19:56:11,028 [INFO] 处理第 222/693 批 (段落 1106-1110)
2025-11-27 19:56:11,028 [INFO] ================================================================================
2025-11-27 19:56:11,028 [INFO] 📄 本批段落数: 5
2025-11-27 19:56:11,028 [INFO] 📄 合并文本长度: 141 字符
2025-11-27 19:56:11,028 [INFO] 📄 完整文本:
以用诚实与相互尊重的态度来表达和对方不同的看法。

与此同时，同事也感到欣慰，因为她的担忧也得到了充分的聆听。

通过不带敌意地交换不同意见，她们增进了相互理解，关系也变得更亲

近了。如果没有使用非暴力沟通，她们的关系也许就会恶化。

在以下例句中，说话的人是否对自己的感受负责。
2025-11-27 19:56:11,028 [INFO] --------------------------------------------------------------------------------
2025-11-27 19:56:14,799 [INFO] ✅ 实体抽取成功: 共 3 个实体
2025-11-27 19:56:14,799 [INFO]    完整结果:
{"人物": [], "概念": ["非暴力沟通"], "方法": [], "理论": [], "组织": [], "书籍": [], "情绪": [], "行为": ["交流", "倾听"]}
2025-11-27 19:56:19,108 [INFO] ✅ 关系抽取成功: 共 1 个关系
2025-11-27 19:56:19,109 [INFO]    完整结果:
{"提出": [], "包含": [], "应用": [], "来源": [], "解释": [], "相关": [], "导致": [], "影响": [{"subject": "非暴力沟通", "object": "关系"}]}
2025-11-27 19:56:19,109 [INFO] 
📊 进度统计:
2025-11-27 19:56:19,109 [INFO]    已处理批次: 222/693 (32.0%)
2025-11-27 19:56:19,109 [INFO]    已处理段落: 1110/3465
2025-11-27 19:56:19,109 [INFO]    成功: 222, 失败: 0
2025-11-27 19:56:19,109 [INFO]    已用时: 32.6 分钟
2025-11-27 19:56:19,109 [INFO]    预计剩余: 69.1 分钟
2025-11-27 19:56:19,109 [INFO]    预计总时间: 101.7 分钟
2025-11-27 19:56:19,109 [INFO] 
================================================================================
2025-11-27 19:56:19,109 [INFO] 处理第 223/693 批 (段落 1111-1115)
2025-11-27 19:56:19,109 [INFO] ================================================================================
2025-11-27 19:56:19,109 [INFO] 📄 本批段落数: 5
2025-11-27 19:56:19,109 [INFO] 📄 合并文本长度: 146 字符
2025-11-27 19:56:19,109 [INFO] 📄 完整文本:
1. “你把公司文件丢在办公室地上，这让我很生气。”

2. “听你这么说，我觉得很生气，因为我需要受到尊重，而我认

4. “你没法来吃晚餐，我感到难过，我本来想和你共度这个夜

5. “我感到失望，因为你没有做你答应我的事情。”

6. “我感到挫败，因为我原本希望这件事情能够进展得更快
2025-11-27 19:56:19,109 [INFO] --------------------------------------------------------------------------------
2025-11-27 19:56:23,599 [INFO] ✅ 实体抽取成功: 共 5 个实体
2025-11-27 19:56:23,599 [INFO]    完整结果:
{"人物": [], "概念": [], "方法": [], "理论": [], "组织": [], "书籍": [], "情绪": ["生气", "难过", "失望", "挫败"], "行为": ["丢"]}
2025-11-27 19:56:26,604 [INFO] ✅ 关系抽取成功: 共 0 个关系
2025-11-27 19:56:26,604 [INFO]    完整结果:
{"提出": [], "包含": [], "应用": [], "来源": [], "解释": [], "相关": [], "导致": [], "影响": []}
2025-11-27 19:56:26,604 [INFO] 
📊 进度统计:
2025-11-27 19:56:26,604 [INFO]    已处理批次: 223/693 (32.2%)
2025-11-27 19:56:26,604 [INFO]    已处理段落: 1115/3465
2025-11-27 19:56:26,604 [INFO]    成功: 223, 失败: 0
2025-11-27 19:56:26,604 [INFO]    已用时: 32.7 分钟
2025-11-27 19:56:26,604 [INFO]    预计剩余: 68.9 分钟
2025-11-27 19:56:26,605 [INFO]    预计总时间: 101.6 分钟
2025-11-27 19:56:26,605 [INFO] 
================================================================================
2025-11-27 19:56:26,605 [INFO] 处理第 224/693 批 (段落 1116-1120)
2025-11-27 19:56:26,605 [INFO] ================================================================================
2025-11-27 19:56:26,605 [INFO] 📄 本批段落数: 5
2025-11-27 19:56:26,605 [INFO] 📄 合并文本长度: 153 字符
2025-11-27 19:56:26,605 [INFO] 📄 完整文本:
7. “人们在背后议论我，这让我感到伤心。”

10. “感谢你让我搭顺风车回家，因为我想比孩子们先到家。”

1. 如果你选择这一句，我们的看法不一致。在我看来，说这句话的

人是在暗示，是对方的行为导致他／她的感受，而非他／她本身的需要

或想法所致。若要为自己的感受负责，他／她可以说：“当你把公司文
2025-11-27 19:56:26,605 [INFO] --------------------------------------------------------------------------------
2025-11-27 19:56:29,962 [INFO] ✅ 实体抽取成功: 共 1 个实体
2025-11-27 19:56:29,962 [INFO]    完整结果:
{"人物": [], "概念": [], "方法": [], "理论": [], "组织": [], "书籍": [], "情绪": ["伤心"], "行为": []}
2025-11-27 19:56:33,078 [INFO] ✅ 关系抽取成功: 共 0 个关系
2025-11-27 19:56:33,078 [INFO]    完整结果:
{"提出": [], "包含": [], "应用": [], "来源": [], "解释": [], "相关": [], "导致": [], "影响": []}
2025-11-27 19:56:33,078 [INFO] 
📊 进度统计:
2025-11-27 19:56:33,078 [INFO]    已处理批次: 224/693 (32.3%)
2025-11-27 19:56:33,078 [INFO]    已处理段落: 1120/3465
2025-11-27 19:56:33,078 [INFO]    成功: 224, 失败: 0
2025-11-27 19:56:33,078 [INFO]    已用时: 32.8 分钟
2025-11-27 19:56:33,078 [INFO]    预计剩余: 68.7 分钟
2025-11-27 19:56:33,078 [INFO]    预计总时间: 101.5 分钟
2025-11-27 19:56:33,079 [INFO] 
================================================================================
2025-11-27 19:56:33,079 [INFO] 处理第 225/693 批 (段落 1121-1125)
2025-11-27 19:56:33,079 [INFO] ================================================================================
2025-11-27 19:56:33,079 [INFO] 📄 本批段落数: 5
2025-11-27 19:56:33,079 [INFO] 📄 合并文本长度: 162 字符
2025-11-27 19:56:33,079 [INFO] 📄 完整文本:
件丢在办公室地上，我感到生气，因为我希望重要的文件能够得到妥善

3. 如果你选择这一句，我们的看法不一致。说话者如果想要表达感

受背后的需要或想法，可以说：“你来晚了，我很郁闷，因为我本来希

5. 如果你选择这一句，我们的看法不一致。说话者如果想要表达感

受背后的需要或想法，可以说：“你没做你答应我的事情，我感到失
2025-11-27 19:56:33,079 [INFO] --------------------------------------------------------------------------------
2025-11-27 19:56:36,605 [INFO] ✅ 实体抽取成功: 共 2 个实体
2025-11-27 19:56:36,606 [INFO]    完整结果:
{"人物": [], "概念": [], "方法": [], "理论": [], "组织": [], "书籍": [], "情绪": ["生气", "郁闷"], "行为": []}
2025-11-27 19:56:39,580 [INFO] ✅ 关系抽取成功: 共 0 个关系
2025-11-27 19:56:39,580 [INFO]    完整结果:
{"提出": [], "包含": [], "应用": [], "来源": [], "解释": [], "相关": [], "导致": [], "影响": []}
2025-11-27 19:56:39,580 [INFO] 
📊 进度统计:
2025-11-27 19:56:39,580 [INFO]    已处理批次: 225/693 (32.5%)
2025-11-27 19:56:39,580 [INFO]    已处理段落: 1125/3465
2025-11-27 19:56:39,580 [INFO]    成功: 225, 失败: 0
2025-11-27 19:56:39,580 [INFO]    已用时: 32.9 分钟
2025-11-27 19:56:39,580 [INFO]    预计剩余: 68.5 分钟
2025-11-27 19:56:39,580 [INFO]    预计总时间: 101.4 分钟
2025-11-27 19:56:39,580 [INFO] 
================================================================================
2025-11-27 19:56:39,580 [INFO] 处理第 226/693 批 (段落 1126-1130)
2025-11-27 19:56:39,580 [INFO] ================================================================================
2025-11-27 19:56:39,580 [INFO] 📄 本批段落数: 5
2025-11-27 19:56:39,581 [INFO] 📄 合并文本长度: 163 字符
2025-11-27 19:56:39,581 [INFO] 📄 完整文本:
7. 如果你选择这一句，我们的看法不一致。说话者如果想要表达感

受背后的需要或想法，可以说：“人们在背后议论我，我感到伤心，因

8. 如果你选择这一句，我们的看法不一致。说话者如果想要表达感

受背后的需要或想法，可以说：“你获得了那个奖项我很高兴，因为我

9. 如果你选择这一句，我们的看法不一致。说话者如果想要表达感
2025-11-27 19:56:39,581 [INFO] --------------------------------------------------------------------------------
2025-11-27 19:56:42,725 [INFO] ✅ 实体抽取成功: 共 1 个实体
2025-11-27 19:56:42,725 [INFO]    完整结果:
{"人物": [], "概念": [], "方法": [], "理论": [], "组织": [], "书籍": [], "情绪": ["伤心"], "行为": []}
2025-11-27 19:56:45,692 [INFO] ✅ 关系抽取成功: 共 0 个关系
2025-11-27 19:56:45,693 [INFO]    完整结果:
{"提出": [], "包含": [], "应用": [], "来源": [], "解释": [], "相关": [], "导致": [], "影响": []}
2025-11-27 19:56:45,693 [INFO] 
📊 进度统计:
2025-11-27 19:56:45,693 [INFO]    已处理批次: 226/693 (32.6%)
2025-11-27 19:56:45,693 [INFO]    已处理段落: 1130/3465
2025-11-27 19:56:45,693 [INFO]    成功: 226, 失败: 0
2025-11-27 19:56:45,693 [INFO]    已用时: 33.0 分钟
2025-11-27 19:56:45,693 [INFO]    预计剩余: 68.2 分钟
2025-11-27 19:56:45,693 [INFO]    预计总时间: 101.2 分钟
2025-11-27 19:56:45,693 [INFO] 
================================================================================
2025-11-27 19:56:45,693 [INFO] 处理第 227/693 批 (段落 1131-1135)
2025-11-27 19:56:45,693 [INFO] ================================================================================
2025-11-27 19:56:45,693 [INFO] 📄 本批段落数: 5
2025-11-27 19:56:45,693 [INFO] 📄 合并文本长度: 151 字符
2025-11-27 19:56:45,693 [INFO] 📄 完整文本:
受背后的需要或想法，可以说：“你大声说话时我很害怕，我需要安全

10. 如果你选择这一句，我们的看法一致。

我们已经介绍了非暴力沟通的三个要素：观察、感受和需要，学习

了使用不带批评、分析、指责或诊断的沟通方式更有可能激发他人的善

意与慈悲。非暴力沟通的第四个要素是——请求。提出请求是为了让我
2025-11-27 19:56:45,693 [INFO] --------------------------------------------------------------------------------
2025-11-27 19:56:50,838 [INFO] ✅ 实体抽取成功: 共 6 个实体
2025-11-27 19:56:50,838 [INFO]    完整结果:
{"人物": [], "概念": ["非暴力沟通", "观察", "感受", "需要", "慈悲"], "方法": [], "理论": [], "组织": [], "书籍": [], "情绪": [], "行为": ["大声说话"]}
2025-11-27 19:57:00,711 [INFO] ✅ 关系抽取成功: 共 4 个关系
2025-11-27 19:57:00,711 [INFO]    完整结果:
{"提出": [], "包含": [{"subject": "非暴力沟通", "object": "观察"}, {"subject": "非暴力沟通", "object": "感受"}, {"subject": "非暴力沟通", "object": "需要"}, {"subject": "非暴力沟通", "object": "请求"}], "应用": [], "来源": [], "解释": [], "相关": [], "导致": [], "影响": []}
2025-11-27 19:57:00,711 [INFO] 
📊 进度统计:
2025-11-27 19:57:00,711 [INFO]    已处理批次: 227/693 (32.8%)
2025-11-27 19:57:00,712 [INFO]    已处理段落: 1135/3465
2025-11-27 19:57:00,712 [INFO]    成功: 227, 失败: 0
2025-11-27 19:57:00,712 [INFO]    已用时: 33.3 分钟
2025-11-27 19:57:00,712 [INFO]    预计剩余: 68.3 分钟
2025-11-27 19:57:00,712 [INFO]    预计总时间: 101.5 分钟
2025-11-27 19:57:00,712 [INFO] 
================================================================================
2025-11-27 19:57:00,712 [INFO] 处理第 228/693 批 (段落 1136-1140)
2025-11-27 19:57:00,712 [INFO] ================================================================================
2025-11-27 19:57:00,712 [INFO] 📄 本批段落数: 5
2025-11-27 19:57:00,712 [INFO] 📄 合并文本长度: 156 字符
2025-11-27 19:57:00,712 [INFO] 📄 完整文本:
们的生命变得更加丰盈。在表达了观察、感受和需要之后，我们提出一

个明确的请求来满足需要。那么，以什么样的方式提出请求，才能让别

首先，清楚地告诉对方，我们请求他们去做什么，而非不要做什

我的同事鲁斯·贝本梅尔曾经写过一首儿歌。其中有两句歌词

是：“让我不要这么做，那我要怎么办？我只知道，让我不要这么做，
2025-11-27 19:57:00,712 [INFO] --------------------------------------------------------------------------------
2025-11-27 19:57:04,269 [INFO] ✅ 实体抽取成功: 共 1 个实体
2025-11-27 19:57:04,269 [INFO]    完整结果:
{"人物": ["鲁斯·贝本梅尔"], "概念": [], "方法": [], "理论": [], "组织": [], "书籍": [], "情绪": [], "行为": []}
2025-11-27 19:57:07,218 [INFO] ✅ 关系抽取成功: 共 0 个关系
2025-11-27 19:57:07,218 [INFO]    完整结果:
{"提出": [], "包含": [], "应用": [], "来源": [], "解释": [], "相关": [], "导致": [], "影响": []}
2025-11-27 19:57:07,218 [INFO] 
📊 进度统计:
2025-11-27 19:57:07,218 [INFO]    已处理批次: 228/693 (32.9%)
2025-11-27 19:57:07,218 [INFO]    已处理段落: 1140/3465
2025-11-27 19:57:07,218 [INFO]    成功: 228, 失败: 0
2025-11-27 19:57:07,218 [INFO]    已用时: 33.4 分钟
2025-11-27 19:57:07,218 [INFO]    预计剩余: 68.1 分钟
2025-11-27 19:57:07,218 [INFO]    预计总时间: 101.4 分钟
2025-11-27 19:57:07,219 [INFO] 
================================================================================
2025-11-27 19:57:07,219 [INFO] 处理第 229/693 批 (段落 1141-1145)
2025-11-27 19:57:07,219 [INFO] ================================================================================
2025-11-27 19:57:07,219 [INFO] 📄 本批段落数: 5
2025-11-27 19:57:07,219 [INFO] 📄 合并文本长度: 163 字符
2025-11-27 19:57:07,219 [INFO] 📄 完整文本:
我就偏不想答应你。”从中我们可以看到，用负向的语言提出请求通常

会引发两个问题：1.人们往往搞不清楚我们到底请求他们做什么；2.负

一位女士在一次工作坊中谈到，她对先生在工作上投入许多时间十

分苦恼，而她向先生提出的请求非但没有效果，甚至适得其反。“我请

他不要花那么多时间在工作上。没想到3周后，他居然告诉我，他报名
2025-11-27 19:57:07,219 [INFO] --------------------------------------------------------------------------------
2025-11-27 19:57:11,255 [INFO] ✅ 实体抽取成功: 共 1 个实体
2025-11-27 19:57:11,255 [INFO]    完整结果:
{"人物": [], "概念": [], "方法": [], "理论": [], "组织": [], "书籍": [], "情绪": [], "行为": ["用负向的语言提出请求"]}
2025-11-27 19:57:16,309 [INFO] ✅ 关系抽取成功: 共 1 个关系
2025-11-27 19:57:16,309 [INFO]    完整结果:
{"提出": [{"subject": "请求", "object": "负向的语言"}], "包含": [], "应用": [], "来源": [], "解释": [], "相关": [], "导致": [], "影响": []}
2025-11-27 19:57:16,309 [INFO] 
📊 进度统计:
2025-11-27 19:57:16,309 [INFO]    已处理批次: 229/693 (33.0%)
2025-11-27 19:57:16,309 [INFO]    已处理段落: 1145/3465
2025-11-27 19:57:16,309 [INFO]    成功: 229, 失败: 0
2025-11-27 19:57:16,310 [INFO]    已用时: 33.5 分钟
2025-11-27 19:57:16,310 [INFO]    预计剩余: 67.9 分钟
2025-11-27 19:57:16,310 [INFO]    预计总时间: 101.4 分钟
2025-11-27 19:57:16,310 [INFO] 
================================================================================
2025-11-27 19:57:16,310 [INFO] 处理第 230/693 批 (段落 1146-1150)
2025-11-27 19:57:16,310 [INFO] ================================================================================
2025-11-27 19:57:16,310 [INFO] 📄 本批段落数: 5
2025-11-27 19:57:16,310 [INFO] 📄 合并文本长度: 157 字符
2025-11-27 19:57:16,310 [INFO] 📄 完整文本:
参加了一个高尔夫球比赛！”这位女士说出了她不想要什么——她不希

望先生花太多时间在工作上，但却没有说清楚她想要什么。于是，当我

鼓励她换一种方式提出请求时，她想了想说：“我希望他每周至少有一

个晚上在家陪我和孩子。要是一开始我这样和他说就好了。”

越战期间，我受邀参加一场电视辩论赛，就战争的议题和一位与我
2025-11-27 19:57:16,310 [INFO] --------------------------------------------------------------------------------
2025-11-27 19:57:20,723 [INFO] ✅ 实体抽取成功: 共 3 个实体
2025-11-27 19:57:20,723 [INFO]    完整结果:
{"人物": [], "概念": [], "方法": [], "理论": [], "组织": [], "书籍": [], "情绪": [], "行为": ["参加", "高尔夫球比赛", "邀请"]}
2025-11-27 19:57:23,694 [INFO] ✅ 关系抽取成功: 共 0 个关系
2025-11-27 19:57:23,694 [INFO]    完整结果:
{"提出": [], "包含": [], "应用": [], "来源": [], "解释": [], "相关": [], "导致": [], "影响": []}
2025-11-27 19:57:23,694 [INFO] 
📊 进度统计:
2025-11-27 19:57:23,694 [INFO]    已处理批次: 230/693 (33.2%)
2025-11-27 19:57:23,694 [INFO]    已处理段落: 1150/3465
2025-11-27 19:57:23,694 [INFO]    成功: 230, 失败: 0
2025-11-27 19:57:23,694 [INFO]    已用时: 33.6 分钟
2025-11-27 19:57:23,694 [INFO]    预计剩余: 67.7 分钟
2025-11-27 19:57:23,694 [INFO]    预计总时间: 101.4 分钟
2025-11-27 19:57:23,694 [INFO] 
================================================================================
2025-11-27 19:57:23,694 [INFO] 处理第 231/693 批 (段落 1151-1155)
2025-11-27 19:57:23,694 [INFO] ================================================================================
2025-11-27 19:57:23,694 [INFO] 📄 本批段落数: 5
2025-11-27 19:57:23,694 [INFO] 📄 合并文本长度: 151 字符
2025-11-27 19:57:23,694 [INFO] 📄 完整文本:
立场不同的男士展开辩论。当天晚上，当我在电视上看见自己的表现并

不是我想要的那样时，我感到十分懊恼。于是我告诉自己：“下一次辩

论时，绝不能这么被动。我可不想让他把我当成傻瓜。”请注意，我只

是告诉了自己不去做什么，而非我要的是什么。

一周后，我有了一次弥补的机会，这个节目邀请我继续上一次的辩
2025-11-27 19:57:23,694 [INFO] --------------------------------------------------------------------------------
2025-11-27 19:57:26,902 [INFO] ✅ 实体抽取成功: 共 1 个实体
2025-11-27 19:57:26,902 [INFO]    完整结果:
{"人物": [], "概念": [], "方法": [], "理论": [], "组织": [], "书籍": [], "情绪": ["懊恼"], "行为": []}
2025-11-27 19:57:29,839 [INFO] ✅ 关系抽取成功: 共 0 个关系
2025-11-27 19:57:29,840 [INFO]    完整结果:
{"提出": [], "包含": [], "应用": [], "来源": [], "解释": [], "相关": [], "导致": [], "影响": []}
2025-11-27 19:57:29,840 [INFO] 
📊 进度统计:
2025-11-27 19:57:29,840 [INFO]    已处理批次: 231/693 (33.3%)
2025-11-27 19:57:29,840 [INFO]    已处理段落: 1155/3465
2025-11-27 19:57:29,840 [INFO]    成功: 231, 失败: 0
2025-11-27 19:57:29,840 [INFO]    已用时: 33.7 分钟
2025-11-27 19:57:29,840 [INFO]    预计剩余: 67.5 分钟
2025-11-27 19:57:29,840 [INFO]    预计总时间: 101.2 分钟
2025-11-27 19:57:29,840 [INFO] 
================================================================================
2025-11-27 19:57:29,840 [INFO] 处理第 232/693 批 (段落 1156-1160)
2025-11-27 19:57:29,840 [INFO] ================================================================================
2025-11-27 19:57:29,840 [INFO] 📄 本批段落数: 5
2025-11-27 19:57:29,840 [INFO] 📄 合并文本长度: 156 字符
2025-11-27 19:57:29,840 [INFO] 📄 完整文本:
论。在去演播室的路上，我反复告诫自己不要重蹈覆辙。节目一开始，

对方就像上星期那样猛烈地攻击我。在他讲完的十秒内，我努力控制着

不做自我辩护。实际上，我只是一言不发地坐在那里。而就在开口的瞬

间，所有那些我不想讲的话都倾泻而出！我只知道自己不想要什么，却

没有理清自己到底想要什么，这真是一次惨痛的教训。
2025-11-27 19:57:29,840 [INFO] --------------------------------------------------------------------------------
2025-11-27 19:57:33,149 [INFO] ✅ 实体抽取成功: 共 1 个实体
2025-11-27 19:57:33,149 [INFO]    完整结果:
{"人物": [], "概念": [], "方法": [], "理论": [], "组织": [], "书籍": [], "情绪": [], "行为": ["攻击"]}
2025-11-27 19:57:36,213 [INFO] ✅ 关系抽取成功: 共 0 个关系
2025-11-27 19:57:36,213 [INFO]    完整结果:
{"提出": [], "包含": [], "应用": [], "来源": [], "解释": [], "相关": [], "导致": [], "影响": []}
2025-11-27 19:57:36,213 [INFO] 
📊 进度统计:
2025-11-27 19:57:36,213 [INFO]    已处理批次: 232/693 (33.5%)
2025-11-27 19:57:36,213 [INFO]    已处理段落: 1160/3465
2025-11-27 19:57:36,213 [INFO]    成功: 232, 失败: 0
2025-11-27 19:57:36,213 [INFO]    已用时: 33.9 分钟
2025-11-27 19:57:36,213 [INFO]    预计剩余: 67.3 分钟
2025-11-27 19:57:36,213 [INFO]    预计总时间: 101.1 分钟
2025-11-27 19:57:36,213 [INFO] 
================================================================================
2025-11-27 19:57:36,213 [INFO] 处理第 233/693 批 (段落 1161-1165)
2025-11-27 19:57:36,213 [INFO] ================================================================================
2025-11-27 19:57:36,213 [INFO] 📄 本批段落数: 5
2025-11-27 19:57:36,213 [INFO] 📄 合并文本长度: 153 字符
2025-11-27 19:57:36,213 [INFO] 📄 完整文本:
还有一次我应邀前往一所学校和一群高中生交流。他们对校长满怀

怨言，认为校长是一名种族歧视者，并且想办法要报复他。一位负责辅

导他们的牧师十分担忧可能会发生暴力冲突，邀请我去协调矛盾。出于

会谈一开始，他们便向我描述校长有哪些歧视性行为。听完他们列

举的控诉后，我建议他们明确一下希望校长具体怎么做。
2025-11-27 19:57:36,213 [INFO] --------------------------------------------------------------------------------
2025-11-27 19:57:39,683 [INFO] ✅ 实体抽取成功: 共 2 个实体
2025-11-27 19:57:39,683 [INFO]    完整结果:
{"人物": [], "概念": [], "方法": [], "理论": [], "组织": [], "书籍": [], "情绪": [], "行为": ["报复", "协调矛盾"]}
2025-11-27 19:57:42,618 [INFO] ✅ 关系抽取成功: 共 0 个关系
2025-11-27 19:57:42,618 [INFO]    完整结果:
{"提出": [], "包含": [], "应用": [], "来源": [], "解释": [], "相关": [], "导致": [], "影响": []}
2025-11-27 19:57:42,618 [INFO] 
📊 进度统计:
2025-11-27 19:57:42,618 [INFO]    已处理批次: 233/693 (33.6%)
2025-11-27 19:57:42,618 [INFO]    已处理段落: 1165/3465
2025-11-27 19:57:42,618 [INFO]    成功: 233, 失败: 0
2025-11-27 19:57:42,618 [INFO]    已用时: 34.0 分钟
2025-11-27 19:57:42,618 [INFO]    预计剩余: 67.0 分钟
2025-11-27 19:57:42,618 [INFO]    预计总时间: 101.0 分钟
2025-11-27 19:57:42,618 [INFO] 
================================================================================
2025-11-27 19:57:42,618 [INFO] 处理第 234/693 批 (段落 1166-1170)
2025-11-27 19:57:42,618 [INFO] ================================================================================
2025-11-27 19:57:42,618 [INFO] 📄 本批段落数: 5
2025-11-27 19:57:42,619 [INFO] 📄 合并文本长度: 152 字符
2025-11-27 19:57:42,619 [INFO] 📄 完整文本:
“那又有什么用？”一位学生不屑地说，“我们已经告诉过他我们的

想法了，结果他对我们说‘走开！我不需要你们这些人告诉我怎么做’。”

我问他们向校长提出了什么请求。他们说曾经告诉校长不要干涉他

们的打扮。我向他们提议，如果他们能说出希望校长做的事，而非不希

望他做的事，他们或许能得到比较积极的回应。
2025-11-27 19:57:42,619 [INFO] --------------------------------------------------------------------------------
2025-11-27 19:57:45,995 [INFO] ✅ 实体抽取成功: 共 2 个实体
2025-11-27 19:57:45,995 [INFO]    完整结果:
{"人物": [], "概念": [], "方法": [], "理论": [], "组织": [], "书籍": [], "情绪": [], "行为": ["不屑", "干涉"]}
2025-11-27 19:57:48,938 [INFO] ✅ 关系抽取成功: 共 0 个关系
2025-11-27 19:57:48,938 [INFO]    完整结果:
{"提出": [], "包含": [], "应用": [], "来源": [], "解释": [], "相关": [], "导致": [], "影响": []}
2025-11-27 19:57:48,938 [INFO] 
📊 进度统计:
2025-11-27 19:57:48,938 [INFO]    已处理批次: 234/693 (33.8%)
2025-11-27 19:57:48,938 [INFO]    已处理段落: 1170/3465
2025-11-27 19:57:48,938 [INFO]    成功: 234, 失败: 0
2025-11-27 19:57:48,938 [INFO]    已用时: 34.1 分钟
2025-11-27 19:57:48,938 [INFO]    预计剩余: 66.8 分钟
2025-11-27 19:57:48,938 [INFO]    预计总时间: 100.9 分钟
2025-11-27 19:57:48,938 [INFO] 
================================================================================
2025-11-27 19:57:48,938 [INFO] 处理第 235/693 批 (段落 1171-1175)
2025-11-27 19:57:48,938 [INFO] ================================================================================
2025-11-27 19:57:48,938 [INFO] 📄 本批段落数: 5
2025-11-27 19:57:48,938 [INFO] 📄 合并文本长度: 161 字符
2025-11-27 19:57:48,938 [INFO] 📄 完整文本:
此外，他们还告诉校长，希望得到公正的对待。对此，校长则立马

大声否认说，他没有不公正地对待他们。我告诉学生们，如果你们请求

他采取一些特定的行动，而不是抽象模糊的“公正对待”，校长可能会做

接着，我和他们一起讨论如何用正向的语言提出具体的请求来满足

需要。会议最后，学生罗列了希望校长做到的38件事，包括“让黑人学
2025-11-27 19:57:48,938 [INFO] --------------------------------------------------------------------------------
2025-11-27 19:57:52,504 [INFO] ✅ 实体抽取成功: 共 1 个实体
2025-11-27 19:57:52,505 [INFO]    完整结果:
{"人物": [], "概念": [], "方法": [], "理论": [], "组织": [], "书籍": [], "情绪": [], "行为": ["采取一些特定的行动"]}
2025-11-27 19:57:55,467 [INFO] ✅ 关系抽取成功: 共 0 个关系
2025-11-27 19:57:55,467 [INFO]    完整结果:
{"提出": [], "包含": [], "应用": [], "来源": [], "解释": [], "相关": [], "导致": [], "影响": []}
2025-11-27 19:57:55,467 [INFO] 
📊 进度统计:
2025-11-27 19:57:55,467 [INFO]    已处理批次: 235/693 (33.9%)
2025-11-27 19:57:55,467 [INFO]    已处理段落: 1175/3465
2025-11-27 19:57:55,467 [INFO]    成功: 235, 失败: 0
2025-11-27 19:57:55,467 [INFO]    已用时: 34.2 分钟
2025-11-27 19:57:55,467 [INFO]    预计剩余: 66.6 分钟
2025-11-27 19:57:55,467 [INFO]    预计总时间: 100.8 分钟
2025-11-27 19:57:55,467 [INFO] 
================================================================================
2025-11-27 19:57:55,467 [INFO] 处理第 236/693 批 (段落 1176-1180)
2025-11-27 19:57:55,467 [INFO] ================================================================================
2025-11-27 19:57:55,467 [INFO] 📄 本批段落数: 5
2025-11-27 19:57:55,467 [INFO] 📄 合并文本长度: 158 字符
2025-11-27 19:57:55,467 [INFO] 📄 完整文本:
生代表参与有关服饰穿着的决策小组”“请称呼我们为‘黑人学生’，而不

是‘你们这些人’”。第二天，学生们向校长提交了书面请求。当晚，他们

在电话里兴奋地告诉我，校长同意了所有38项请求！

除了使用正向语言，我们提出的请求越具体越好。如果我们的表达

含糊不清或过分抽象、模棱两可，他人很难知道如何去行动。有一则漫
2025-11-27 19:57:55,467 [INFO] --------------------------------------------------------------------------------
2025-11-27 19:57:58,773 [INFO] ✅ 实体抽取成功: 共 1 个实体
2025-11-27 19:57:58,773 [INFO]    完整结果:
{"人物": [], "概念": [], "方法": ["正向语言"], "理论": [], "组织": [], "书籍": [], "情绪": [], "行为": []}
2025-11-27 19:58:03,313 [INFO] ✅ 关系抽取成功: 共 1 个关系
2025-11-27 19:58:03,313 [INFO]    完整结果:
{"提出": [{"subject": "书面请求", "object": "学生"}], "包含": [], "应用": [], "来源": [], "解释": [], "相关": [], "导致": [], "影响": []}
2025-11-27 19:58:03,313 [INFO] 
📊 进度统计:
2025-11-27 19:58:03,313 [INFO]    已处理批次: 236/693 (34.1%)
2025-11-27 19:58:03,313 [INFO]    已处理段落: 1180/3465
2025-11-27 19:58:03,313 [INFO]    成功: 236, 失败: 0
2025-11-27 19:58:03,313 [INFO]    已用时: 34.3 分钟
2025-11-27 19:58:03,313 [INFO]    预计剩余: 66.4 分钟
2025-11-27 19:58:03,313 [INFO]    预计总时间: 100.7 分钟
2025-11-27 19:58:03,313 [INFO] 
================================================================================
2025-11-27 19:58:03,313 [INFO] 处理第 237/693 批 (段落 1181-1185)
2025-11-27 19:58:03,313 [INFO] ================================================================================
2025-11-27 19:58:03,313 [INFO] 📄 本批段落数: 5
2025-11-27 19:58:03,313 [INFO] 📄 合并文本长度: 153 字符
2025-11-27 19:58:03,313 [INFO] 📄 完整文本:
画描绘了一个男人跌到了水里，他一边挣扎着往岸边游，一边冲着岸上

的狗喊道：“拉西，快去找人帮助！”在第二幅画中，他的狗躺在了心理

医生的沙发上。这是因为“帮助”这个词对不同的人有着不同的含义。

一对关系紧张的夫妻参加了一个工作坊，他们再一次让我们看到，

“我希望你让我做自己！”妻子大声向先生宣告。
2025-11-27 19:58:03,314 [INFO] --------------------------------------------------------------------------------
2025-11-27 19:58:07,103 [INFO] ✅ 实体抽取成功: 共 3 个实体
2025-11-27 19:58:07,103 [INFO]    完整结果:
{"人物": ["拉西"], "概念": [], "方法": [], "理论": [], "组织": [], "书籍": [], "情绪": [], "行为": ["挣扎", "游"]}
2025-11-27 19:58:10,063 [INFO] ✅ 关系抽取成功: 共 0 个关系
2025-11-27 19:58:10,063 [INFO]    完整结果:
{"提出": [], "包含": [], "应用": [], "来源": [], "解释": [], "相关": [], "导致": [], "影响": []}
2025-11-27 19:58:10,063 [INFO] 
📊 进度统计:
2025-11-27 19:58:10,063 [INFO]    已处理批次: 237/693 (34.2%)
2025-11-27 19:58:10,063 [INFO]    已处理段落: 1185/3465
2025-11-27 19:58:10,063 [INFO]    成功: 237, 失败: 0
2025-11-27 19:58:10,063 [INFO]    已用时: 34.4 分钟
2025-11-27 19:58:10,063 [INFO]    预计剩余: 66.2 分钟
2025-11-27 19:58:10,063 [INFO]    预计总时间: 100.6 分钟
2025-11-27 19:58:10,063 [INFO] 
================================================================================
2025-11-27 19:58:10,063 [INFO] 处理第 238/693 批 (段落 1186-1190)
2025-11-27 19:58:10,063 [INFO] ================================================================================
2025-11-27 19:58:10,063 [INFO] 📄 本批段落数: 5
2025-11-27 19:58:10,063 [INFO] 📄 合并文本长度: 158 字符
2025-11-27 19:58:10,063 [INFO] 📄 完整文本:
当我请她以正向的具体语言来表达时，她说：“我希望你给我自

由，让我成长并且做自己。”然而，如此模糊的语句只会引发对方的防

卫。她继续艰难地尝试提出一个清晰明确的请求，最后却不得不承

认：“这听上去有些令人不好意思……我希望不论我做什么，你都能微

笑着点头称是。”人们往往使用模糊、抽象的语言来掩盖操控对方的意
2025-11-27 19:58:10,063 [INFO] --------------------------------------------------------------------------------
2025-11-27 19:58:13,570 [INFO] ✅ 实体抽取成功: 共 2 个实体
2025-11-27 19:58:13,570 [INFO]    完整结果:
{"人物": [], "概念": [], "方法": [], "理论": [], "组织": [], "书籍": [], "情绪": [], "行为": ["表达", "请求"]}
2025-11-27 19:58:16,555 [INFO] ✅ 关系抽取成功: 共 0 个关系
2025-11-27 19:58:16,555 [INFO]    完整结果:
{"提出": [], "包含": [], "应用": [], "来源": [], "解释": [], "相关": [], "导致": [], "影响": []}
2025-11-27 19:58:16,555 [INFO] 
📊 进度统计:
2025-11-27 19:58:16,555 [INFO]    已处理批次: 238/693 (34.3%)
2025-11-27 19:58:16,555 [INFO]    已处理段落: 1190/3465
2025-11-27 19:58:16,555 [INFO]    成功: 238, 失败: 0
2025-11-27 19:58:16,555 [INFO]    已用时: 34.5 分钟
2025-11-27 19:58:16,555 [INFO]    预计剩余: 66.0 分钟
2025-11-27 19:58:16,555 [INFO]    预计总时间: 100.5 分钟
2025-11-27 19:58:16,555 [INFO] 
================================================================================
2025-11-27 19:58:16,555 [INFO] 处理第 239/693 批 (段落 1191-1195)
2025-11-27 19:58:16,555 [INFO] ================================================================================
2025-11-27 19:58:16,555 [INFO] 📄 本批段落数: 5
2025-11-27 19:58:16,555 [INFO] 📄 合并文本长度: 161 字符
2025-11-27 19:58:16,555 [INFO] 📄 完整文本:
还有一次，一位父亲带着他15岁的儿子来找我咨询。父亲向孩子提

出的请求同样含糊不清，他说：“我只是希望你能对自己多一些责任

感。这个要求难道过分吗？”我建议他具体说明，儿子需要怎样做才算

是有责任感。经过一番讨论，父亲有些不好意思地回答道：“嗯，这听

上去有些不对，当我说希望他能有点责任感时，我真正的意思是，希望
2025-11-27 19:58:16,555 [INFO] --------------------------------------------------------------------------------
2025-11-27 19:58:19,702 [INFO] ✅ 实体抽取成功: 共 1 个实体
2025-11-27 19:58:19,702 [INFO]    完整结果:
{"人物": [], "概念": [], "方法": [], "理论": [], "组织": [], "书籍": [], "情绪": [], "行为": ["负责"]}
2025-11-27 19:58:22,677 [INFO] ✅ 关系抽取成功: 共 0 个关系
2025-11-27 19:58:22,677 [INFO]    完整结果:
{"提出": [], "包含": [], "应用": [], "来源": [], "解释": [], "相关": [], "导致": [], "影响": []}
2025-11-27 19:58:22,677 [INFO] 
📊 进度统计:
2025-11-27 19:58:22,677 [INFO]    已处理批次: 239/693 (34.5%)
2025-11-27 19:58:22,677 [INFO]    已处理段落: 1195/3465
2025-11-27 19:58:22,677 [INFO]    成功: 239, 失败: 0
2025-11-27 19:58:22,677 [INFO]    已用时: 34.6 分钟
2025-11-27 19:58:22,677 [INFO]    预计剩余: 65.8 分钟
2025-11-27 19:58:22,677 [INFO]    预计总时间: 100.4 分钟
2025-11-27 19:58:22,677 [INFO] 
================================================================================
2025-11-27 19:58:22,677 [INFO] 处理第 240/693 批 (段落 1196-1200)
2025-11-27 19:58:22,677 [INFO] ================================================================================
2025-11-27 19:58:22,677 [INFO] 📄 本批段落数: 5
2025-11-27 19:58:22,677 [INFO] 📄 合并文本长度: 162 字符
2025-11-27 19:58:22,677 [INFO] 📄 完整文本:
他能听我的话，我让他跳他就要跳，并且做的时候还要面带微笑。”我

表示，如果儿子真的表现出了这样的“责任感”，那不过是顺从罢了。他

就像这位父亲，人们习惯于使用含糊、抽象的语言将自己的愿望暗

示给他人，却不提及希望对方采取哪些具体的行动。例如，这位雇主希

望员工们能给他一些反馈，于是他说：“我希望你们和我在一起时，可
2025-11-27 19:58:22,677 [INFO] --------------------------------------------------------------------------------
2025-11-27 19:58:26,067 [INFO] ✅ 实体抽取成功: 共 1 个实体
2025-11-27 19:58:26,067 [INFO]    完整结果:
{"人物": [], "概念": [], "方法": [], "理论": [], "组织": [], "书籍": [], "情绪": [], "行为": ["面带微笑"]}
2025-11-27 19:58:29,054 [INFO] ✅ 关系抽取成功: 共 0 个关系
2025-11-27 19:58:29,054 [INFO]    完整结果:
{"提出": [], "包含": [], "应用": [], "来源": [], "解释": [], "相关": [], "导致": [], "影响": []}
2025-11-27 19:58:29,054 [INFO] 
📊 进度统计:
2025-11-27 19:58:29,054 [INFO]    已处理批次: 240/693 (34.6%)
2025-11-27 19:58:29,054 [INFO]    已处理段落: 1200/3465
2025-11-27 19:58:29,054 [INFO]    成功: 240, 失败: 0
2025-11-27 19:58:29,054 [INFO]    已用时: 34.7 分钟
2025-11-27 19:58:29,054 [INFO]    预计剩余: 65.6 分钟
2025-11-27 19:58:29,054 [INFO]    预计总时间: 100.3 分钟
2025-11-27 19:58:29,054 [INFO] 
================================================================================
2025-11-27 19:58:29,054 [INFO] 处理第 241/693 批 (段落 1201-1205)
2025-11-27 19:58:29,054 [INFO] ================================================================================
2025-11-27 19:58:29,054 [INFO] 📄 本批段落数: 5
2025-11-27 19:58:29,054 [INFO] 📄 合并文本长度: 159 字符
2025-11-27 19:58:29,054 [INFO] 📄 完整文本:
以畅所欲言。”雇主向员工们传递了自己的愿望，希望他们能“畅所欲

言”，却并未说明他们要如何做到。为了让请求更具有建设性，这位雇

主可以使用正向的具体语言来提出请求：“请你们告诉我，我怎么做才

最后，我想再举例说明含糊的语言如何妨碍了对自我的清晰认识。

我在担任临床心理医生期间，接待过许多受到抑郁困扰的来访者。
2025-11-27 19:58:29,054 [INFO] --------------------------------------------------------------------------------
2025-11-27 19:58:32,251 [INFO] ✅ 实体抽取成功: 共 1 个实体
2025-11-27 19:58:32,251 [INFO]    完整结果:
{"人物": [], "概念": [], "方法": [], "理论": [], "组织": [], "书籍": [], "情绪": ["抑郁"], "行为": []}
2025-11-27 19:58:37,068 [INFO] ✅ 关系抽取成功: 共 1 个关系
2025-11-27 19:58:37,068 [INFO]    完整结果:
{"提出": [], "包含": [], "应用": [], "来源": [], "解释": [], "相关": [], "导致": [], "影响": [{"subject": "抑郁", "object": "临床心理医生"}]}
2025-11-27 19:58:37,068 [INFO] 
📊 进度统计:
2025-11-27 19:58:37,068 [INFO]    已处理批次: 241/693 (34.8%)
2025-11-27 19:58:37,068 [INFO]    已处理段落: 1205/3465
2025-11-27 19:58:37,068 [INFO]    成功: 241, 失败: 0
2025-11-27 19:58:37,068 [INFO]    已用时: 34.9 分钟
2025-11-27 19:58:37,068 [INFO]    预计剩余: 65.4 分钟
2025-11-27 19:58:37,068 [INFO]    预计总时间: 100.3 分钟
2025-11-27 19:58:37,068 [INFO] 
================================================================================
2025-11-27 19:58:37,068 [INFO] 处理第 242/693 批 (段落 1206-1210)
2025-11-27 19:58:37,068 [INFO] ================================================================================
2025-11-27 19:58:37,068 [INFO] 📄 本批段落数: 5
2025-11-27 19:58:37,068 [INFO] 📄 合并文本长度: 156 字符
2025-11-27 19:58:37,068 [INFO] 📄 完整文本:
在我深度同理了他们后，我们的交流通常会这样继续：

马歇尔：我认为，我们之所以会抑郁是因为未能实现自己的愿望；之所

以如此，是因为从来没有人教导过我们去实现愿望。相反，我们被教育

成乖孩子、好妈妈、好爸爸。如果我们要成为那样的好人，就得习惯压

抑自己。抑郁，是我们做一个“好人”的“代价”。如果你想要让自己
2025-11-27 19:58:37,068 [INFO] --------------------------------------------------------------------------------
2025-11-27 19:58:40,459 [INFO] ✅ 实体抽取成功: 共 2 个实体
2025-11-27 19:58:40,459 [INFO]    完整结果:
{"人物": ["马歇尔"], "概念": [], "方法": [], "理论": [], "组织": [], "书籍": [], "情绪": ["抑郁"], "行为": []}
2025-11-27 19:58:45,355 [INFO] ✅ 关系抽取成功: 共 1 个关系
2025-11-27 19:58:45,355 [INFO]    完整结果:
{"提出": [], "包含": [], "应用": [], "来源": [], "解释": [{"subject": "抑郁", "object": "做一个“好人”的“代价”"}], "相关": [], "导致": [], "影响": []}
2025-11-27 19:58:45,355 [INFO] 
📊 进度统计:
2025-11-27 19:58:45,355 [INFO]    已处理批次: 242/693 (34.9%)
2025-11-27 19:58:45,355 [INFO]    已处理段落: 1210/3465
2025-11-27 19:58:45,355 [INFO]    成功: 242, 失败: 0
2025-11-27 19:58:45,355 [INFO]    已用时: 35.0 分钟
2025-11-27 19:58:45,356 [INFO]    预计剩余: 65.2 分钟
2025-11-27 19:58:45,356 [INFO]    预计总时间: 100.2 分钟
2025-11-27 19:58:45,356 [INFO] 
================================================================================
2025-11-27 19:58:45,356 [INFO] 处理第 243/693 批 (段落 1211-1215)
2025-11-27 19:58:45,356 [INFO] ================================================================================
2025-11-27 19:58:45,356 [INFO] 📄 本批段落数: 5
2025-11-27 19:58:45,356 [INFO] 📄 合并文本长度: 149 字符
2025-11-27 19:58:45,356 [INFO] 📄 完整文本:
好起来，我希望你能清楚地说出，为了让你的生活变得美好，你希望他

来访者：我只是希望有人能爱我。这并非完全不现实，不是吗？

马歇尔：这是个好的开始。现在我想请你清晰地说出，他人怎么做才能

满足你爱的需要？例如，我此刻可以做些什么？

马歇尔：我不确定我知道。我想请你告诉我，为了让你得到你想要的
2025-11-27 19:58:45,356 [INFO] --------------------------------------------------------------------------------
2025-11-27 19:58:48,554 [INFO] ✅ 实体抽取成功: 共 1 个实体
2025-11-27 19:58:48,554 [INFO]    完整结果:
{"人物": ["马歇尔"], "概念": [], "方法": [], "理论": [], "组织": [], "书籍": [], "情绪": [], "行为": []}
2025-11-27 19:58:51,401 [INFO] ✅ 关系抽取成功: 共 0 个关系
2025-11-27 19:58:51,401 [INFO]    完整结果:
{"提出": [], "包含": [], "应用": [], "来源": [], "解释": [], "相关": [], "导致": [], "影响": []}
2025-11-27 19:58:51,401 [INFO] 
📊 进度统计:
2025-11-27 19:58:51,401 [INFO]    已处理批次: 243/693 (35.1%)
2025-11-27 19:58:51,401 [INFO]    已处理段落: 1215/3465
2025-11-27 19:58:51,401 [INFO]    成功: 243, 失败: 0
2025-11-27 19:58:51,401 [INFO]    已用时: 35.1 分钟
2025-11-27 19:58:51,401 [INFO]    预计剩余: 65.0 分钟
2025-11-27 19:58:51,401 [INFO]    预计总时间: 100.1 分钟
2025-11-27 19:58:51,401 [INFO] 
================================================================================
2025-11-27 19:58:51,401 [INFO] 处理第 244/693 批 (段落 1216-1220)
2025-11-27 19:58:51,401 [INFO] ================================================================================
2025-11-27 19:58:51,401 [INFO] 📄 本批段落数: 5
2025-11-27 19:58:51,401 [INFO] 📄 合并文本长度: 158 字符
2025-11-27 19:58:51,401 [INFO] 📄 完整文本:
马歇尔：是的，提出清晰的请求是困难的。但是请想一想，如果我们讲

不清楚自己想要什么，别人要回应我们的请求该会有多困难！

来访者：我开始明白，我希望别人做什么来爱我了。不过，我不太好意

马歇尔：是的，这经常是令人尴尬的。那么，你希望我或者他人怎么

来访者：我认真思考了，当我说希望得到爱时，我实际想要的是，即使
2025-11-27 19:58:51,401 [INFO] --------------------------------------------------------------------------------
2025-11-27 19:58:55,520 [INFO] ✅ 实体抽取成功: 共 2 个实体
2025-11-27 19:58:55,520 [INFO]    完整结果:
{"人物": ["马歇尔"], "概念": [], "方法": [], "理论": [], "组织": [], "书籍": [], "情绪": [], "行为": ["提出清晰的请求"]}
2025-11-27 19:58:58,540 [INFO] ✅ 关系抽取成功: 共 0 个关系
2025-11-27 19:58:58,540 [INFO]    完整结果:
{"提出": [], "包含": [], "应用": [], "来源": [], "解释": [], "相关": [], "导致": [], "影响": []}
2025-11-27 19:58:58,540 [INFO] 
📊 进度统计:
2025-11-27 19:58:58,540 [INFO]    已处理批次: 244/693 (35.2%)
2025-11-27 19:58:58,540 [INFO]    已处理段落: 1220/3465
2025-11-27 19:58:58,540 [INFO]    成功: 244, 失败: 0
2025-11-27 19:58:58,540 [INFO]    已用时: 35.2 分钟
2025-11-27 19:58:58,540 [INFO]    预计剩余: 64.8 分钟
2025-11-27 19:58:58,540 [INFO]    预计总时间: 100.0 分钟
2025-11-27 19:58:58,540 [INFO] 
================================================================================
2025-11-27 19:58:58,540 [INFO] 处理第 245/693 批 (段落 1221-1225)
2025-11-27 19:58:58,540 [INFO] ================================================================================
2025-11-27 19:58:58,540 [INFO] 📄 本批段落数: 5
2025-11-27 19:58:58,540 [INFO] 📄 合并文本长度: 157 字符
2025-11-27 19:58:58,540 [INFO] 📄 完整文本:
我还不知道我的需要，你也能猜到我想要什么，并且我希望你一直都这

马歇尔：我很感激你做了澄清，我也希望你已经明白了，找到这样一个

经过这样的对话，许多来访者才发现，他们之所以感到沮丧和压

抑，很大程度上是因为他们不清楚自己希望他人如何来满足自己的需

有的时候，表达清晰的请求也许无需过多言语。例如，你正在厨房
2025-11-27 19:58:58,540 [INFO] --------------------------------------------------------------------------------
2025-11-27 19:59:01,908 [INFO] ✅ 实体抽取成功: 共 2 个实体
2025-11-27 19:59:01,909 [INFO]    完整结果:
{"人物": ["马歇尔"], "概念": [], "方法": [], "理论": [], "组织": [], "书籍": [], "情绪": ["沮丧"], "行为": []}
2025-11-27 19:59:04,762 [INFO] ✅ 关系抽取成功: 共 0 个关系
2025-11-27 19:59:04,762 [INFO]    完整结果:
{"提出": [], "包含": [], "应用": [], "来源": [], "解释": [], "相关": [], "导致": [], "影响": []}
2025-11-27 19:59:04,762 [INFO] 
📊 进度统计:
2025-11-27 19:59:04,762 [INFO]    已处理批次: 245/693 (35.4%)
2025-11-27 19:59:04,762 [INFO]    已处理段落: 1225/3465
2025-11-27 19:59:04,762 [INFO]    成功: 245, 失败: 0
2025-11-27 19:59:04,762 [INFO]    已用时: 35.3 分钟
2025-11-27 19:59:04,762 [INFO]    预计剩余: 64.6 分钟
2025-11-27 19:59:04,762 [INFO]    预计总时间: 99.9 分钟
2025-11-27 19:59:04,762 [INFO] 
================================================================================
2025-11-27 19:59:04,762 [INFO] 处理第 246/693 批 (段落 1226-1230)
2025-11-27 19:59:04,762 [INFO] ================================================================================
2025-11-27 19:59:04,763 [INFO] 📄 本批段落数: 5
2025-11-27 19:59:04,763 [INFO] 📄 合并文本长度: 161 字符
2025-11-27 19:59:04,763 [INFO] 📄 完整文本:
里，在客厅看电视的妹妹喊道：“我口渴。”在这种情况下，多半她在请

但有时，我们在表达自己的不快时，却误以为对方能明白我们想要

什么。例如，一位妻子对丈夫说：“我不是让你在路上带一些黄油和洋

葱回来吗？！你怎么忘记了？！真气人！”也许，妻子的意思是希望丈

夫再去一趟商店买东西，但丈夫却很有可能将太太的话视作对他的指
2025-11-27 19:59:04,763 [INFO] --------------------------------------------------------------------------------
2025-11-27 19:59:08,603 [INFO] ✅ 实体抽取成功: 共 3 个实体
2025-11-27 19:59:08,603 [INFO]    完整结果:
{"人物": [], "概念": [], "方法": [], "理论": [], "组织": [], "书籍": [], "情绪": [], "行为": ["看电视", "请", "忘记"]}
2025-11-27 19:59:11,505 [INFO] ✅ 关系抽取成功: 共 0 个关系
2025-11-27 19:59:11,505 [INFO]    完整结果:
{"提出": [], "包含": [], "应用": [], "来源": [], "解释": [], "相关": [], "导致": [], "影响": []}
2025-11-27 19:59:11,505 [INFO] 
📊 进度统计:
2025-11-27 19:59:11,505 [INFO]    已处理批次: 246/693 (35.5%)
2025-11-27 19:59:11,505 [INFO]    已处理段落: 1230/3465
2025-11-27 19:59:11,505 [INFO]    成功: 246, 失败: 0
2025-11-27 19:59:11,506 [INFO]    已用时: 35.4 分钟
2025-11-27 19:59:11,506 [INFO]    预计剩余: 64.4 分钟
2025-11-27 19:59:11,506 [INFO]    预计总时间: 99.8 分钟
2025-11-27 19:59:11,506 [INFO] 
================================================================================
2025-11-27 19:59:11,506 [INFO] 处理第 247/693 批 (段落 1231-1235)
2025-11-27 19:59:11,506 [INFO] ================================================================================
2025-11-27 19:59:11,506 [INFO] 📄 本批段落数: 5
2025-11-27 19:59:11,506 [INFO] 📄 合并文本长度: 159 字符
2025-11-27 19:59:11,506 [INFO] 📄 完整文本:
责。如果我们只是表达自己的感受，别人可能并不清楚我们想要他们做

更为常见的是，我们对提出什么样的请求缺乏意识。我们和他人说

话或者谈论事情，却并不知道如何开展一场对话。我们只是把自己想说

的话丢给他人，将他人当作垃圾桶。如果他人无法分辨出讲话的人想要

有一次，在达拉斯国际机场航站楼间的小火车上，我坐在一对夫妻
2025-11-27 19:59:11,506 [INFO] --------------------------------------------------------------------------------
2025-11-27 19:59:14,798 [INFO] ✅ 实体抽取成功: 共 2 个实体
2025-11-27 19:59:14,798 [INFO]    完整结果:
{"人物": [], "概念": [], "方法": [], "理论": [], "组织": [], "书籍": [], "情绪": [], "行为": ["表达", "对话"]}
2025-11-27 19:59:17,669 [INFO] ✅ 关系抽取成功: 共 0 个关系
2025-11-27 19:59:17,670 [INFO]    完整结果:
{"提出": [], "包含": [], "应用": [], "来源": [], "解释": [], "相关": [], "导致": [], "影响": []}
2025-11-27 19:59:17,670 [INFO] 
📊 进度统计:
2025-11-27 19:59:17,670 [INFO]    已处理批次: 247/693 (35.6%)
2025-11-27 19:59:17,670 [INFO]    已处理段落: 1235/3465
2025-11-27 19:59:17,670 [INFO]    成功: 247, 失败: 0
2025-11-27 19:59:17,670 [INFO]    已用时: 35.5 分钟
2025-11-27 19:59:17,670 [INFO]    预计剩余: 64.2 分钟
2025-11-27 19:59:17,670 [INFO]    预计总时间: 99.7 分钟
2025-11-27 19:59:17,670 [INFO] 
================================================================================
2025-11-27 19:59:17,670 [INFO] 处理第 248/693 批 (段落 1236-1240)
2025-11-27 19:59:17,670 [INFO] ================================================================================
2025-11-27 19:59:17,670 [INFO] 📄 本批段落数: 5
2025-11-27 19:59:17,670 [INFO] 📄 合并文本长度: 160 字符
2025-11-27 19:59:17,670 [INFO] 📄 完整文本:
对面。由于小火车开得很慢，赶飞机的旅客们可能会感到心烦。只见对

面的那位先生气冲冲地转向妻子说：“我这辈子都没见过开这么慢的火

车！”妻子看起来有点不知所措，什么话也没有说。就像许多人在没有

得到期待的回应时所做的那样，先生重复了一遍刚才的话，并且带着更

为强烈的语气高喊：“我这辈子都没有见过开这么慢的火车！”
2025-11-27 19:59:17,670 [INFO] --------------------------------------------------------------------------------
2025-11-27 19:59:20,970 [INFO] ✅ 实体抽取成功: 共 1 个实体
2025-11-27 19:59:20,970 [INFO]    完整结果:
{"人物": [], "概念": [], "方法": [], "理论": [], "组织": [], "书籍": [], "情绪": ["心烦"], "行为": []}
2025-11-27 19:59:23,932 [INFO] ✅ 关系抽取成功: 共 0 个关系
2025-11-27 19:59:23,932 [INFO]    完整结果:
{"提出": [], "包含": [], "应用": [], "来源": [], "解释": [], "相关": [], "导致": [], "影响": []}
2025-11-27 19:59:23,932 [INFO] 
📊 进度统计:
2025-11-27 19:59:23,933 [INFO]    已处理批次: 248/693 (35.8%)
2025-11-27 19:59:23,933 [INFO]    已处理段落: 1240/3465
2025-11-27 19:59:23,933 [INFO]    成功: 248, 失败: 0
2025-11-27 19:59:23,933 [INFO]    已用时: 35.6 分钟
2025-11-27 19:59:23,933 [INFO]    预计剩余: 64.0 分钟
2025-11-27 19:59:23,933 [INFO]    预计总时间: 99.6 分钟
2025-11-27 19:59:23,933 [INFO] 
================================================================================
2025-11-27 19:59:23,933 [INFO] 处理第 249/693 批 (段落 1241-1245)
2025-11-27 19:59:23,933 [INFO] ================================================================================
2025-11-27 19:59:23,933 [INFO] 📄 本批段落数: 5
2025-11-27 19:59:23,933 [INFO] 📄 合并文本长度: 160 字符
2025-11-27 19:59:23,933 [INFO] 📄 完整文本:
妻子看起来更加茫然不知所措。无可奈何之下，她转向先生，对他

说：“这辆火车的速度是电脑控制的。”我不认为这样的回答会让那位先

生满意。果不其然，他更大声地重复了第三遍：“我这辈子都没见过开

这么慢的火车！”妻子的耐心显然已经殆尽，她恼怒地厉声回应：“那你

想让我怎么做？下去推车吗？”这时，他们双双陷入了痛苦中！
2025-11-27 19:59:23,933 [INFO] --------------------------------------------------------------------------------
2025-11-27 19:59:28,550 [INFO] ✅ 实体抽取成功: 共 3 个实体
2025-11-27 19:59:28,550 [INFO]    完整结果:
{"人物": [], "概念": [], "方法": [], "理论": [], "组织": [], "书籍": [], "情绪": ["茫然", "不知所措", "恼怒"], "行为": []}
2025-11-27 19:59:31,681 [INFO] ✅ 关系抽取成功: 共 0 个关系
2025-11-27 19:59:31,681 [INFO]    完整结果:
{"提出": [], "包含": [], "应用": [], "来源": [], "解释": [], "相关": [], "导致": [], "影响": []}
2025-11-27 19:59:31,681 [INFO] 
📊 进度统计:
2025-11-27 19:59:31,681 [INFO]    已处理批次: 249/693 (35.9%)
2025-11-27 19:59:31,681 [INFO]    已处理段落: 1245/3465
2025-11-27 19:59:31,681 [INFO]    成功: 249, 失败: 0
2025-11-27 19:59:31,681 [INFO]    已用时: 35.8 分钟
2025-11-27 19:59:31,681 [INFO]    预计剩余: 63.8 分钟
2025-11-27 19:59:31,681 [INFO]    预计总时间: 99.6 分钟
2025-11-27 19:59:31,681 [INFO] 
================================================================================
2025-11-27 19:59:31,681 [INFO] 处理第 250/693 批 (段落 1246-1250)
2025-11-27 19:59:31,681 [INFO] ================================================================================
2025-11-27 19:59:31,681 [INFO] 📄 本批段落数: 5
2025-11-27 19:59:31,681 [INFO] 📄 合并文本长度: 151 字符
2025-11-27 19:59:31,681 [INFO] 📄 完整文本:
这个男人希望得到怎样的回应呢？我猜他希望自己的痛苦得到理

解。如果他的妻子能明白这一点，可以这样回应：“你似乎很担心误

机，并且对火车的速度感到不满，希望它能开快一些吧？”而在之前的

对话中，妻子感受到丈夫的不安，却不明白他想要什么。

同样地，如果一个人只提出请求，却没有首先表达感受与需要，也
2025-11-27 19:59:31,681 [INFO] --------------------------------------------------------------------------------
2025-11-27 19:59:34,727 [INFO] ✅ 实体抽取成功: 共 1 个实体
2025-11-27 19:59:34,727 [INFO]    完整结果:
{"人物": [], "概念": [], "方法": [], "理论": [], "组织": [], "书籍": [], "情绪": ["痛苦"], "行为": []}
2025-11-27 19:59:37,596 [INFO] ✅ 关系抽取成功: 共 0 个关系
2025-11-27 19:59:37,596 [INFO]    完整结果:
{"提出": [], "包含": [], "应用": [], "来源": [], "解释": [], "相关": [], "导致": [], "影响": []}
2025-11-27 19:59:37,596 [INFO] 
📊 进度统计:
2025-11-27 19:59:37,596 [INFO]    已处理批次: 250/693 (36.1%)
2025-11-27 19:59:37,596 [INFO]    已处理段落: 1250/3465
2025-11-27 19:59:37,596 [INFO]    成功: 250, 失败: 0
2025-11-27 19:59:37,596 [INFO]    已用时: 35.9 分钟
2025-11-27 19:59:37,596 [INFO]    预计剩余: 63.6 分钟
2025-11-27 19:59:37,596 [INFO]    预计总时间: 99.5 分钟
2025-11-27 19:59:37,597 [INFO] 💾 中间结果已保存: /root/projects/cwy/DeepKE/cwy/src/full_book_results/checkpoint_20251127_192319_batch250.pkl
2025-11-27 19:59:37,597 [INFO] 
================================================================================
2025-11-27 19:59:37,597 [INFO] 处理第 251/693 批 (段落 1251-1255)
2025-11-27 19:59:37,597 [INFO] ================================================================================
2025-11-27 19:59:37,597 [INFO] 📄 本批段落数: 5
2025-11-27 19:59:37,597 [INFO] 📄 合并文本长度: 161 字符
2025-11-27 19:59:37,597 [INFO] 📄 完整文本:
有可能导致交流的困难，尤其是在人们以问话的形式提出请求时。例

如，如果父母问孩子：“你为什么不去理发呢？”这样的请求很容易被孩

子听成要求或指责。对此，父母可以先说出感受和需要：“我们担心你

的头发太长会遮住视线，特别是在骑自行车的时候，你要不要去理个头

更常见的是，人们在说话时并不知道自己到底想要什么。他们可能
2025-11-27 19:59:37,597 [INFO] --------------------------------------------------------------------------------
2025-11-27 19:59:41,244 [INFO] ✅ 实体抽取成功: 共 2 个实体
2025-11-27 19:59:41,244 [INFO]    完整结果:
{"人物": [], "概念": [], "方法": [], "理论": [], "组织": [], "书籍": [], "情绪": [], "行为": ["问话", "提出请求"]}
2025-11-27 19:59:45,648 [INFO] ✅ 关系抽取成功: 共 1 个关系
2025-11-27 19:59:45,648 [INFO]    完整结果:
{"提出": [{"subject": "请求", "object": "形式"}], "包含": [], "应用": [], "来源": [], "解释": [], "相关": [], "导致": [], "影响": []}
2025-11-27 19:59:45,648 [INFO] 
📊 进度统计:
2025-11-27 19:59:45,648 [INFO]    已处理批次: 251/693 (36.2%)
2025-11-27 19:59:45,648 [INFO]    已处理段落: 1255/3465
2025-11-27 19:59:45,648 [INFO]    成功: 251, 失败: 0
2025-11-27 19:59:45,648 [INFO]    已用时: 36.0 分钟
2025-11-27 19:59:45,648 [INFO]    预计剩余: 63.4 分钟
2025-11-27 19:59:45,648 [INFO]    预计总时间: 99.4 分钟
2025-11-27 19:59:45,648 [INFO] 
================================================================================
2025-11-27 19:59:45,648 [INFO] 处理第 252/693 批 (段落 1256-1260)
2025-11-27 19:59:45,649 [INFO] ================================================================================
2025-11-27 19:59:45,649 [INFO] 📄 本批段落数: 5
2025-11-27 19:59:45,649 [INFO] 📄 合并文本长度: 165 字符
2025-11-27 19:59:45,649 [INFO] 📄 完整文本:
会说：“我没有什么请求。”“我只是把我想说的说出来。”但在我看来，

不论我们在对另一个人说什么，都希望他人有所回应。也许，（1）我

们期待对方的理解——就像那位乘火车去机场的丈夫，希望对方能同理

我们，与我们连结。（2）我们也可以请求对方给予我们一些坦诚的回

应，来了解对方对我们的话有什么样的反应。（3）我们还有可能请求
2025-11-27 19:59:45,649 [INFO] --------------------------------------------------------------------------------
2025-11-27 19:59:48,808 [INFO] ✅ 实体抽取成功: 共 1 个实体
2025-11-27 19:59:48,808 [INFO]    完整结果:
{"人物": [], "概念": [], "方法": [], "理论": [], "组织": [], "书籍": [], "情绪": [], "行为": ["请求"]}
2025-11-27 19:59:51,707 [INFO] ✅ 关系抽取成功: 共 0 个关系
2025-11-27 19:59:51,707 [INFO]    完整结果:
{"提出": [], "包含": [], "应用": [], "来源": [], "解释": [], "相关": [], "导致": [], "影响": []}
2025-11-27 19:59:51,707 [INFO] 
📊 进度统计:
2025-11-27 19:59:51,707 [INFO]    已处理批次: 252/693 (36.4%)
2025-11-27 19:59:51,707 [INFO]    已处理段落: 1260/3465
2025-11-27 19:59:51,707 [INFO]    成功: 252, 失败: 0
2025-11-27 19:59:51,707 [INFO]    已用时: 36.1 分钟
2025-11-27 19:59:51,707 [INFO]    预计剩余: 63.2 分钟
2025-11-27 19:59:51,707 [INFO]    预计总时间: 99.3 分钟
2025-11-27 19:59:51,707 [INFO] 
================================================================================
2025-11-27 19:59:51,707 [INFO] 处理第 253/693 批 (段落 1261-1265)
2025-11-27 19:59:51,707 [INFO] ================================================================================
2025-11-27 19:59:51,707 [INFO] 📄 本批段落数: 5
2025-11-27 19:59:51,707 [INFO] 📄 合并文本长度: 162 字符
2025-11-27 19:59:51,707 [INFO] 📄 完整文本:
他人采取某种行动来满足需要。我们越是清楚自己想要什么，就越是能

我们的本意和他人的理解有时可能是两回事。通常我们会在对话中

捕捉线索，来确定他人是否理解了我们的意思。但如果不确定，我们就

需要提出明确的请求，请对方告诉我们他们听到了什么，以便在有误解

的时候做出修正。有时，简单地问一句“这样清楚吗”就够了。但有些时
2025-11-27 19:59:51,707 [INFO] --------------------------------------------------------------------------------
2025-11-27 19:59:54,918 [INFO] ✅ 实体抽取成功: 共 1 个实体
2025-11-27 19:59:54,918 [INFO]    完整结果:
{"人物": [], "概念": [], "方法": [], "理论": [], "组织": [], "书籍": [], "情绪": [], "行为": ["采取某种行动"]}
2025-11-27 19:59:57,807 [INFO] ✅ 关系抽取成功: 共 0 个关系
2025-11-27 19:59:57,808 [INFO]    完整结果:
{"提出": [], "包含": [], "应用": [], "来源": [], "解释": [], "相关": [], "导致": [], "影响": []}
2025-11-27 19:59:57,808 [INFO] 
📊 进度统计:
2025-11-27 19:59:57,808 [INFO]    已处理批次: 253/693 (36.5%)
2025-11-27 19:59:57,808 [INFO]    已处理段落: 1265/3465
2025-11-27 19:59:57,808 [INFO]    成功: 253, 失败: 0
2025-11-27 19:59:57,808 [INFO]    已用时: 36.2 分钟
2025-11-27 19:59:57,808 [INFO]    预计剩余: 63.0 分钟
2025-11-27 19:59:57,808 [INFO]    预计总时间: 99.2 分钟
2025-11-27 19:59:57,808 [INFO] 
================================================================================
2025-11-27 19:59:57,808 [INFO] 处理第 254/693 批 (段落 1266-1270)
2025-11-27 19:59:57,808 [INFO] ================================================================================
2025-11-27 19:59:57,808 [INFO] 📄 本批段落数: 5
2025-11-27 19:59:57,808 [INFO] 📄 合并文本长度: 161 字符
2025-11-27 19:59:57,808 [INFO] 📄 完整文本:
候，即便对方说“是的，我明白了”，我们还是无法确保他们是否真正理

解了我们的意思。这时，我们可以请对方再多回应一些，这样，一旦对

方的理解与我们的意思有所不同或者有所遗漏，我们就有机会做出补

例如，一位老师对她的学生说：“皮特，我昨天批改作业时没有看

到你的作业本。我想和你确认这件事。请你在课后来我办公室一下，好
2025-11-27 19:59:57,808 [INFO] --------------------------------------------------------------------------------
2025-11-27 20:00:00,985 [INFO] ✅ 实体抽取成功: 共 1 个实体
2025-11-27 20:00:00,985 [INFO]    完整结果:
{"人物": ["皮特"], "概念": [], "方法": [], "理论": [], "组织": [], "书籍": [], "情绪": [], "行为": []}
2025-11-27 20:00:03,928 [INFO] ✅ 关系抽取成功: 共 0 个关系
2025-11-27 20:00:03,928 [INFO]    完整结果:
{"提出": [], "包含": [], "应用": [], "来源": [], "解释": [], "相关": [], "导致": [], "影响": []}
2025-11-27 20:00:03,928 [INFO] 
📊 进度统计:
2025-11-27 20:00:03,929 [INFO]    已处理批次: 254/693 (36.7%)
2025-11-27 20:00:03,929 [INFO]    已处理段落: 1270/3465
2025-11-27 20:00:03,929 [INFO]    成功: 254, 失败: 0
2025-11-27 20:00:03,929 [INFO]    已用时: 36.3 分钟
2025-11-27 20:00:03,929 [INFO]    预计剩余: 62.8 分钟
2025-11-27 20:00:03,929 [INFO]    预计总时间: 99.1 分钟
2025-11-27 20:00:03,929 [INFO] 
================================================================================
2025-11-27 20:00:03,929 [INFO] 处理第 255/693 批 (段落 1271-1275)
2025-11-27 20:00:03,929 [INFO] ================================================================================
2025-11-27 20:00:03,929 [INFO] 📄 本批段落数: 5
2025-11-27 20:00:03,929 [INFO] 📄 合并文本长度: 165 字符
2025-11-27 20:00:03,929 [INFO] 📄 完整文本:
吗？”皮特咕哝着说：“好，我知道了。”便转过身准备离开。这位老师

不确定皮特是否准确理解了她的意思，便立即请他重述一次：“可否告

诉我你听到的，我请你做的事情是什么？”皮特回答说：“你让我在课后

留下来，不能去踢足球，因为你对我的作业不满意。”皮特果然没有听

见她要传达的信息，于是她决定重新尝试，并在这一次更加注意自己的
2025-11-27 20:00:03,929 [INFO] --------------------------------------------------------------------------------
2025-11-27 20:00:08,511 [INFO] ✅ 实体抽取成功: 共 3 个实体
2025-11-27 20:00:08,511 [INFO]    完整结果:
{"人物": ["皮特"], "概念": [], "方法": [], "理论": [], "组织": [], "书籍": [], "情绪": [], "行为": ["咕哝着", "离开"]}
2025-11-27 20:00:11,849 [INFO] ✅ 关系抽取成功: 共 0 个关系
2025-11-27 20:00:11,849 [INFO]    完整结果:
{"提出": [], "包含": [], "应用": [], "来源": [], "解释": [], "相关": [], "导致": [], "影响": []}
2025-11-27 20:00:11,849 [INFO] 
📊 进度统计:
2025-11-27 20:00:11,849 [INFO]    已处理批次: 255/693 (36.8%)
2025-11-27 20:00:11,849 [INFO]    已处理段落: 1275/3465
2025-11-27 20:00:11,849 [INFO]    成功: 255, 失败: 0
2025-11-27 20:00:11,849 [INFO]    已用时: 36.4 分钟
2025-11-27 20:00:11,849 [INFO]    预计剩余: 62.6 分钟
2025-11-27 20:00:11,849 [INFO]    预计总时间: 99.1 分钟
2025-11-27 20:00:11,849 [INFO] 
================================================================================
2025-11-27 20:00:11,849 [INFO] 处理第 256/693 批 (段落 1276-1280)
2025-11-27 20:00:11,849 [INFO] ================================================================================
2025-11-27 20:00:11,849 [INFO] 📄 本批段落数: 5
2025-11-27 20:00:11,849 [INFO] 📄 合并文本长度: 162 字符
2025-11-27 20:00:11,849 [INFO] 📄 完整文本:
诸如“你没有听明白我的话”“这不是我的意思”“你误会了”这样的判

断，很容易被他人视为指责。因为皮特很坦率地回应了她，这位老师先

向他表达了谢意。她说：“谢谢你告诉我你听到我说了什么，我想我说

刚开始尝试请他人重述我们的话时，可能会觉得有点不自然。因为

在日常交流中，我们很少会提出这样的请求。当我强调请他人重述我们
2025-11-27 20:00:11,849 [INFO] --------------------------------------------------------------------------------
2025-11-27 20:00:15,882 [INFO] ✅ 实体抽取成功: 共 3 个实体
2025-11-27 20:00:15,882 [INFO]    完整结果:
{"人物": ["皮特"], "概念": [], "方法": [], "理论": [], "组织": [], "书籍": [], "情绪": [], "行为": ["感谢", "重述"]}
2025-11-27 20:00:18,845 [INFO] ✅ 关系抽取成功: 共 0 个关系
2025-11-27 20:00:18,845 [INFO]    完整结果:
{"提出": [], "包含": [], "应用": [], "来源": [], "解释": [], "相关": [], "导致": [], "影响": []}
2025-11-27 20:00:18,845 [INFO] 
📊 进度统计:
2025-11-27 20:00:18,845 [INFO]    已处理批次: 256/693 (36.9%)
2025-11-27 20:00:18,845 [INFO]    已处理段落: 1280/3465
2025-11-27 20:00:18,845 [INFO]    成功: 256, 失败: 0
2025-11-27 20:00:18,845 [INFO]    已用时: 36.6 分钟
2025-11-27 20:00:18,845 [INFO]    预计剩余: 62.4 分钟
2025-11-27 20:00:18,845 [INFO]    预计总时间: 99.0 分钟
2025-11-27 20:00:18,845 [INFO] 
================================================================================
2025-11-27 20:00:18,845 [INFO] 处理第 257/693 批 (段落 1281-1285)
2025-11-27 20:00:18,845 [INFO] ================================================================================
2025-11-27 20:00:18,845 [INFO] 📄 本批段落数: 5
2025-11-27 20:00:18,846 [INFO] 📄 合并文本长度: 165 字符
2025-11-27 20:00:18,846 [INFO] 📄 完整文本:
的话是一种重要的能力时，人们通常担心有人会这样反应：“你觉得我

是聋子吗？”“别跟我玩心理学的那一套！”为了避免这样的反应发生，

我们可以先向他人解释这样做的原因，清楚表明这不是在测试他们的聆

听能力，而是核实我们是否已经清晰地表达了自己的意思。然而，如果

对方说“我听到你说什么了！我又不是傻瓜！”我们依然可以继续体会对
2025-11-27 20:00:18,846 [INFO] --------------------------------------------------------------------------------
2025-11-27 20:00:22,256 [INFO] ✅ 实体抽取成功: 共 2 个实体
2025-11-27 20:00:22,256 [INFO]    完整结果:
{"人物": [], "概念": [], "方法": [], "理论": [], "组织": [], "书籍": [], "情绪": [], "行为": ["担心", "反应"]}
2025-11-27 20:00:25,226 [INFO] ✅ 关系抽取成功: 共 0 个关系
2025-11-27 20:00:25,226 [INFO]    完整结果:
{"提出": [], "包含": [], "应用": [], "来源": [], "解释": [], "相关": [], "导致": [], "影响": []}
2025-11-27 20:00:25,226 [INFO] 
📊 进度统计:
2025-11-27 20:00:25,226 [INFO]    已处理批次: 257/693 (37.1%)
2025-11-27 20:00:25,226 [INFO]    已处理段落: 1285/3465
2025-11-27 20:00:25,226 [INFO]    成功: 257, 失败: 0
2025-11-27 20:00:25,226 [INFO]    已用时: 36.7 分钟
2025-11-27 20:00:25,226 [INFO]    预计剩余: 62.2 分钟
2025-11-27 20:00:25,226 [INFO]    预计总时间: 98.9 分钟
2025-11-27 20:00:25,226 [INFO] 
================================================================================
2025-11-27 20:00:25,226 [INFO] 处理第 258/693 批 (段落 1286-1290)
2025-11-27 20:00:25,226 [INFO] ================================================================================
2025-11-27 20:00:25,226 [INFO] 📄 本批段落数: 5
2025-11-27 20:00:25,226 [INFO] 📄 合并文本长度: 152 字符
2025-11-27 20:00:25,226 [INFO] 📄 完整文本:
方的感受和需要，并选择用言语来询问：“你有些生气吗？因为你希望

在诚实表达了自己并确认对方已经明白后，我们多半会很想了解对

方的反应。请求他人给予诚实表达大致可以分为三个方面：

有时我们想要了解对方听到我们的话有什么感受以及产生这些感受

的原因。一种可能的请求方式是：“听到我说这些，你的感受是什
2025-11-27 20:00:25,227 [INFO] --------------------------------------------------------------------------------
2025-11-27 20:00:28,552 [INFO] ✅ 实体抽取成功: 共 2 个实体
2025-11-27 20:00:28,553 [INFO]    完整结果:
{"人物": [], "概念": [], "方法": [], "理论": [], "组织": [], "书籍": [], "情绪": ["生气"], "行为": ["请求"]}
2025-11-27 20:00:31,565 [INFO] ✅ 关系抽取成功: 共 0 个关系
2025-11-27 20:00:31,565 [INFO]    完整结果:
{"提出": [], "包含": [], "应用": [], "来源": [], "解释": [], "相关": [], "导致": [], "影响": []}
2025-11-27 20:00:31,565 [INFO] 
📊 进度统计:
2025-11-27 20:00:31,565 [INFO]    已处理批次: 258/693 (37.2%)
2025-11-27 20:00:31,565 [INFO]    已处理段落: 1290/3465
2025-11-27 20:00:31,565 [INFO]    成功: 258, 失败: 0
2025-11-27 20:00:31,565 [INFO]    已用时: 36.8 分钟
2025-11-27 20:00:31,565 [INFO]    预计剩余: 62.0 分钟
2025-11-27 20:00:31,565 [INFO]    预计总时间: 98.8 分钟
2025-11-27 20:00:31,565 [INFO] 
================================================================================
2025-11-27 20:00:31,565 [INFO] 处理第 259/693 批 (段落 1291-1295)
2025-11-27 20:00:31,565 [INFO] ================================================================================
2025-11-27 20:00:31,565 [INFO] 📄 本批段落数: 5
2025-11-27 20:00:31,565 [INFO] 📄 合并文本长度: 152 字符
2025-11-27 20:00:31,565 [INFO] 📄 完整文本:
么？”然后，我们可以进一步问：“为什么有这种感受呢？”

有时，我们想了解对方在听了我们的话之后有什么想法。这时，重

要的是说清楚我们想听的是哪方面的想法。例如，可以问对方：“我想

请你谈谈我的提案是否可行。如果不太可行，你认为有哪些阻碍因

素？”如果我们只是宽泛简单地问：“你对这个提案的想法是什
2025-11-27 20:00:31,565 [INFO] --------------------------------------------------------------------------------
2025-11-27 20:00:34,751 [INFO] ✅ 实体抽取成功: 共 1 个实体
2025-11-27 20:00:34,751 [INFO]    完整结果:
{"人物": [], "概念": [], "方法": [], "理论": [], "组织": [], "书籍": [], "情绪": [], "行为": ["问"]}
2025-11-27 20:00:37,701 [INFO] ✅ 关系抽取成功: 共 0 个关系
2025-11-27 20:00:37,701 [INFO]    完整结果:
{"提出": [], "包含": [], "应用": [], "来源": [], "解释": [], "相关": [], "导致": [], "影响": []}
2025-11-27 20:00:37,701 [INFO] 
📊 进度统计:
2025-11-27 20:00:37,701 [INFO]    已处理批次: 259/693 (37.4%)
2025-11-27 20:00:37,701 [INFO]    已处理段落: 1295/3465
2025-11-27 20:00:37,701 [INFO]    成功: 259, 失败: 0
2025-11-27 20:00:37,701 [INFO]    已用时: 36.9 分钟
2025-11-27 20:00:37,701 [INFO]    预计剩余: 61.8 分钟
2025-11-27 20:00:37,701 [INFO]    预计总时间: 98.7 分钟
2025-11-27 20:00:37,701 [INFO] 
================================================================================
2025-11-27 20:00:37,701 [INFO] 处理第 260/693 批 (段落 1296-1300)
2025-11-27 20:00:37,701 [INFO] ================================================================================
2025-11-27 20:00:37,701 [INFO] 📄 本批段落数: 5
2025-11-27 20:00:37,701 [INFO] 📄 合并文本长度: 152 字符
2025-11-27 20:00:37,701 [INFO] 📄 完整文本:
么？”而不是具体说明想要哪方面的回答，对方也许会长篇大论，说的

还有些时候，我们想要知道对方是否愿意采纳我们的提议。我们可

以问：“我想知道，你是否同意将我们的会议推迟一周？”

在使用非暴力沟通时，我们需要清楚自己希望对方给予什么样的回

在团体中发言时，更要说清楚我们希望得到什么样的回应，否则对
2025-11-27 20:00:37,701 [INFO] --------------------------------------------------------------------------------
2025-11-27 20:00:41,187 [INFO] ✅ 实体抽取成功: 共 2 个实体
2025-11-27 20:00:41,187 [INFO]    完整结果:
{"人物": [], "概念": [], "方法": ["非暴力沟通"], "理论": [], "组织": [], "书籍": [], "情绪": [], "行为": ["发言"]}
2025-11-27 20:00:45,733 [INFO] ✅ 关系抽取成功: 共 1 个关系
2025-11-27 20:00:45,733 [INFO]    完整结果:
{"提出": [], "包含": [], "应用": [{"subject": "非暴力沟通", "object": "团体中发言"}], "来源": [], "解释": [], "相关": [], "导致": [], "影响": []}
2025-11-27 20:00:45,733 [INFO] 
📊 进度统计:
2025-11-27 20:00:45,733 [INFO]    已处理批次: 260/693 (37.5%)
2025-11-27 20:00:45,733 [INFO]    已处理段落: 1300/3465
2025-11-27 20:00:45,733 [INFO]    成功: 260, 失败: 0
2025-11-27 20:00:45,733 [INFO]    已用时: 37.0 分钟
2025-11-27 20:00:45,733 [INFO]    预计剩余: 61.6 分钟
2025-11-27 20:00:45,733 [INFO]    预计总时间: 98.7 分钟
2025-11-27 20:00:45,733 [INFO] 
================================================================================
2025-11-27 20:00:45,734 [INFO] 处理第 261/693 批 (段落 1301-1305)
2025-11-27 20:00:45,734 [INFO] ================================================================================
2025-11-27 20:00:45,734 [INFO] 📄 本批段落数: 5
2025-11-27 20:00:45,734 [INFO] 📄 合并文本长度: 156 字符
2025-11-27 20:00:45,734 [INFO] 📄 完整文本:
话很可能不着边际、徒劳无功，也无法满足任何人的需要。

我经常受邀与关心种族歧视问题的团体一起工作。这些群体时常面

临会议冗长又毫无成效的问题。为了参加会议，参与者们时常要将有限

的精力用来安排行程、托人照顾孩子，没有成效的会议对他们来说代价

高昂。许多人因为会议太浪费时间而退出了团体。此外，他们所追寻的
2025-11-27 20:00:45,734 [INFO] --------------------------------------------------------------------------------
2025-11-27 20:00:49,112 [INFO] ✅ 实体抽取成功: 共 1 个实体
2025-11-27 20:00:49,112 [INFO]    完整结果:
{"人物": [], "概念": [], "方法": [], "理论": [], "组织": [], "书籍": [], "情绪": [], "行为": ["退出了团体"]}
2025-11-27 20:00:52,144 [INFO] ✅ 关系抽取成功: 共 0 个关系
2025-11-27 20:00:52,144 [INFO]    完整结果:
{"提出": [], "包含": [], "应用": [], "来源": [], "解释": [], "相关": [], "导致": [], "影响": []}
2025-11-27 20:00:52,144 [INFO] 
📊 进度统计:
2025-11-27 20:00:52,144 [INFO]    已处理批次: 261/693 (37.7%)
2025-11-27 20:00:52,144 [INFO]    已处理段落: 1305/3465
2025-11-27 20:00:52,144 [INFO]    成功: 261, 失败: 0
2025-11-27 20:00:52,144 [INFO]    已用时: 37.1 分钟
2025-11-27 20:00:52,144 [INFO]    预计剩余: 61.4 分钟
2025-11-27 20:00:52,144 [INFO]    预计总时间: 98.6 分钟
2025-11-27 20:00:52,144 [INFO] 
================================================================================
2025-11-27 20:00:52,144 [INFO] 处理第 262/693 批 (段落 1306-1310)
2025-11-27 20:00:52,144 [INFO] ================================================================================
2025-11-27 20:00:52,144 [INFO] 📄 本批段落数: 5
2025-11-27 20:00:52,144 [INFO] 📄 合并文本长度: 153 字符
2025-11-27 20:00:52,144 [INFO] 📄 完整文本:
机构变革也不如想象中快速和顺利。因而，使会议变得富有成效对他们

有一个团体致力于推动当地的学校改革，他们认为学生们遭受来自

学校的多方面的种族歧视。由于他们的集体会议缺乏效率，成员相继离

开。我受邀前去旁听他们的会议。我提议他们按照往常的方式开会，而

我会适时告诉他们何时使用非暴力沟通来获得帮助。
2025-11-27 20:00:52,144 [INFO] --------------------------------------------------------------------------------
2025-11-27 20:00:55,813 [INFO] ✅ 实体抽取成功: 共 2 个实体
2025-11-27 20:00:55,813 [INFO]    完整结果:
{"人物": [], "概念": ["种族歧视"], "方法": ["非暴力沟通"], "理论": [], "组织": [], "书籍": [], "情绪": [], "行为": []}
2025-11-27 20:00:58,855 [INFO] ✅ 关系抽取成功: 共 0 个关系
2025-11-27 20:00:58,856 [INFO]    完整结果:
{"提出": [], "包含": [], "应用": [], "来源": [], "解释": [], "相关": [], "导致": [], "影响": []}
2025-11-27 20:00:58,856 [INFO] 
📊 进度统计:
2025-11-27 20:00:58,856 [INFO]    已处理批次: 262/693 (37.8%)
2025-11-27 20:00:58,856 [INFO]    已处理段落: 1310/3465
2025-11-27 20:00:58,856 [INFO]    成功: 262, 失败: 0
2025-11-27 20:00:58,856 [INFO]    已用时: 37.2 分钟
2025-11-27 20:00:58,856 [INFO]    预计剩余: 61.2 分钟
2025-11-27 20:00:58,856 [INFO]    预计总时间: 98.5 分钟
2025-11-27 20:00:58,856 [INFO] 
================================================================================
2025-11-27 20:00:58,856 [INFO] 处理第 263/693 批 (段落 1311-1315)
2025-11-27 20:00:58,856 [INFO] ================================================================================
2025-11-27 20:00:58,856 [INFO] 📄 本批段落数: 5
2025-11-27 20:00:58,856 [INFO] 📄 合并文本长度: 162 字符
2025-11-27 20:00:58,856 [INFO] 📄 完整文本:
会议一开始，一位男士请大家关注一则最近的新闻，其中报道了一

位少数族裔的妇女抱怨女儿在学校受到来自校方的不公正待遇。一位女

士随即分享了当年她在同一所学校就读时的个人经历。紧接着，其他人

开始分享类似的经历。20分钟后，我询问与会人员，目前的讨论是否能

满足他们的需要。没有一个人的回答是肯定的。一位男士甚至气冲冲地
2025-11-27 20:00:58,856 [INFO] --------------------------------------------------------------------------------
2025-11-27 20:01:02,313 [INFO] ✅ 实体抽取成功: 共 2 个实体
2025-11-27 20:01:02,314 [INFO]    完整结果:
{"人物": [], "概念": [], "方法": [], "理论": [], "组织": [], "书籍": [], "情绪": [], "行为": ["分享", "询问"]}
2025-11-27 20:01:05,328 [INFO] ✅ 关系抽取成功: 共 0 个关系
2025-11-27 20:01:05,328 [INFO]    完整结果:
{"提出": [], "包含": [], "应用": [], "来源": [], "解释": [], "相关": [], "导致": [], "影响": []}
2025-11-27 20:01:05,328 [INFO] 
📊 进度统计:
2025-11-27 20:01:05,329 [INFO]    已处理批次: 263/693 (38.0%)
2025-11-27 20:01:05,329 [INFO]    已处理段落: 1315/3465
2025-11-27 20:01:05,329 [INFO]    成功: 263, 失败: 0
2025-11-27 20:01:05,329 [INFO]    已用时: 37.3 分钟
2025-11-27 20:01:05,329 [INFO]    预计剩余: 61.0 分钟
2025-11-27 20:01:05,329 [INFO]    预计总时间: 98.4 分钟
2025-11-27 20:01:05,329 [INFO] 
================================================================================
2025-11-27 20:01:05,329 [INFO] 处理第 264/693 批 (段落 1316-1320)
2025-11-27 20:01:05,329 [INFO] ================================================================================
2025-11-27 20:01:05,329 [INFO] 📄 本批段落数: 5
2025-11-27 20:01:05,329 [INFO] 📄 合并文本长度: 153 字符
2025-11-27 20:01:05,329 [INFO] 📄 完整文本:
说：“每次开会都是这样！与其坐在这里听这些老生常谈，真不如去干

于是我询问发起讨论的那位男士，“你提到那篇文章，是希望得到

他回答：“我认为这篇文章很有意思。”我向他解释：我想知道的并

非他对这篇文章的看法，而是他想从其他人那里获得怎样的回应。他想

了一会儿，然后承认：“我不确定我想要的是什么。”
2025-11-27 20:01:05,329 [INFO] --------------------------------------------------------------------------------
2025-11-27 20:01:08,879 [INFO] ✅ 实体抽取成功: 共 2 个实体
2025-11-27 20:01:08,879 [INFO]    完整结果:
{"人物": [], "概念": [], "方法": [], "理论": [], "组织": [], "书籍": [], "情绪": [], "行为": ["开会", "讨论"]}
2025-11-27 20:01:11,893 [INFO] ✅ 关系抽取成功: 共 0 个关系
2025-11-27 20:01:11,894 [INFO]    完整结果:
{"提出": [], "包含": [], "应用": [], "来源": [], "解释": [], "相关": [], "导致": [], "影响": []}
2025-11-27 20:01:11,894 [INFO] 
📊 进度统计:
2025-11-27 20:01:11,894 [INFO]    已处理批次: 264/693 (38.1%)
2025-11-27 20:01:11,894 [INFO]    已处理段落: 1320/3465
2025-11-27 20:01:11,894 [INFO]    成功: 264, 失败: 0
2025-11-27 20:01:11,894 [INFO]    已用时: 37.4 分钟
2025-11-27 20:01:11,894 [INFO]    预计剩余: 60.9 分钟
2025-11-27 20:01:11,894 [INFO]    预计总时间: 98.3 分钟
2025-11-27 20:01:11,894 [INFO] 
================================================================================
2025-11-27 20:01:11,894 [INFO] 处理第 265/693 批 (段落 1321-1325)
2025-11-27 20:01:11,894 [INFO] ================================================================================
2025-11-27 20:01:11,894 [INFO] 📄 本批段落数: 5
2025-11-27 20:01:11,894 [INFO] 📄 合并文本长度: 162 字符
2025-11-27 20:01:11,894 [INFO] 📄 完整文本:
我想，这就是他们浪费了会议前20分钟的原因。如果我们在集体讨

论时漫无目的地发言，这样的会议很可能毫无成效。然而，只要有一个

人意识到这一点，就可以提醒其他成员有效地展开讨论。例如，在那位

男士没有说明他希望得到怎样的回应时，只要有人说：“我不清楚你希

望我们给你什么样的回应，可以请你告诉我们吗？”这样的提醒也许就
2025-11-27 20:01:11,894 [INFO] --------------------------------------------------------------------------------
2025-11-27 20:01:15,457 [INFO] ✅ 实体抽取成功: 共 2 个实体
2025-11-27 20:01:15,457 [INFO]    完整结果:
{"人物": [], "概念": [], "方法": [], "理论": [], "组织": [], "书籍": [], "情绪": [], "行为": ["提醒", "展开讨论"]}
2025-11-27 20:01:18,496 [INFO] ✅ 关系抽取成功: 共 0 个关系
2025-11-27 20:01:18,497 [INFO]    完整结果:
{"提出": [], "包含": [], "应用": [], "来源": [], "解释": [], "相关": [], "导致": [], "影响": []}
2025-11-27 20:01:18,497 [INFO] 
📊 进度统计:
2025-11-27 20:01:18,497 [INFO]    已处理批次: 265/693 (38.2%)
2025-11-27 20:01:18,497 [INFO]    已处理段落: 1325/3465
2025-11-27 20:01:18,497 [INFO]    成功: 265, 失败: 0
2025-11-27 20:01:18,497 [INFO]    已用时: 37.6 分钟
2025-11-27 20:01:18,497 [INFO]    预计剩余: 60.7 分钟
2025-11-27 20:01:18,497 [INFO]    预计总时间: 98.2 分钟
2025-11-27 20:01:18,497 [INFO] 
================================================================================
2025-11-27 20:01:18,497 [INFO] 处理第 266/693 批 (段落 1326-1330)
2025-11-27 20:01:18,497 [INFO] ================================================================================
2025-11-27 20:01:18,497 [INFO] 📄 本批段落数: 5
2025-11-27 20:01:18,497 [INFO] 📄 合并文本长度: 164 字符
2025-11-27 20:01:18,497 [INFO] 📄 完整文本:
团体会议时，如果话题的发起人不清楚自己想要什么，讨论就会漫

无目的地拖延下去，却又无法满足任何人的需要。在印度，当某个话题

的发起人获得了想要的回应，他们会说“bas”（发音同“巴斯”），意思

是“谢谢你的回应，我很满意，我准备好了谈论下一个话题”。尽管我们

的语言中没有这样的词，但我们可以在交流中培养和鼓励这种意识。
2025-11-27 20:01:18,497 [INFO] --------------------------------------------------------------------------------
2025-11-27 20:01:21,760 [INFO] ✅ 实体抽取成功: 共 1 个实体
2025-11-27 20:01:21,760 [INFO]    完整结果:
{"人物": [], "概念": [], "方法": [], "理论": [], "组织": [], "书籍": [], "情绪": [], "行为": ["讨论"]}
2025-11-27 20:01:27,948 [INFO] ✅ 关系抽取成功: 共 1 个关系
2025-11-27 20:01:27,948 [INFO]    完整结果:
{"提出": [], "包含": [], "应用": [], "来源": [], "解释": [{"subject": "bas", "object": "谢谢你的回应，我很满意，我准备好了谈论下一个话题"}], "相关": [], "导致": [], "影响": []}
2025-11-27 20:01:27,949 [INFO] 
📊 进度统计:
2025-11-27 20:01:27,949 [INFO]    已处理批次: 266/693 (38.4%)
2025-11-27 20:01:27,949 [INFO]    已处理段落: 1330/3465
2025-11-27 20:01:27,949 [INFO]    成功: 266, 失败: 0
2025-11-27 20:01:27,949 [INFO]    已用时: 37.7 分钟
2025-11-27 20:01:27,949 [INFO]    预计剩余: 60.5 分钟
2025-11-27 20:01:27,949 [INFO]    预计总时间: 98.3 分钟
2025-11-27 20:01:27,949 [INFO] 
================================================================================
2025-11-27 20:01:27,949 [INFO] 处理第 267/693 批 (段落 1331-1335)
2025-11-27 20:01:27,949 [INFO] ================================================================================
2025-11-27 20:01:27,949 [INFO] 📄 本批段落数: 5
2025-11-27 20:01:27,949 [INFO] 📄 合并文本长度: 161 字符
2025-11-27 20:01:27,949 [INFO] 📄 完整文本:
如果人们因为没答应我们的请求而受到责罚，他们就会将我们

的“请求”视为“要求”。在听见要求时，一个人通常只能看到两种选择：

屈服或者反抗。无论如何，只要人们认为我们在强迫他们，就很难友善

让我们看看一种情况下的两个版本。杰克对他的朋友珍妮说：“我

感到很孤单，你今晚能来陪我吗？”这是“请求”还是“要求”呢？现在还
2025-11-27 20:01:27,949 [INFO] --------------------------------------------------------------------------------
2025-11-27 20:01:31,819 [INFO] ✅ 实体抽取成功: 共 3 个实体
2025-11-27 20:01:31,819 [INFO]    完整结果:
{"人物": ["杰克", "珍妮"], "概念": [], "方法": [], "理论": [], "组织": [], "书籍": [], "情绪": [], "行为": ["反抗"]}
2025-11-27 20:01:34,864 [INFO] ✅ 关系抽取成功: 共 0 个关系
2025-11-27 20:01:34,864 [INFO]    完整结果:
{"提出": [], "包含": [], "应用": [], "来源": [], "解释": [], "相关": [], "导致": [], "影响": []}
2025-11-27 20:01:34,864 [INFO] 
📊 进度统计:
2025-11-27 20:01:34,865 [INFO]    已处理批次: 267/693 (38.5%)
2025-11-27 20:01:34,865 [INFO]    已处理段落: 1335/3465
2025-11-27 20:01:34,865 [INFO]    成功: 267, 失败: 0
2025-11-27 20:01:34,865 [INFO]    已用时: 37.8 分钟
2025-11-27 20:01:34,865 [INFO]    预计剩余: 60.4 分钟
2025-11-27 20:01:34,865 [INFO]    预计总时间: 98.2 分钟
2025-11-27 20:01:34,865 [INFO] 
================================================================================
2025-11-27 20:01:34,865 [INFO] 处理第 268/693 批 (段落 1336-1340)
2025-11-27 20:01:34,865 [INFO] ================================================================================
2025-11-27 20:01:34,865 [INFO] 📄 本批段落数: 5
2025-11-27 20:01:34,865 [INFO] 📄 合并文本长度: 156 字符
2025-11-27 20:01:34,865 [INFO] 📄 完整文本:
不好说。只有看到杰克在珍妮没有同意后的反应，我们才能做出判断。

假如她回答说：“杰克，我今天很累，如果你想今晚有人陪你，可以找

其他人吗？”如果杰克的回应是：“你就是这样自私！”那么，他提出的

其实是一个“要求”而非“请求”。他没有同理倾听珍妮想要休息的需要，

杰克：我感到很孤单，希望今晚你能来陪陪我。
2025-11-27 20:01:34,865 [INFO] --------------------------------------------------------------------------------
2025-11-27 20:01:38,756 [INFO] ✅ 实体抽取成功: 共 3 个实体
2025-11-27 20:01:38,756 [INFO]    完整结果:
{"人物": ["杰克", "珍妮"], "概念": [], "方法": [], "理论": [], "组织": [], "书籍": [], "情绪": ["孤单"], "行为": []}
2025-11-27 20:01:41,831 [INFO] ✅ 关系抽取成功: 共 0 个关系
2025-11-27 20:01:41,832 [INFO]    完整结果:
{"提出": [], "包含": [], "应用": [], "来源": [], "解释": [], "相关": [], "导致": [], "影响": []}
2025-11-27 20:01:41,832 [INFO] 
📊 进度统计:
2025-11-27 20:01:41,832 [INFO]    已处理批次: 268/693 (38.7%)
2025-11-27 20:01:41,832 [INFO]    已处理段落: 1340/3465
2025-11-27 20:01:41,832 [INFO]    成功: 268, 失败: 0
2025-11-27 20:01:41,832 [INFO]    已用时: 37.9 分钟
2025-11-27 20:01:41,832 [INFO]    预计剩余: 60.2 分钟
2025-11-27 20:01:41,832 [INFO]    预计总时间: 98.1 分钟
2025-11-27 20:01:41,832 [INFO] 
================================================================================
2025-11-27 20:01:41,832 [INFO] 处理第 269/693 批 (段落 1341-1345)
2025-11-27 20:01:41,832 [INFO] ================================================================================
2025-11-27 20:01:41,832 [INFO] 📄 本批段落数: 5
2025-11-27 20:01:41,832 [INFO] 📄 合并文本长度: 152 字符
2025-11-27 20:01:41,832 [INFO] 📄 完整文本:
珍妮：杰克，我今天很累，如果你想今晚有人陪你，可以找其他人吗？

珍妮感受到杰克的难过，就问他：你是不是有些难过？

杰克：你知道我有多么孤单吗？！你要是真的爱我，晚上就会留下来陪

同样地，杰克没有体会珍妮的需要，而是认为珍妮不爱他、拒绝了

他。我们越是将对方的不应允诠释为拒绝，他人就越有可能将我们
2025-11-27 20:01:41,832 [INFO] --------------------------------------------------------------------------------
2025-11-27 20:01:45,638 [INFO] ✅ 实体抽取成功: 共 3 个实体
2025-11-27 20:01:45,639 [INFO]    完整结果:
{"人物": ["珍妮", "杰克"], "概念": [], "方法": [], "理论": [], "组织": [], "书籍": [], "情绪": ["难过"], "行为": []}
2025-11-27 20:01:48,708 [INFO] ✅ 关系抽取成功: 共 0 个关系
2025-11-27 20:01:48,709 [INFO]    完整结果:
{"提出": [], "包含": [], "应用": [], "来源": [], "解释": [], "相关": [], "导致": [], "影响": []}
2025-11-27 20:01:48,709 [INFO] 
📊 进度统计:
2025-11-27 20:01:48,709 [INFO]    已处理批次: 269/693 (38.8%)
2025-11-27 20:01:48,709 [INFO]    已处理段落: 1345/3465
2025-11-27 20:01:48,709 [INFO]    成功: 269, 失败: 0
2025-11-27 20:01:48,709 [INFO]    已用时: 38.1 分钟
2025-11-27 20:01:48,709 [INFO]    预计剩余: 60.0 分钟
2025-11-27 20:01:48,709 [INFO]    预计总时间: 98.1 分钟
2025-11-27 20:01:48,709 [INFO] 
================================================================================
2025-11-27 20:01:48,709 [INFO] 处理第 270/693 批 (段落 1346-1350)
2025-11-27 20:01:48,709 [INFO] ================================================================================
2025-11-27 20:01:48,709 [INFO] 📄 本批段落数: 5
2025-11-27 20:01:48,709 [INFO] 📄 合并文本长度: 162 字符
2025-11-27 20:01:48,709 [INFO] 📄 完整文本:
的“请求”视为“要求”。人们听见的要求越多，就越不喜欢与我们相处，

反之，如果杰克理解并且尊重珍妮的感受和需要，对她说：“珍

妮，你的意思是你已经很累了，今晚需要休息？”那么他表达的就是真

如果希望他人相信我们所提出的是“请求”而非“要求”，我们可以向

他人表明希望他们出于自愿来回应请求。例如，我们可以说：“你是否
2025-11-27 20:01:48,709 [INFO] --------------------------------------------------------------------------------
2025-11-27 20:01:52,563 [INFO] ✅ 实体抽取成功: 共 3 个实体
2025-11-27 20:01:52,563 [INFO]    完整结果:
{"人物": ["杰克", "珍妮"], "概念": [], "方法": [], "理论": [], "组织": [], "书籍": [], "情绪": [], "行为": ["尊重"]}
2025-11-27 20:01:55,671 [INFO] ✅ 关系抽取成功: 共 0 个关系
2025-11-27 20:01:55,671 [INFO]    完整结果:
{"提出": [], "包含": [], "应用": [], "来源": [], "解释": [], "相关": [], "导致": [], "影响": []}
2025-11-27 20:01:55,671 [INFO] 
📊 进度统计:
2025-11-27 20:01:55,671 [INFO]    已处理批次: 270/693 (39.0%)
2025-11-27 20:01:55,671 [INFO]    已处理段落: 1350/3465
2025-11-27 20:01:55,671 [INFO]    成功: 270, 失败: 0
2025-11-27 20:01:55,671 [INFO]    已用时: 38.2 分钟
2025-11-27 20:01:55,671 [INFO]    预计剩余: 59.8 分钟
2025-11-27 20:01:55,671 [INFO]    预计总时间: 98.0 分钟
2025-11-27 20:01:55,671 [INFO] 
================================================================================
2025-11-27 20:01:55,671 [INFO] 处理第 271/693 批 (段落 1351-1355)
2025-11-27 20:01:55,671 [INFO] ================================================================================
2025-11-27 20:01:55,671 [INFO] 📄 本批段落数: 5
2025-11-27 20:01:55,671 [INFO] 📄 合并文本长度: 157 字符
2025-11-27 20:01:55,671 [INFO] 📄 完整文本:
愿意铺一下桌子？”而不是：“我想要你铺一下桌子。”总之，要让他人

明白我们提出的是真正的请求，最重要的沟通方式是即便在他人拒绝时

同时，我们选择“请求”而非“要求”，并不意味着在他人说“不”时，

我们就只能放弃自己的诉求。选择请求意味着，我们首先同理他人为什

么没有说“是”，而不是要说服他们必须答应我们。
2025-11-27 20:01:55,671 [INFO] --------------------------------------------------------------------------------
2025-11-27 20:01:59,407 [INFO] ✅ 实体抽取成功: 共 2 个实体
2025-11-27 20:01:59,407 [INFO]    完整结果:
{"人物": [], "概念": [], "方法": ["沟通方式"], "理论": [], "组织": [], "书籍": [], "情绪": [], "行为": ["铺一下桌子"]}
2025-11-27 20:02:02,448 [INFO] ✅ 关系抽取成功: 共 0 个关系
2025-11-27 20:02:02,449 [INFO]    完整结果:
{"提出": [], "包含": [], "应用": [], "来源": [], "解释": [], "相关": [], "导致": [], "影响": []}
2025-11-27 20:02:02,449 [INFO] 
📊 进度统计:
2025-11-27 20:02:02,449 [INFO]    已处理批次: 271/693 (39.1%)
2025-11-27 20:02:02,449 [INFO]    已处理段落: 1355/3465
2025-11-27 20:02:02,449 [INFO]    成功: 271, 失败: 0
2025-11-27 20:02:02,449 [INFO]    已用时: 38.3 分钟
2025-11-27 20:02:02,449 [INFO]    预计剩余: 59.6 分钟
2025-11-27 20:02:02,449 [INFO]    预计总时间: 97.9 分钟
2025-11-27 20:02:02,449 [INFO] 
================================================================================
2025-11-27 20:02:02,449 [INFO] 处理第 272/693 批 (段落 1356-1360)
2025-11-27 20:02:02,449 [INFO] ================================================================================
2025-11-27 20:02:02,449 [INFO] 📄 本批段落数: 5
2025-11-27 20:02:02,449 [INFO] 📄 合并文本长度: 161 字符
2025-11-27 20:02:02,449 [INFO] 📄 完整文本:
要表达真正的请求，我们还需要知道请求的目的是什么。如果只是

为了改变他人来寻求自己的利益，那么，非暴力沟通并不是一个适当的

工具。使用非暴力沟通时，我们希望他人的改变和回应是出于自愿和善

意。非暴力沟通的意图是，建立一种基于坦诚与同理心的关系。只有当

他人相信我们将彼此的关系放在首位并致力于满足彼此的需要时，人们
2025-11-27 20:02:02,449 [INFO] --------------------------------------------------------------------------------
2025-11-27 20:02:06,988 [INFO] ✅ 实体抽取成功: 共 4 个实体
2025-11-27 20:02:06,988 [INFO]    完整结果:
{"人物": [], "概念": ["非暴力沟通", "坦诚", "同理心"], "方法": [], "理论": [], "组织": [], "书籍": [], "情绪": [], "行为": ["改变他人"]}
2025-11-27 20:02:12,606 [INFO] ✅ 关系抽取成功: 共 1 个关系
2025-11-27 20:02:12,606 [INFO]    完整结果:
{"提出": [], "包含": [], "应用": [], "来源": [], "解释": [{"subject": "非暴力沟通", "object": "建立一种基于坦诚与同理心的关系"}], "相关": [], "导致": [], "影响": []}
2025-11-27 20:02:12,606 [INFO] 
📊 进度统计:
2025-11-27 20:02:12,606 [INFO]    已处理批次: 272/693 (39.2%)
2025-11-27 20:02:12,606 [INFO]    已处理段落: 1360/3465
2025-11-27 20:02:12,606 [INFO]    成功: 272, 失败: 0
2025-11-27 20:02:12,606 [INFO]    已用时: 38.5 分钟
2025-11-27 20:02:12,606 [INFO]    预计剩余: 59.5 分钟
2025-11-27 20:02:12,606 [INFO]    预计总时间: 98.0 分钟
2025-11-27 20:02:12,607 [INFO] 
================================================================================
2025-11-27 20:02:12,607 [INFO] 处理第 273/693 批 (段落 1361-1365)
2025-11-27 20:02:12,607 [INFO] ================================================================================
2025-11-27 20:02:12,607 [INFO] 📄 本批段落数: 5
2025-11-27 20:02:12,607 [INFO] 📄 合并文本长度: 156 字符
2025-11-27 20:02:12,607 [INFO] 📄 完整文本:
才能够相信我们所提出的是真正的“请求”，而非伪装的“要求”。

然而，在沟通中对意图保持觉知是不容易的，尤其是父母、教师、

管理人员，还有那些在工作中以影响和改变他人为目标的人们。有位母

亲在一次工作坊的午间休息时对我说：“马歇尔，我回家后试过了非暴

力沟通，但没什么用。”于是，我请她描述一下她做了什么。
2025-11-27 20:02:12,607 [INFO] --------------------------------------------------------------------------------
2025-11-27 20:02:16,919 [INFO] ✅ 实体抽取成功: 共 2 个实体
2025-11-27 20:02:16,919 [INFO]    完整结果:
{"人物": ["马歇尔"], "概念": [], "方法": [], "理论": [], "组织": [], "书籍": [], "情绪": [], "行为": ["影响和改变他人"]}
2025-11-27 20:02:20,077 [INFO] ✅ 关系抽取成功: 共 0 个关系
2025-11-27 20:02:20,078 [INFO]    完整结果:
{"提出": [], "包含": [], "应用": [], "来源": [], "解释": [], "相关": [], "导致": [], "影响": []}
2025-11-27 20:02:20,078 [INFO] 
📊 进度统计:
2025-11-27 20:02:20,078 [INFO]    已处理批次: 273/693 (39.4%)
2025-11-27 20:02:20,078 [INFO]    已处理段落: 1365/3465
2025-11-27 20:02:20,078 [INFO]    成功: 273, 失败: 0
2025-11-27 20:02:20,078 [INFO]    已用时: 38.6 分钟
2025-11-27 20:02:20,078 [INFO]    预计剩余: 59.4 分钟
2025-11-27 20:02:20,078 [INFO]    预计总时间: 97.9 分钟
2025-11-27 20:02:20,078 [INFO] 
================================================================================
2025-11-27 20:02:20,078 [INFO] 处理第 274/693 批 (段落 1366-1370)
2025-11-27 20:02:20,078 [INFO] ================================================================================
2025-11-27 20:02:20,078 [INFO] 📄 本批段落数: 5
2025-11-27 20:02:20,078 [INFO] 📄 合并文本长度: 150 字符
2025-11-27 20:02:20,078 [INFO] 📄 完整文本:
她说：“就像我们上午练习的那样，回家后我向儿子表达了我的感

受和需要，既没有责备也没有评判他。我只是说：‘你看，当我看到你

没有做你答应要做的家务活，我很失望。我希望回家后看到家里是整洁

的。’接着我提出了一个请求，希望他立刻去打扫。”

“听上去你很清晰地表达了非暴力沟通的四个要素。”我回答
2025-11-27 20:02:20,078 [INFO] --------------------------------------------------------------------------------
2025-11-27 20:02:24,079 [INFO] ✅ 实体抽取成功: 共 3 个实体
2025-11-27 20:02:24,079 [INFO]    完整结果:
{"人物": [], "概念": ["非暴力沟通"], "方法": [], "理论": [], "组织": [], "书籍": [], "情绪": [], "行为": ["表达", "请求"]}
2025-11-27 20:02:29,022 [INFO] ✅ 关系抽取成功: 共 1 个关系
2025-11-27 20:02:29,022 [INFO]    完整结果:
{"提出": [], "包含": [], "应用": [], "来源": [], "解释": [{"subject": "非暴力沟通", "object": "四个要素"}], "相关": [], "导致": [], "影响": []}
2025-11-27 20:02:29,022 [INFO] 
📊 进度统计:
2025-11-27 20:02:29,023 [INFO]    已处理批次: 274/693 (39.5%)
2025-11-27 20:02:29,023 [INFO]    已处理段落: 1370/3465
2025-11-27 20:02:29,023 [INFO]    成功: 274, 失败: 0
2025-11-27 20:02:29,023 [INFO]    已用时: 38.7 分钟
2025-11-27 20:02:29,023 [INFO]    预计剩余: 59.2 分钟
2025-11-27 20:02:29,023 [INFO]    预计总时间: 98.0 分钟
2025-11-27 20:02:29,023 [INFO] 
================================================================================
2025-11-27 20:02:29,023 [INFO] 处理第 275/693 批 (段落 1371-1375)
2025-11-27 20:02:29,023 [INFO] ================================================================================
2025-11-27 20:02:29,023 [INFO] 📄 本批段落数: 5
2025-11-27 20:02:29,023 [INFO] 📄 合并文本长度: 154 字符
2025-11-27 20:02:29,023 [INFO] 📄 完整文本:
“我对他说，他不能一辈子都这样懒惰和不负责任！”

我注意到，这位女士还无法区分“请求”和“要求”的不同。在她看

来，使用非暴力沟通是否成功，取决于她的“请求”是否能得到满足。我

们在刚开始学习非暴力沟通时，或许会发现自己只是在机械地使用它的

有些时候，即使我们带着非暴力沟通的意图和关爱提出请求，有些
2025-11-27 20:02:29,023 [INFO] --------------------------------------------------------------------------------
2025-11-27 20:02:33,083 [INFO] ✅ 实体抽取成功: 共 3 个实体
2025-11-27 20:02:33,083 [INFO]    完整结果:
{"人物": [], "概念": [], "方法": ["非暴力沟通"], "理论": [], "组织": [], "书籍": [], "情绪": [], "行为": ["懒惰", "不负责任"]}
2025-11-27 20:02:36,187 [INFO] ✅ 关系抽取成功: 共 0 个关系
2025-11-27 20:02:36,187 [INFO]    完整结果:
{"提出": [], "包含": [], "应用": [], "来源": [], "解释": [], "相关": [], "导致": [], "影响": []}
2025-11-27 20:02:36,187 [INFO] 
📊 进度统计:
2025-11-27 20:02:36,187 [INFO]    已处理批次: 275/693 (39.7%)
2025-11-27 20:02:36,187 [INFO]    已处理段落: 1375/3465
2025-11-27 20:02:36,187 [INFO]    成功: 275, 失败: 0
2025-11-27 20:02:36,187 [INFO]    已用时: 38.9 分钟
2025-11-27 20:02:36,188 [INFO]    预计剩余: 59.1 分钟
2025-11-27 20:02:36,188 [INFO]    预计总时间: 97.9 分钟
2025-11-27 20:02:36,188 [INFO] 
================================================================================
2025-11-27 20:02:36,188 [INFO] 处理第 276/693 批 (段落 1376-1380)
2025-11-27 20:02:36,188 [INFO] ================================================================================
2025-11-27 20:02:36,188 [INFO] 📄 本批段落数: 5
2025-11-27 20:02:36,188 [INFO] 📄 合并文本长度: 162 字符
2025-11-27 20:02:36,188 [INFO] 📄 完整文本:
人仍然会把它看成要求。特别当我们处于在权力上强势的一方，而对方

一次，一所高中的管理团队邀请我向教师们示范，如何运用非暴力

沟通与那些不配合的学生沟通。在校方的安排下，我和40来位被视

为“社交与情绪不良”的学生会面。令我印象深刻的是，这些学生被贴上

了这样的标签后，果然就表现出了“社交与情绪不良”行为。试想，如果
2025-11-27 20:02:36,188 [INFO] --------------------------------------------------------------------------------
2025-11-27 20:02:42,055 [INFO] ✅ 实体抽取成功: 共 3 个实体
2025-11-27 20:02:42,055 [INFO]    完整结果:
{"人物": [], "概念": [], "方法": ["非暴力\n\n沟通"], "理论": [], "组织": [], "书籍": [], "情绪": ["社交与情绪不良"], "行为": ["社交与情绪不良”行为"]}
2025-11-27 20:02:47,160 [INFO] ✅ 关系抽取成功: 共 1 个关系
2025-11-27 20:02:47,160 [INFO]    完整结果:
{"提出": [], "包含": [], "应用": [{"subject": "非暴力", "object": "沟通"}], "来源": [], "解释": [], "相关": [], "导致": [], "影响": []}
2025-11-27 20:02:47,160 [INFO] 
📊 进度统计:
2025-11-27 20:02:47,160 [INFO]    已处理批次: 276/693 (39.8%)
2025-11-27 20:02:47,160 [INFO]    已处理段落: 1380/3465
2025-11-27 20:02:47,160 [INFO]    成功: 276, 失败: 0
2025-11-27 20:02:47,160 [INFO]    已用时: 39.0 分钟
2025-11-27 20:02:47,160 [INFO]    预计剩余: 59.0 分钟
2025-11-27 20:02:47,160 [INFO]    预计总时间: 98.0 分钟
2025-11-27 20:02:47,160 [INFO] 
================================================================================
2025-11-27 20:02:47,161 [INFO] 处理第 277/693 批 (段落 1381-1385)
2025-11-27 20:02:47,161 [INFO] ================================================================================
2025-11-27 20:02:47,161 [INFO] 📄 本批段落数: 5
2025-11-27 20:02:47,161 [INFO] 📄 合并文本长度: 156 字符
2025-11-27 20:02:47,161 [INFO] 📄 完整文本:
你被贴上了如此标签，那岂不是说不遵守学校规矩是正常的吗？！我们

给他人贴上标签反而造就了那些让我们烦恼的行为，而这些行为又进一

步确认着我们对他们的判断。所以，当我走进教室，看到大部分的学生

围在窗边对着楼下的同学大声骂脏话时，我并不感到意外。

我首先向他们提出了一个请求：“请你们回到教室里坐好，好让我
2025-11-27 20:02:47,161 [INFO] --------------------------------------------------------------------------------
2025-11-27 20:02:50,542 [INFO] ✅ 实体抽取成功: 共 1 个实体
2025-11-27 20:02:50,542 [INFO]    完整结果:
{"人物": [], "概念": [], "方法": [], "理论": [], "组织": [], "书籍": [], "情绪": [], "行为": ["骂脏话"]}
2025-11-27 20:02:53,637 [INFO] ✅ 关系抽取成功: 共 0 个关系
2025-11-27 20:02:53,637 [INFO]    完整结果:
{"提出": [], "包含": [], "应用": [], "来源": [], "解释": [], "相关": [], "导致": [], "影响": []}
2025-11-27 20:02:53,637 [INFO] 
📊 进度统计:
2025-11-27 20:02:53,637 [INFO]    已处理批次: 277/693 (40.0%)
2025-11-27 20:02:53,637 [INFO]    已处理段落: 1385/3465
2025-11-27 20:02:53,637 [INFO]    成功: 277, 失败: 0
2025-11-27 20:02:53,637 [INFO]    已用时: 39.1 分钟
2025-11-27 20:02:53,637 [INFO]    预计剩余: 58.8 分钟
2025-11-27 20:02:53,637 [INFO]    预计总时间: 97.9 分钟
2025-11-27 20:02:53,637 [INFO] 
================================================================================
2025-11-27 20:02:53,637 [INFO] 处理第 278/693 批 (段落 1386-1390)
2025-11-27 20:02:53,637 [INFO] ================================================================================
2025-11-27 20:02:53,637 [INFO] 📄 本批段落数: 5
2025-11-27 20:02:53,637 [INFO] 📄 合并文本长度: 160 字符
2025-11-27 20:02:53,637 [INFO] 📄 完整文本:
能介绍我自己和我们今天要做的事情。”大概有一半的学生回到了教室

里。我不确定是否所有人都听清了我的请求，于是我又重复了一遍。这

时，其他的学生都回到了座位，除了两位男生还靠在窗边，他们是这个

“请问，”我对他们说，“你们两位有谁可以告诉我，听到我说了什

么呢？”其中一位转过身，不耐烦地说道：“你说我们必须回来坐
2025-11-27 20:02:53,637 [INFO] --------------------------------------------------------------------------------
2025-11-27 20:02:58,400 [INFO] ✅ 实体抽取成功: 共 4 个实体
2025-11-27 20:02:58,400 [INFO]    完整结果:
{"人物": [], "概念": [], "方法": [], "理论": [], "组织": [], "书籍": [], "情绪": [], "行为": ["介绍", "听清", "重复", "回来坐"]}
2025-11-27 20:03:01,516 [INFO] ✅ 关系抽取成功: 共 0 个关系
2025-11-27 20:03:01,516 [INFO]    完整结果:
{"提出": [], "包含": [], "应用": [], "来源": [], "解释": [], "相关": [], "导致": [], "影响": []}
2025-11-27 20:03:01,516 [INFO] 
📊 进度统计:
2025-11-27 20:03:01,516 [INFO]    已处理批次: 278/693 (40.1%)
2025-11-27 20:03:01,516 [INFO]    已处理段落: 1390/3465
2025-11-27 20:03:01,516 [INFO]    成功: 278, 失败: 0
2025-11-27 20:03:01,516 [INFO]    已用时: 39.3 分钟
2025-11-27 20:03:01,516 [INFO]    预计剩余: 58.6 分钟
2025-11-27 20:03:01,516 [INFO]    预计总时间: 97.9 分钟
2025-11-27 20:03:01,516 [INFO] 
================================================================================
2025-11-27 20:03:01,516 [INFO] 处理第 279/693 批 (段落 1391-1395)
2025-11-27 20:03:01,516 [INFO] ================================================================================
2025-11-27 20:03:01,516 [INFO] 📄 本批段落数: 5
2025-11-27 20:03:01,516 [INFO] 📄 合并文本长度: 151 字符
2025-11-27 20:03:01,516 [INFO] 📄 完整文本:
下。”这让我明白了，他把我的请求听成了要求。

我接着说：“先生！”我已经学会了管那些强壮魁梧的人叫“先生”，

特别是其中一位身上还刺着纹身的时候更要这样。“你是否愿意告诉

我，我怎样表达能让你明白这是我的愿望， 而不是在对你发号施令

“什么？”他显然早已习惯将权威人物的话当成命令，我这样不同的
2025-11-27 20:03:01,516 [INFO] --------------------------------------------------------------------------------
2025-11-27 20:03:04,897 [INFO] ✅ 实体抽取成功: 共 1 个实体
2025-11-27 20:03:04,897 [INFO]    完整结果:
{"人物": [], "概念": [], "方法": [], "理论": [], "组织": [], "书籍": [], "情绪": [], "行为": ["听成"]}
2025-11-27 20:03:08,000 [INFO] ✅ 关系抽取成功: 共 0 个关系
2025-11-27 20:03:08,000 [INFO]    完整结果:
{"提出": [], "包含": [], "应用": [], "来源": [], "解释": [], "相关": [], "导致": [], "影响": []}
2025-11-27 20:03:08,000 [INFO] 
📊 进度统计:
2025-11-27 20:03:08,001 [INFO]    已处理批次: 279/693 (40.3%)
2025-11-27 20:03:08,001 [INFO]    已处理段落: 1395/3465
2025-11-27 20:03:08,001 [INFO]    成功: 279, 失败: 0
2025-11-27 20:03:08,001 [INFO]    已用时: 39.4 分钟
2025-11-27 20:03:08,001 [INFO]    预计剩余: 58.4 分钟
2025-11-27 20:03:08,001 [INFO]    预计总时间: 97.8 分钟
2025-11-27 20:03:08,001 [INFO] 
================================================================================
2025-11-27 20:03:08,001 [INFO] 处理第 280/693 批 (段落 1396-1400)
2025-11-27 20:03:08,001 [INFO] ================================================================================
2025-11-27 20:03:08,001 [INFO] 📄 本批段落数: 5
2025-11-27 20:03:08,001 [INFO] 📄 合并文本长度: 161 字符
2025-11-27 20:03:08,001 [INFO] 📄 完整文本:
表达，对他是不寻常的。于是我重复了我的话：“怎样才能让你知道我

希望你做什么，而不会让你认为我在发号施令呢？”他想了想，然后耸

“现在我们两人之间的对话，正是我今天想和你们讨论的话题。我

相信，人们如果可以说出自己的愿望，但又不对他人发号施令，人与人

之间可以相处得更加愉快。我说出我的愿望，并不是要求你非做不可；
2025-11-27 20:03:08,001 [INFO] --------------------------------------------------------------------------------
2025-11-27 20:03:12,090 [INFO] ✅ 实体抽取成功: 共 2 个实体
2025-11-27 20:03:12,091 [INFO]    完整结果:
{"人物": [], "概念": [], "方法": [], "理论": [], "组织": [], "书籍": [], "情绪": [], "行为": ["表达", "发号施令"]}
2025-11-27 20:03:15,213 [INFO] ✅ 关系抽取成功: 共 0 个关系
2025-11-27 20:03:15,213 [INFO]    完整结果:
{"提出": [], "包含": [], "应用": [], "来源": [], "解释": [], "相关": [], "导致": [], "影响": []}
2025-11-27 20:03:15,213 [INFO] 
📊 进度统计:
2025-11-27 20:03:15,213 [INFO]    已处理批次: 280/693 (40.4%)
2025-11-27 20:03:15,213 [INFO]    已处理段落: 1400/3465
2025-11-27 20:03:15,213 [INFO]    成功: 280, 失败: 0
2025-11-27 20:03:15,213 [INFO]    已用时: 39.5 分钟
2025-11-27 20:03:15,213 [INFO]    预计剩余: 58.3 分钟
2025-11-27 20:03:15,213 [INFO]    预计总时间: 97.8 分钟
2025-11-27 20:03:15,213 [INFO] 
================================================================================
2025-11-27 20:03:15,213 [INFO] 处理第 281/693 批 (段落 1401-1405)
2025-11-27 20:03:15,214 [INFO] ================================================================================
2025-11-27 20:03:15,214 [INFO] 📄 本批段落数: 5
2025-11-27 20:03:15,214 [INFO] 📄 合并文本长度: 156 字符
2025-11-27 20:03:15,214 [INFO] 📄 完整文本:
也不是如果你不做，就要让你的日子难过。我不知道，如何表达才能让

你信任这一点。”这番话似乎触动了这位年轻男子，他与伙伴慢慢走回

了座位，我也感到松了口气。在类似的情况下，有的时候我们需要花一

些时间让人们了解我们提出的是“请求”而不是“要求”。

在提出请求时，我们不妨仔细观察一下自己是否带着这样一些不假
2025-11-27 20:03:15,214 [INFO] --------------------------------------------------------------------------------
2025-11-27 20:03:18,531 [INFO] ✅ 实体抽取成功: 共 1 个实体
2025-11-27 20:03:18,532 [INFO]    完整结果:
{"人物": [], "概念": [], "方法": [], "理论": [], "组织": [], "书籍": [], "情绪": [], "行为": ["表达"]}
2025-11-27 20:03:21,683 [INFO] ✅ 关系抽取成功: 共 0 个关系
2025-11-27 20:03:21,683 [INFO]    完整结果:
{"提出": [], "包含": [], "应用": [], "来源": [], "解释": [], "相关": [], "导致": [], "影响": []}
2025-11-27 20:03:21,683 [INFO] 
📊 进度统计:
2025-11-27 20:03:21,683 [INFO]    已处理批次: 281/693 (40.5%)
2025-11-27 20:03:21,683 [INFO]    已处理段落: 1405/3465
2025-11-27 20:03:21,683 [INFO]    成功: 281, 失败: 0
2025-11-27 20:03:21,683 [INFO]    已用时: 39.6 分钟
2025-11-27 20:03:21,683 [INFO]    预计剩余: 58.1 分钟
2025-11-27 20:03:21,683 [INFO]    预计总时间: 97.7 分钟
2025-11-27 20:03:21,683 [INFO] 
================================================================================
2025-11-27 20:03:21,683 [INFO] 处理第 282/693 批 (段落 1406-1410)
2025-11-27 20:03:21,683 [INFO] ================================================================================
2025-11-27 20:03:21,683 [INFO] 📄 本批段落数: 5
2025-11-27 20:03:21,683 [INFO] 📄 合并文本长度: 160 字符
2025-11-27 20:03:21,683 [INFO] 📄 完整文本:
思索的想法。如果有，那么我所提出的“请求”就会变成“要求”：

如果以这样的想法来表达需要，一旦别人没有满足我们的请求，我

们势必会指责他们。有一次，我的小儿子布拉特没有倒垃圾，我就有了

类似自以为是的想法。之前我们在讨论家务分工时，他认领了清理垃圾

的工作，但后来我们还是每天为此产生口角。为了让他去倒垃圾，我一
2025-11-27 20:03:21,683 [INFO] --------------------------------------------------------------------------------
2025-11-27 20:03:25,375 [INFO] ✅ 实体抽取成功: 共 2 个实体
2025-11-27 20:03:25,376 [INFO]    完整结果:
{"人物": ["布拉特"], "概念": [], "方法": [], "理论": [], "组织": [], "书籍": [], "情绪": [], "行为": ["倒垃圾"]}
2025-11-27 20:03:28,466 [INFO] ✅ 关系抽取成功: 共 0 个关系
2025-11-27 20:03:28,466 [INFO]    完整结果:
{"提出": [], "包含": [], "应用": [], "来源": [], "解释": [], "相关": [], "导致": [], "影响": []}
2025-11-27 20:03:28,466 [INFO] 
📊 进度统计:
2025-11-27 20:03:28,466 [INFO]    已处理批次: 282/693 (40.7%)
2025-11-27 20:03:28,466 [INFO]    已处理段落: 1410/3465
2025-11-27 20:03:28,466 [INFO]    成功: 282, 失败: 0
2025-11-27 20:03:28,466 [INFO]    已用时: 39.7 分钟
2025-11-27 20:03:28,466 [INFO]    预计剩余: 57.9 分钟
2025-11-27 20:03:28,466 [INFO]    预计总时间: 97.6 分钟
2025-11-27 20:03:28,466 [INFO] 
================================================================================
2025-11-27 20:03:28,466 [INFO] 处理第 283/693 批 (段落 1411-1415)
2025-11-27 20:03:28,466 [INFO] ================================================================================
2025-11-27 20:03:28,466 [INFO] 📄 本批段落数: 5
2025-11-27 20:03:28,466 [INFO] 📄 合并文本长度: 150 字符
2025-11-27 20:03:28,466 [INFO] 📄 完整文本:
再地提醒他：“这是你的活儿。”或是“我们每个人都有自己的任务。”

后来有一天晚上，我和他又针对这件事做了一番交流，这一次，我

仔细聆听，终于听到了他不愿倒垃圾行为背后的心声。于是，我写下了

就算你大喊、大怒、抱怨、叹息，甚至要揍我，

当布拉特感受到了我已经理解并尊重他的立场后，他开始主动倒垃
2025-11-27 20:03:28,466 [INFO] --------------------------------------------------------------------------------
2025-11-27 20:03:34,556 [INFO] ✅ 实体抽取成功: 共 7 个实体
2025-11-27 20:03:34,557 [INFO]    完整结果:
{"人物": ["布拉特"], "概念": [], "方法": [], "理论": [], "组织": [], "书籍": [], "情绪": [], "行为": ["不愿倒垃圾", "大喊", "大怒", "抱怨", "叹息", "揍"]}
2025-11-27 20:03:37,657 [INFO] ✅ 关系抽取成功: 共 0 个关系
2025-11-27 20:03:37,657 [INFO]    完整结果:
{"提出": [], "包含": [], "应用": [], "来源": [], "解释": [], "相关": [], "导致": [], "影响": []}
2025-11-27 20:03:37,657 [INFO] 
📊 进度统计:
2025-11-27 20:03:37,658 [INFO]    已处理批次: 283/693 (40.8%)
2025-11-27 20:03:37,658 [INFO]    已处理段落: 1415/3465
2025-11-27 20:03:37,658 [INFO]    成功: 283, 失败: 0
2025-11-27 20:03:37,658 [INFO]    已用时: 39.9 分钟
2025-11-27 20:03:37,658 [INFO]    预计剩余: 57.8 分钟
2025-11-27 20:03:37,658 [INFO]    预计总时间: 97.7 分钟
2025-11-27 20:03:37,658 [INFO] 
================================================================================
2025-11-27 20:03:37,658 [INFO] 处理第 284/693 批 (段落 1416-1420)
2025-11-27 20:03:37,658 [INFO] ================================================================================
2025-11-27 20:03:37,658 [INFO] 📄 本批段落数: 5
2025-11-27 20:03:37,658 [INFO] 📄 合并文本长度: 158 字符
2025-11-27 20:03:37,658 [INFO] 📄 完整文本:
非暴力沟通的第四个要素是提出请求，以便让我们的生命更加丰

盈。在提出请求时，我们要尽力避免模糊、抽象或模棱两可的语言，说

在开口时，我们越是把想要得到的回应表达清楚，就越有可能得到

这样的回应。由于我们所表达的信息与别人的理解有可能不一致，我们

需要学习去发现对方是否已经准确无误地接收到了我们的信息。特别是
2025-11-27 20:03:37,658 [INFO] --------------------------------------------------------------------------------
2025-11-27 20:03:41,402 [INFO] ✅ 实体抽取成功: 共 2 个实体
2025-11-27 20:03:41,402 [INFO]    完整结果:
{"人物": [], "概念": [], "方法": ["非暴力沟通"], "理论": [], "组织": [], "书籍": [], "情绪": [], "行为": ["提出请求"]}
2025-11-27 20:03:46,209 [INFO] ✅ 关系抽取成功: 共 1 个关系
2025-11-27 20:03:46,209 [INFO]    完整结果:
{"提出": [{"subject": "非暴力沟通", "object": "提出请求"}], "包含": [], "应用": [], "来源": [], "解释": [], "相关": [], "导致": [], "影响": []}
2025-11-27 20:03:46,209 [INFO] 
📊 进度统计:
2025-11-27 20:03:46,209 [INFO]    已处理批次: 284/693 (41.0%)
2025-11-27 20:03:46,209 [INFO]    已处理段落: 1420/3465
2025-11-27 20:03:46,209 [INFO]    成功: 284, 失败: 0
2025-11-27 20:03:46,209 [INFO]    已用时: 40.0 分钟
2025-11-27 20:03:46,209 [INFO]    预计剩余: 57.6 分钟
2025-11-27 20:03:46,209 [INFO]    预计总时间: 97.7 分钟
2025-11-27 20:03:46,210 [INFO] 
================================================================================
2025-11-27 20:03:46,210 [INFO] 处理第 285/693 批 (段落 1421-1425)
2025-11-27 20:03:46,210 [INFO] ================================================================================
2025-11-27 20:03:46,210 [INFO] 📄 本批段落数: 5
2025-11-27 20:03:46,210 [INFO] 📄 合并文本长度: 164 字符
2025-11-27 20:03:46,210 [INFO] 📄 完整文本:
在团体讨论中，更需要清楚知道和说明我们想要的回应。否则，讨论可

一旦人们认为不答应我们的请求就会受到责罚，“请求”就成了“要

求”。为了让人们信任我们所提出的是“请求”而非“要求”，可以清楚地

表明我们希望人们出于自愿来满足请求。非暴力沟通的意图不是为了改

变他人来满足自己，而是帮助双方建立坦诚和有同理心的关系，最终每
2025-11-27 20:03:46,210 [INFO] --------------------------------------------------------------------------------
2025-11-27 20:03:49,746 [INFO] ✅ 实体抽取成功: 共 1 个实体
2025-11-27 20:03:49,746 [INFO]    完整结果:
{"人物": [], "概念": ["非暴力沟通"], "方法": [], "理论": [], "组织": [], "书籍": [], "情绪": [], "行为": []}
2025-11-27 20:03:52,906 [INFO] ✅ 关系抽取成功: 共 0 个关系
2025-11-27 20:03:52,906 [INFO]    完整结果:
{"提出": [], "包含": [], "应用": [], "来源": [], "解释": [], "相关": [], "导致": [], "影响": []}
2025-11-27 20:03:52,906 [INFO] 
📊 进度统计:
2025-11-27 20:03:52,906 [INFO]    已处理批次: 285/693 (41.1%)
2025-11-27 20:03:52,906 [INFO]    已处理段落: 1425/3465
2025-11-27 20:03:52,906 [INFO]    成功: 285, 失败: 0
2025-11-27 20:03:52,906 [INFO]    已用时: 40.1 分钟
2025-11-27 20:03:52,906 [INFO]    预计剩余: 57.5 分钟
2025-11-27 20:03:52,906 [INFO]    预计总时间: 97.6 分钟
2025-11-27 20:03:52,906 [INFO] 
================================================================================
2025-11-27 20:03:52,906 [INFO] 处理第 286/693 批 (段落 1426-1430)
2025-11-27 20:03:52,906 [INFO] ================================================================================
2025-11-27 20:03:52,906 [INFO] 📄 本批段落数: 5
2025-11-27 20:03:52,906 [INFO] 📄 合并文本长度: 150 字符
2025-11-27 20:03:52,906 [INFO] 📄 完整文本:
阿尔与博尔特是30多年的好朋友。博尔特每天要抽两包烟，多年

来，不抽烟的阿尔想尽一切办法劝说博尔特戒烟。而每当阿尔尝试这么

过去一年来，眼见博尔特咳嗽得越来越厉害，有一天，阿尔终于忍

不住将所有埋在心里的怒气和忧虑告诉了博尔特。

阿 尔：博尔特，我知道这件事情我们已经说过无数次了。可是我还是
2025-11-27 20:03:52,906 [INFO] --------------------------------------------------------------------------------
2025-11-27 20:03:58,185 [INFO] ✅ 实体抽取成功: 共 5 个实体
2025-11-27 20:03:58,185 [INFO]    完整结果:
{"人物": ["阿尔", "博尔特"], "概念": [], "方法": [], "理论": [], "组织": [], "书籍": [], "情绪": ["怒气", "忧虑"], "行为": ["抽烟"]}
2025-11-27 20:04:01,447 [INFO] ✅ 关系抽取成功: 共 0 个关系
2025-11-27 20:04:01,447 [INFO]    完整结果:
{"提出": [], "包含": [], "应用": [], "来源": [], "解释": [], "相关": [], "导致": [], "影响": []}
2025-11-27 20:04:01,447 [INFO] 
📊 进度统计:
2025-11-27 20:04:01,447 [INFO]    已处理批次: 286/693 (41.3%)
2025-11-27 20:04:01,447 [INFO]    已处理段落: 1430/3465
2025-11-27 20:04:01,447 [INFO]    成功: 286, 失败: 0
2025-11-27 20:04:01,447 [INFO]    已用时: 40.3 分钟
2025-11-27 20:04:01,447 [INFO]    预计剩余: 57.3 分钟
2025-11-27 20:04:01,447 [INFO]    预计总时间: 97.6 分钟
2025-11-27 20:04:01,447 [INFO] 
================================================================================
2025-11-27 20:04:01,447 [INFO] 处理第 287/693 批 (段落 1431-1435)
2025-11-27 20:04:01,448 [INFO] ================================================================================
2025-11-27 20:04:01,448 [INFO] 📄 本批段落数: 5
2025-11-27 20:04:01,448 [INFO] 📄 合并文本长度: 158 字符
2025-11-27 20:04:01,448 [INFO] 📄 完整文本:
想告诉你，我害怕那该死的香烟会送了你的性命！你是我最好的朋友，

我希望你能与我一起活着，越久越好。请不要认为我又在指责你，我真

博尔特：我知道你在担心我。我们是那么多年的朋友了……

阿 尔：（聆听博尔特做不到背后的感受与需要）想到戒烟，你害怕自

博尔特：是的……你知道我已经尝试了好多次，但都没有成功……大家
2025-11-27 20:04:01,448 [INFO] --------------------------------------------------------------------------------
2025-11-27 20:04:06,174 [INFO] ✅ 实体抽取成功: 共 3 个实体
2025-11-27 20:04:06,174 [INFO]    完整结果:
{"人物": ["博尔特", "阿 尔"], "概念": [], "方法": [], "理论": [], "组织": [], "书籍": [], "情绪": [], "行为": ["戒烟"]}
2025-11-27 20:04:09,419 [INFO] ✅ 关系抽取成功: 共 0 个关系
2025-11-27 20:04:09,419 [INFO]    完整结果:
{"提出": [], "包含": [], "应用": [], "来源": [], "解释": [], "相关": [], "导致": [], "影响": []}
2025-11-27 20:04:09,419 [INFO] 
📊 进度统计:
2025-11-27 20:04:09,419 [INFO]    已处理批次: 287/693 (41.4%)
2025-11-27 20:04:09,419 [INFO]    已处理段落: 1435/3465
2025-11-27 20:04:09,419 [INFO]    成功: 287, 失败: 0
2025-11-27 20:04:09,419 [INFO]    已用时: 40.4 分钟
2025-11-27 20:04:09,419 [INFO]    预计剩余: 57.2 分钟
2025-11-27 20:04:09,420 [INFO]    预计总时间: 97.6 分钟
2025-11-27 20:04:09,420 [INFO] 
================================================================================
2025-11-27 20:04:09,420 [INFO] 处理第 288/693 批 (段落 1436-1440)
2025-11-27 20:04:09,420 [INFO] ================================================================================
2025-11-27 20:04:09,420 [INFO] 📄 本批段落数: 5
2025-11-27 20:04:09,420 [INFO] 📄 合并文本长度: 147 字符
2025-11-27 20:04:09,420 [INFO] 📄 完整文本:
阿 尔：（猜测博尔特想要提出的请求）我没有瞧不起你，即使你再次

戒烟失败，我也不会看不起你。我只是希望你再试一下。

博尔特：谢谢。但只有你没有看不起我……我能从其他人的眼里看出，

阿 尔：（试着同理倾听博尔特的感受）是不是戒烟已经够难了，还要

担心其他人会怎么看你，这对你来说压力很大？
2025-11-27 20:04:09,420 [INFO] --------------------------------------------------------------------------------
2025-11-27 20:04:13,620 [INFO] ✅ 实体抽取成功: 共 3 个实体
2025-11-27 20:04:13,620 [INFO]    完整结果:
{"人物": ["阿 尔", "博尔特"], "概念": [], "方法": [], "理论": [], "组织": [], "书籍": [], "情绪": [], "行为": ["戒烟"]}
2025-11-27 20:04:16,725 [INFO] ✅ 关系抽取成功: 共 0 个关系
2025-11-27 20:04:16,725 [INFO]    完整结果:
{"提出": [], "包含": [], "应用": [], "来源": [], "解释": [], "相关": [], "导致": [], "影响": []}
2025-11-27 20:04:16,725 [INFO] 
📊 进度统计:
2025-11-27 20:04:16,725 [INFO]    已处理批次: 288/693 (41.6%)
2025-11-27 20:04:16,725 [INFO]    已处理段落: 1440/3465
2025-11-27 20:04:16,725 [INFO]    成功: 288, 失败: 0
2025-11-27 20:04:16,725 [INFO]    已用时: 40.5 分钟
2025-11-27 20:04:16,725 [INFO]    预计剩余: 57.0 分钟
2025-11-27 20:04:16,725 [INFO]    预计总时间: 97.5 分钟
2025-11-27 20:04:16,725 [INFO] 
================================================================================
2025-11-27 20:04:16,725 [INFO] 处理第 289/693 批 (段落 1441-1445)
2025-11-27 20:04:16,725 [INFO] ================================================================================
2025-11-27 20:04:16,725 [INFO] 📄 本批段落数: 5
2025-11-27 20:04:16,726 [INFO] 📄 合并文本长度: 153 字符
2025-11-27 20:04:16,726 [INFO] 📄 完整文本:
阿 尔：（阿尔看着博尔特的双眼，点了点头沉默了片刻，他的眼神流

博尔特：其实我已经不再喜欢抽烟了。特别是在公众场合，抽烟就会被

阿 尔：（继续体会博尔特的感受和需要）听起来你真的很想戒烟，可

又担心失败，让你因此看不起自己并失去信心。

博尔特：嗯，我想是吧……你知道吗，我从来没有和你说过，以前要是
2025-11-27 20:04:16,726 [INFO] --------------------------------------------------------------------------------
2025-11-27 20:04:21,317 [INFO] ✅ 实体抽取成功: 共 3 个实体
2025-11-27 20:04:21,317 [INFO]    完整结果:
{"人物": ["阿 尔", "博尔特"], "概念": [], "方法": [], "理论": [], "组织": [], "书籍": [], "情绪": [], "行为": ["抽烟"]}
2025-11-27 20:04:24,469 [INFO] ✅ 关系抽取成功: 共 0 个关系
2025-11-27 20:04:24,469 [INFO]    完整结果:
{"提出": [], "包含": [], "应用": [], "来源": [], "解释": [], "相关": [], "导致": [], "影响": []}
2025-11-27 20:04:24,469 [INFO] 
📊 进度统计:
2025-11-27 20:04:24,469 [INFO]    已处理批次: 289/693 (41.7%)
2025-11-27 20:04:24,469 [INFO]    已处理段落: 1445/3465
2025-11-27 20:04:24,469 [INFO]    成功: 289, 失败: 0
2025-11-27 20:04:24,469 [INFO]    已用时: 40.7 分钟
2025-11-27 20:04:24,469 [INFO]    预计剩余: 56.8 分钟
2025-11-27 20:04:24,469 [INFO]    预计总时间: 97.5 分钟
2025-11-27 20:04:24,469 [INFO] 
================================================================================
2025-11-27 20:04:24,469 [INFO] 处理第 290/693 批 (段落 1446-1450)
2025-11-27 20:04:24,469 [INFO] ================================================================================
2025-11-27 20:04:24,469 [INFO] 📄 本批段落数: 5
2025-11-27 20:04:24,469 [INFO] 📄 合并文本长度: 161 字符
2025-11-27 20:04:24,469 [INFO] 📄 完整文本:
有人要是劝我戒烟，我就会让他们滚蛋。我想要戒烟，但我不希望别人

阿 尔：我不想给你包袱，我也不知道能否让你打消顾虑，但只要你愿

博尔特：我愿意。你那么关心和支持我，我真的很感动。但是……如果

阿 尔：当然不会，博尔特。我依然爱着你，我只是希望我能爱你更久

因为阿尔提出的是真正的请求而不是要求，因此，不论博尔特如何
2025-11-27 20:04:24,469 [INFO] --------------------------------------------------------------------------------
2025-11-27 20:04:28,997 [INFO] ✅ 实体抽取成功: 共 3 个实体
2025-11-27 20:04:28,997 [INFO]    完整结果:
{"人物": ["阿 尔", "博尔特"], "概念": [], "方法": [], "理论": [], "组织": [], "书籍": [], "情绪": [], "行为": ["戒烟"]}
2025-11-27 20:04:33,793 [INFO] ✅ 关系抽取成功: 共 1 个关系
2025-11-27 20:04:33,793 [INFO]    完整结果:
{"提出": [{"subject": "请求", "object": "阿尔"}], "包含": [], "应用": [], "来源": [], "解释": [], "相关": [], "导致": [], "影响": []}
2025-11-27 20:04:33,793 [INFO] 
📊 进度统计:
2025-11-27 20:04:33,793 [INFO]    已处理批次: 290/693 (41.8%)
2025-11-27 20:04:33,793 [INFO]    已处理段落: 1450/3465
2025-11-27 20:04:33,793 [INFO]    成功: 290, 失败: 0
2025-11-27 20:04:33,793 [INFO]    已用时: 40.8 分钟
2025-11-27 20:04:33,793 [INFO]    预计剩余: 56.7 分钟
2025-11-27 20:04:33,794 [INFO]    预计总时间: 97.5 分钟
2025-11-27 20:04:33,794 [INFO] 
================================================================================
2025-11-27 20:04:33,794 [INFO] 处理第 291/693 批 (段落 1451-1455)
2025-11-27 20:04:33,794 [INFO] ================================================================================
2025-11-27 20:04:33,794 [INFO] 📄 本批段落数: 5
2025-11-27 20:04:33,794 [INFO] 📄 合并文本长度: 159 字符
2025-11-27 20:04:33,794 [INFO] 📄 完整文本:
回应，他都始终专注在双方的连结上。通过“我依然爱你”这句话，他

向博尔特表达了他的心意和对博尔特的尊重。同时，在说“希望能爱你

更久一些”时，阿尔也表达了自己的需要。博尔特：好，我会再试一

次……但不要告诉别人好吗？阿 尔：当然，由你决定什么时候准备好

根据你的理解，下列哪些句子是一个清晰、具体、可行的请求？
2025-11-27 20:04:33,794 [INFO] --------------------------------------------------------------------------------
2025-11-27 20:04:38,107 [INFO] ✅ 实体抽取成功: 共 2 个实体
2025-11-27 20:04:38,107 [INFO]    完整结果:
{"人物": ["博尔特", "阿尔"], "概念": [], "方法": [], "理论": [], "组织": [], "书籍": [], "情绪": [], "行为": []}
2025-11-27 20:04:41,462 [INFO] ✅ 关系抽取成功: 共 0 个关系
2025-11-27 20:04:41,463 [INFO]    完整结果:
{"提出": [], "包含": [], "应用": [], "来源": [], "解释": [], "相关": [], "导致": [], "影响": []}
2025-11-27 20:04:41,463 [INFO] 
📊 进度统计:
2025-11-27 20:04:41,463 [INFO]    已处理批次: 291/693 (42.0%)
2025-11-27 20:04:41,463 [INFO]    已处理段落: 1455/3465
2025-11-27 20:04:41,463 [INFO]    成功: 291, 失败: 0
2025-11-27 20:04:41,463 [INFO]    已用时: 40.9 分钟
2025-11-27 20:04:41,463 [INFO]    预计剩余: 56.6 分钟
2025-11-27 20:04:41,463 [INFO]    预计总时间: 97.5 分钟
2025-11-27 20:04:41,463 [INFO] 
================================================================================
2025-11-27 20:04:41,463 [INFO] 处理第 292/693 批 (段落 1456-1460)
2025-11-27 20:04:41,463 [INFO] ================================================================================
2025-11-27 20:04:41,463 [INFO] 📄 本批段落数: 5
2025-11-27 20:04:41,463 [INFO] 📄 合并文本长度: 138 字符
2025-11-27 20:04:41,463 [INFO] 📄 完整文本:
2. “请告诉我，你欣赏我做的哪一件事情。”

6. “关于昨天的会议，我希望你能和我说实话。”

1. 如果你选择这一句，我们意见不一致。在我看来，“你理解我”并

不是一个具体明确的行动。一个具体明确的请求可以是：“你是否可以

告诉我，在你听来，我刚才说的是什么意思。”
2025-11-27 20:04:41,463 [INFO] --------------------------------------------------------------------------------
2025-11-27 20:04:44,599 [INFO] ✅ 实体抽取成功: 共 0 个实体
2025-11-27 20:04:44,600 [INFO]    完整结果:
{"人物": [], "概念": [], "方法": [], "理论": [], "组织": [], "书籍": [], "情绪": [], "行为": []}
2025-11-27 20:04:47,710 [INFO] ✅ 关系抽取成功: 共 0 个关系
2025-11-27 20:04:47,710 [INFO]    完整结果:
{"提出": [], "包含": [], "应用": [], "来源": [], "解释": [], "相关": [], "导致": [], "影响": []}
2025-11-27 20:04:47,710 [INFO] 
📊 进度统计:
2025-11-27 20:04:47,710 [INFO]    已处理批次: 292/693 (42.1%)
2025-11-27 20:04:47,710 [INFO]    已处理段落: 1460/3465
2025-11-27 20:04:47,710 [INFO]    成功: 292, 失败: 0
2025-11-27 20:04:47,710 [INFO]    已用时: 41.0 分钟
2025-11-27 20:04:47,710 [INFO]    预计剩余: 56.4 分钟
2025-11-27 20:04:47,710 [INFO]    预计总时间: 97.4 分钟
2025-11-27 20:04:47,710 [INFO] 
================================================================================
2025-11-27 20:04:47,710 [INFO] 处理第 293/693 批 (段落 1461-1465)
2025-11-27 20:04:47,710 [INFO] ================================================================================
2025-11-27 20:04:47,711 [INFO] 📄 本批段落数: 5
2025-11-27 20:04:47,711 [INFO] 📄 合并文本长度: 162 字符
2025-11-27 20:04:47,711 [INFO] 📄 完整文本:
3. 如果你选择这一句，我们意见不一致。如果改为“我希望你能参

加一个关于提升主动性的培训，这会让你更有自信”，那么，我认为这

4. 如果你选择这一句，我们意见不一致。在我看来，“不要再喝

酒”并没有表达出说话的人想要什么，而是不想要什么。一个具体明确

的请求可以是：“你是否可以告诉我，喝酒可以满足你什么需要？是否
2025-11-27 20:04:47,711 [INFO] --------------------------------------------------------------------------------
2025-11-27 20:04:51,050 [INFO] ✅ 实体抽取成功: 共 1 个实体
2025-11-27 20:04:51,050 [INFO]    完整结果:
{"人物": [], "概念": [], "方法": [], "理论": [], "组织": [], "书籍": [], "情绪": [], "行为": ["喝酒"]}
2025-11-27 20:04:55,705 [INFO] ✅ 关系抽取成功: 共 1 个关系
2025-11-27 20:04:55,705 [INFO]    完整结果:
{"提出": [], "包含": [], "应用": [], "来源": [], "解释": [{"subject": "不要再喝", "object": "酒"}], "相关": [], "导致": [], "影响": []}
2025-11-27 20:04:55,705 [INFO] 
📊 进度统计:
2025-11-27 20:04:55,705 [INFO]    已处理批次: 293/693 (42.3%)
2025-11-27 20:04:55,705 [INFO]    已处理段落: 1465/3465
2025-11-27 20:04:55,705 [INFO]    成功: 293, 失败: 0
2025-11-27 20:04:55,705 [INFO]    已用时: 41.2 分钟
2025-11-27 20:04:55,705 [INFO]    预计剩余: 56.2 分钟
2025-11-27 20:04:55,705 [INFO]    预计总时间: 97.4 分钟
2025-11-27 20:04:55,705 [INFO] 
================================================================================
2025-11-27 20:04:55,705 [INFO] 处理第 294/693 批 (段落 1466-1470)
2025-11-27 20:04:55,705 [INFO] ================================================================================
2025-11-27 20:04:55,706 [INFO] 📄 本批段落数: 5
2025-11-27 20:04:55,706 [INFO] 📄 合并文本长度: 158 字符
2025-11-27 20:04:55,706 [INFO] 📄 完整文本:
5. 如果你选择这一句，我们意见不一致。“让我做自己”并不是一个

具体明确的行动。一个具体明确的请求可以是：“我希望你告诉我，即

使我做了让你不喜欢的事情，你仍然会和我在一起。”

6. 如果你选择这一句，我们意见不一致。“和我说实话”不是一个具

体明确的行动。一个具体明确的请求可以是：“请告诉我，你对我做的
2025-11-27 20:04:55,706 [INFO] --------------------------------------------------------------------------------
2025-11-27 20:05:00,176 [INFO] ✅ 实体抽取成功: 共 2 个实体
2025-11-27 20:05:00,176 [INFO]    完整结果:
{"人物": [], "概念": [], "方法": [], "理论": [], "组织": [], "书籍": [], "情绪": [], "行为": ["使我做了让你不喜欢的事情", "和我说实话"]}
2025-11-27 20:05:03,323 [INFO] ✅ 关系抽取成功: 共 0 个关系
2025-11-27 20:05:03,323 [INFO]    完整结果:
{"提出": [], "包含": [], "应用": [], "来源": [], "解释": [], "相关": [], "导致": [], "影响": []}
2025-11-27 20:05:03,323 [INFO] 
📊 进度统计:
2025-11-27 20:05:03,323 [INFO]    已处理批次: 294/693 (42.4%)
2025-11-27 20:05:03,323 [INFO]    已处理段落: 1470/3465
2025-11-27 20:05:03,323 [INFO]    成功: 294, 失败: 0
2025-11-27 20:05:03,323 [INFO]    已用时: 41.3 分钟
2025-11-27 20:05:03,323 [INFO]    预计剩余: 56.1 分钟
2025-11-27 20:05:03,323 [INFO]    预计总时间: 97.4 分钟
2025-11-27 20:05:03,323 [INFO] 
================================================================================
2025-11-27 20:05:03,323 [INFO] 处理第 295/693 批 (段落 1471-1475)
2025-11-27 20:05:03,323 [INFO] ================================================================================
2025-11-27 20:05:03,323 [INFO] 📄 本批段落数: 5
2025-11-27 20:05:03,323 [INFO] 📄 合并文本长度: 155 字符
2025-11-27 20:05:03,323 [INFO] 📄 完整文本:
事情有什么感受，你希望我能有什么样的改变？”

8. 如果你选择这一句，我们意见不一致。如果改为“请告诉我，你

是否愿意每周和我吃一次午餐”，那么，在我看来，这是一个具体明确

9. 如果你选择这一句，我们意见不一致。“尊重隐私”并不是一个具

体明确的行动。一个具体明确的请求可以是：“请答应我，进我的房间
2025-11-27 20:05:03,323 [INFO] --------------------------------------------------------------------------------
2025-11-27 20:05:06,759 [INFO] ✅ 实体抽取成功: 共 1 个实体
2025-11-27 20:05:06,759 [INFO]    完整结果:
{"人物": [], "概念": [], "方法": [], "理论": [], "组织": [], "书籍": [], "情绪": [], "行为": ["尊重隐私"]}
2025-11-27 20:05:09,837 [INFO] ✅ 关系抽取成功: 共 0 个关系
2025-11-27 20:05:09,837 [INFO]    完整结果:
{"提出": [], "包含": [], "应用": [], "来源": [], "解释": [], "相关": [], "导致": [], "影响": []}
2025-11-27 20:05:09,837 [INFO] 
📊 进度统计:
2025-11-27 20:05:09,837 [INFO]    已处理批次: 295/693 (42.6%)
2025-11-27 20:05:09,837 [INFO]    已处理段落: 1475/3465
2025-11-27 20:05:09,837 [INFO]    成功: 295, 失败: 0
2025-11-27 20:05:09,837 [INFO]    已用时: 41.4 分钟
2025-11-27 20:05:09,837 [INFO]    预计剩余: 55.9 分钟
2025-11-27 20:05:09,837 [INFO]    预计总时间: 97.3 分钟
2025-11-27 20:05:09,837 [INFO] 
================================================================================
2025-11-27 20:05:09,837 [INFO] 处理第 296/693 批 (段落 1476-1480)
2025-11-27 20:05:09,837 [INFO] ================================================================================
2025-11-27 20:05:09,837 [INFO] 📄 本批段落数: 5
2025-11-27 20:05:09,837 [INFO] 📄 合并文本长度: 162 字符
2025-11-27 20:05:09,837 [INFO] 📄 完整文本:
10. 如果你选择这一句，我们意见不一致。在我看来，“经常”的意

思并不明确。一个具体明确的请求可以是：“我想请你在每周一准备晚

前四章介绍了如何通过非暴力沟通的四个要素诚实地表达自己：我

们观察到什么，有什么感受和需要，提出什么请求来丰盈自己的生命。

本章我们将这四个要素运用于沟通过程的另一部分——同理倾听他人的
2025-11-27 20:05:09,837 [INFO] --------------------------------------------------------------------------------
2025-11-27 20:05:18,048 [INFO] ✅ 实体抽取成功: 共 6 个实体
2025-11-27 20:05:18,049 [INFO]    完整结果:
{"人物": [], "概念": ["非暴力沟通", "四个要素", "感受和需要", "请求来丰盈自己的生命"], "方法": [], "理论": [], "组织": [], "书籍": [], "情绪": [], "行为": ["通过非暴力沟通的四个要素诚实地表达自己", "同理倾听他人的"]}
2025-11-27 20:05:23,485 [INFO] ✅ 关系抽取成功: 共 1 个关系
2025-11-27 20:05:23,485 [INFO]    完整结果:
{"提出": [], "包含": [], "应用": [{"subject": "非暴力沟通", "object": "同理倾听他人的"}], "来源": [], "解释": [], "相关": [], "导致": [], "影响": []}
2025-11-27 20:05:23,485 [INFO] 
📊 进度统计:
2025-11-27 20:05:23,485 [INFO]    已处理批次: 296/693 (42.7%)
2025-11-27 20:05:23,485 [INFO]    已处理段落: 1480/3465
2025-11-27 20:05:23,485 [INFO]    成功: 296, 失败: 0
2025-11-27 20:05:23,485 [INFO]    已用时: 41.6 分钟
2025-11-27 20:05:23,485 [INFO]    预计剩余: 55.9 分钟
2025-11-27 20:05:23,485 [INFO]    预计总时间: 97.5 分钟
2025-11-27 20:05:23,485 [INFO] 
================================================================================
2025-11-27 20:05:23,485 [INFO] 处理第 297/693 批 (段落 1481-1485)
2025-11-27 20:05:23,485 [INFO] ================================================================================
2025-11-27 20:05:23,485 [INFO] 📄 本批段落数: 5
2025-11-27 20:05:23,485 [INFO] 📄 合并文本长度: 160 字符
2025-11-27 20:05:23,485 [INFO] 📄 完整文本:
同理意味着，以尊重的态度来了解他人的体验。中国先哲庄子称，

真正的同理需要全身心地倾听：“只用耳朵来听是一回事，用理解去听

是另一回事。而听其神则并不受限于我们的任何器官、不受限于耳朵或

者头脑。因而这样的听需要我们全然地放空感官。当感官空灵，你的生

命就作为整体的存在开始倾听。如此，便能直接感知在你面前的人、
2025-11-27 20:05:23,485 [INFO] --------------------------------------------------------------------------------
2025-11-27 20:05:28,042 [INFO] ✅ 实体抽取成功: 共 3 个实体
2025-11-27 20:05:28,042 [INFO]    完整结果:
{"人物": ["先哲庄子"], "概念": [], "方法": [], "理论": ["同理"], "组织": [], "书籍": [], "情绪": [], "行为": ["倾听"]}
2025-11-27 20:05:33,528 [INFO] ✅ 关系抽取成功: 共 1 个关系
2025-11-27 20:05:33,528 [INFO]    完整结果:
{"提出": [], "包含": [], "应用": [], "来源": [{"subject": "同理", "object": "先哲庄子"}], "解释": [], "相关": [], "导致": [], "影响": []}
2025-11-27 20:05:33,528 [INFO] 
📊 进度统计:
2025-11-27 20:05:33,528 [INFO]    已处理批次: 297/693 (42.9%)
2025-11-27 20:05:33,528 [INFO]    已处理段落: 1485/3465
2025-11-27 20:05:33,528 [INFO]    成功: 297, 失败: 0
2025-11-27 20:05:33,528 [INFO]    已用时: 41.8 分钟
2025-11-27 20:05:33,529 [INFO]    预计剩余: 55.7 分钟
2025-11-27 20:05:33,529 [INFO]    预计总时间: 97.6 分钟
2025-11-27 20:05:33,529 [INFO] 
================================================================================
2025-11-27 20:05:33,529 [INFO] 处理第 298/693 批 (段落 1486-1490)
2025-11-27 20:05:33,529 [INFO] ================================================================================
2025-11-27 20:05:33,529 [INFO] 📄 本批段落数: 5
2025-11-27 20:05:33,529 [INFO] 📄 合并文本长度: 162 字符
2025-11-27 20:05:33,529 [INFO] 📄 完整文本:
事、物，这是永远无法用耳朵听见或用头脑理解的。”

要同理他人，必须完全卸下对他人先入为主的成见和评判，这就是

与他人“同在”的状态。出生于奥地利的以色列哲学家马丁·布伯（Martin

Buber）形容这是我们面对生命时所需具备的态度：“生命中的情境虽有

诸多相似之处，但每时每刻却如新生儿般，带着崭新的面孔，从未有过
2025-11-27 20:05:33,529 [INFO] --------------------------------------------------------------------------------
2025-11-27 20:05:39,797 [INFO] ✅ 实体抽取成功: 共 4 个实体
2025-11-27 20:05:39,797 [INFO]    完整结果:
{"人物": ["马丁·布伯", "Martin\nBuber"], "概念": [], "方法": [], "理论": [], "组织": [], "书籍": [], "情绪": [], "行为": ["同理他人", "面对生命时所需具备的态度"]}
2025-11-27 20:05:43,044 [INFO] ✅ 关系抽取成功: 共 0 个关系
2025-11-27 20:05:43,045 [INFO]    完整结果:
{"提出": [], "包含": [], "应用": [], "来源": [], "解释": [], "相关": [], "导致": [], "影响": []}
2025-11-27 20:05:43,045 [INFO] 
📊 进度统计:
2025-11-27 20:05:43,045 [INFO]    已处理批次: 298/693 (43.0%)
2025-11-27 20:05:43,045 [INFO]    已处理段落: 1490/3465
2025-11-27 20:05:43,045 [INFO]    成功: 298, 失败: 0
2025-11-27 20:05:43,045 [INFO]    已用时: 42.0 分钟
2025-11-27 20:05:43,045 [INFO]    预计剩余: 55.6 分钟
2025-11-27 20:05:43,045 [INFO]    预计总时间: 97.6 分钟
2025-11-27 20:05:43,045 [INFO] 
================================================================================
2025-11-27 20:05:43,045 [INFO] 处理第 299/693 批 (段落 1491-1495)
2025-11-27 20:05:43,045 [INFO] ================================================================================
2025-11-27 20:05:43,045 [INFO] 📄 本批段落数: 5
2025-11-27 20:05:43,045 [INFO] 📄 合并文本长度: 154 字符
2025-11-27 20:05:43,045 [INFO] 📄 完整文本:
也永不再现。你无法提前准备如何回应，也无法停留在过去。生命呼唤

着你与它同在当下，负起责任而又全心投入。”

然而，保持临在绝非易事。法国哲学家西蒙娜·薇依（Simone

Weil）写道：“将注意力给予受苦之人，是极其稀缺的能力，也是困难

的事情。这近乎奇迹。可以说这就是奇迹。几乎所有认为自己可以做到
2025-11-27 20:05:43,045 [INFO] --------------------------------------------------------------------------------
2025-11-27 20:05:48,140 [INFO] ✅ 实体抽取成功: 共 2 个实体
2025-11-27 20:05:48,140 [INFO]    完整结果:
{"人物": ["西蒙娜·薇依", "Simone\n\nWeil"], "概念": [], "方法": [], "理论": [], "组织": [], "书籍": [], "情绪": [], "行为": []}
2025-11-27 20:05:51,269 [INFO] ✅ 关系抽取成功: 共 0 个关系
2025-11-27 20:05:51,270 [INFO]    完整结果:
{"提出": [], "包含": [], "应用": [], "来源": [], "解释": [], "相关": [], "导致": [], "影响": []}
2025-11-27 20:05:51,270 [INFO] 
📊 进度统计:
2025-11-27 20:05:51,270 [INFO]    已处理批次: 299/693 (43.1%)
2025-11-27 20:05:51,270 [INFO]    已处理段落: 1495/3465
2025-11-27 20:05:51,270 [INFO]    成功: 299, 失败: 0
2025-11-27 20:05:51,270 [INFO]    已用时: 42.1 分钟
2025-11-27 20:05:51,270 [INFO]    预计剩余: 55.5 分钟
2025-11-27 20:05:51,270 [INFO]    预计总时间: 97.6 分钟
2025-11-27 20:05:51,270 [INFO] 
================================================================================
2025-11-27 20:05:51,270 [INFO] 处理第 300/693 批 (段落 1496-1500)
2025-11-27 20:05:51,270 [INFO] ================================================================================
2025-11-27 20:05:51,270 [INFO] 📄 本批段落数: 5
2025-11-27 20:05:51,270 [INFO] 📄 合并文本长度: 163 字符
2025-11-27 20:05:51,270 [INFO] 📄 完整文本:
的人，实际上并不具备这种能力。”我们常常给予他人建议或宽慰，或

者解释自己的立场或感受，而非同理。同理心需要我们将注意力全然地

聚焦在他人想传达的信息上，给予他人足够的时间与空间充分地表达。

用佛家的一句话“不去做什么，只是在那里”来描述同理这个能力再恰当

如果一个人需要同理，我们却试图通过安慰或建议来“搞定”对方的
2025-11-27 20:05:51,270 [INFO] --------------------------------------------------------------------------------
2025-11-27 20:05:55,902 [INFO] ✅ 实体抽取成功: 共 5 个实体
2025-11-27 20:05:55,902 [INFO]    完整结果:
{"人物": ["佛"], "概念": [], "方法": [], "理论": ["同理心"], "组织": [], "书籍": [], "情绪": [], "行为": ["建议", "宽慰", "表达"]}
2025-11-27 20:05:59,051 [INFO] ✅ 关系抽取成功: 共 0 个关系
2025-11-27 20:05:59,051 [INFO]    完整结果:
{"提出": [], "包含": [], "应用": [], "来源": [], "解释": [], "相关": [], "导致": [], "影响": []}
2025-11-27 20:05:59,051 [INFO] 
📊 进度统计:
2025-11-27 20:05:59,051 [INFO]    已处理批次: 300/693 (43.3%)
2025-11-27 20:05:59,051 [INFO]    已处理段落: 1500/3465
2025-11-27 20:05:59,051 [INFO]    成功: 300, 失败: 0
2025-11-27 20:05:59,051 [INFO]    已用时: 42.2 分钟
2025-11-27 20:05:59,052 [INFO]    预计剩余: 55.3 分钟
2025-11-27 20:05:59,052 [INFO]    预计总时间: 97.6 分钟
2025-11-27 20:05:59,052 [INFO] 💾 中间结果已保存: /root/projects/cwy/DeepKE/cwy/src/full_book_results/checkpoint_20251127_192319_batch300.pkl
2025-11-27 20:05:59,052 [INFO] 
================================================================================
2025-11-27 20:05:59,052 [INFO] 处理第 301/693 批 (段落 1501-1505)
2025-11-27 20:05:59,052 [INFO] ================================================================================
2025-11-27 20:05:59,052 [INFO] 📄 本批段落数: 5
2025-11-27 20:05:59,052 [INFO] 📄 合并文本长度: 149 字符
2025-11-27 20:05:59,052 [INFO] 📄 完整文本:
问题，他人往往会感到沮丧。对此，我的女儿给我上了一课。她教会我

在给予建议或安慰前，先核实那是不是对方想要的。

有一天，女儿看着镜子中的自己说：“我丑得像头猪。”

“你是上帝带到这个地球上最美丽的礼物。”我立马信誓旦旦地对她

说。没想到，女儿生气地对我喊了声“爸爸，你真是的！”随即砰的一声
2025-11-27 20:05:59,052 [INFO] --------------------------------------------------------------------------------
2025-11-27 20:06:02,421 [INFO] ✅ 实体抽取成功: 共 1 个实体
2025-11-27 20:06:02,421 [INFO]    完整结果:
{"人物": [], "概念": [], "方法": [], "理论": [], "组织": [], "书籍": [], "情绪": ["沮丧"], "行为": []}
2025-11-27 20:06:05,547 [INFO] ✅ 关系抽取成功: 共 0 个关系
2025-11-27 20:06:05,547 [INFO]    完整结果:
{"提出": [], "包含": [], "应用": [], "来源": [], "解释": [], "相关": [], "导致": [], "影响": []}
2025-11-27 20:06:05,547 [INFO] 
📊 进度统计:
2025-11-27 20:06:05,547 [INFO]    已处理批次: 301/693 (43.4%)
2025-11-27 20:06:05,547 [INFO]    已处理段落: 1505/3465
2025-11-27 20:06:05,547 [INFO]    成功: 301, 失败: 0
2025-11-27 20:06:05,547 [INFO]    已用时: 42.3 分钟
2025-11-27 20:06:05,547 [INFO]    预计剩余: 55.1 分钟
2025-11-27 20:06:05,547 [INFO]    预计总时间: 97.5 分钟
2025-11-27 20:06:05,547 [INFO] 
================================================================================
2025-11-27 20:06:05,547 [INFO] 处理第 302/693 批 (段落 1506-1510)
2025-11-27 20:06:05,547 [INFO] ================================================================================
2025-11-27 20:06:05,547 [INFO] 📄 本批段落数: 5
2025-11-27 20:06:05,547 [INFO] 📄 合并文本长度: 156 字符
2025-11-27 20:06:05,547 [INFO] 📄 完整文本:
甩门离去。后来我才意识到，她想要的只是我能同理她的心情，我的宽

慰是那么地不合时宜。其实我只须对她说：“你对你今天的样子感到失

我的朋友霍莉·汉弗里（Holley Humphrey）做了一些归纳，来说明

给建议：“我认为你应该……”“为什么你没有这样……”

比惨：“这算不了什么。你听听我曾经经历过的。”
2025-11-27 20:06:05,547 [INFO] --------------------------------------------------------------------------------
2025-11-27 20:06:11,155 [INFO] ✅ 实体抽取成功: 共 4 个实体
2025-11-27 20:06:11,155 [INFO]    完整结果:
{"人物": ["霍莉·汉弗里", "Holley Humphrey", "比惨"], "概念": [], "方法": [], "理论": [], "组织": [], "书籍": [], "情绪": [], "行为": ["甩门离去"]}
2025-11-27 20:06:14,256 [INFO] ✅ 关系抽取成功: 共 0 个关系
2025-11-27 20:06:14,256 [INFO]    完整结果:
{"提出": [], "包含": [], "应用": [], "来源": [], "解释": [], "相关": [], "导致": [], "影响": []}
2025-11-27 20:06:14,256 [INFO] 
📊 进度统计:
2025-11-27 20:06:14,256 [INFO]    已处理批次: 302/693 (43.6%)
2025-11-27 20:06:14,256 [INFO]    已处理段落: 1510/3465
2025-11-27 20:06:14,256 [INFO]    成功: 302, 失败: 0
2025-11-27 20:06:14,256 [INFO]    已用时: 42.5 分钟
2025-11-27 20:06:14,256 [INFO]    预计剩余: 55.0 分钟
2025-11-27 20:06:14,256 [INFO]    预计总时间: 97.5 分钟
2025-11-27 20:06:14,256 [INFO] 
================================================================================
2025-11-27 20:06:14,256 [INFO] 处理第 303/693 批 (段落 1511-1515)
2025-11-27 20:06:14,256 [INFO] ================================================================================
2025-11-27 20:06:14,256 [INFO] 📄 本批段落数: 5
2025-11-27 20:06:14,256 [INFO] 📄 合并文本长度: 165 字符
2025-11-27 20:06:14,256 [INFO] 📄 完整文本:
说教：“如果你这样做……这就会转变成一个非常积极的体验。”

在《当你遇到创伤时》[1]一书中，犹太教拉比哈洛德·库西纳

（Harold Kushner）讲述，经历了丧子之痛，他听到人们的安慰极为痛

苦。然而更令他难过的是，他发现过去20多年来，自己在别人遭遇不幸

我们常常认为要想办法解决问题或让他人好受些，但这些却恰恰阻
2025-11-27 20:06:14,256 [INFO] --------------------------------------------------------------------------------
2025-11-27 20:06:21,149 [INFO] ✅ 实体抽取成功: 共 4 个实体
2025-11-27 20:06:21,149 [INFO]    完整结果:
{"人物": ["拉比哈洛德·库西纳", "Harold Kushner"], "概念": [], "方法": [], "理论": [], "组织": ["犹太教"], "书籍": ["《当你遇到创伤时》"], "情绪": [], "行为": []}
2025-11-27 20:06:24,446 [INFO] ✅ 关系抽取成功: 共 0 个关系
2025-11-27 20:06:24,446 [INFO]    完整结果:
{"提出": [], "包含": [], "应用": [], "来源": [], "解释": [], "相关": [], "导致": [], "影响": []}
2025-11-27 20:06:24,446 [INFO] 
📊 进度统计:
2025-11-27 20:06:24,446 [INFO]    已处理批次: 303/693 (43.7%)
2025-11-27 20:06:24,446 [INFO]    已处理段落: 1515/3465
2025-11-27 20:06:24,447 [INFO]    成功: 303, 失败: 0
2025-11-27 20:06:24,447 [INFO]    已用时: 42.7 分钟
2025-11-27 20:06:24,447 [INFO]    预计剩余: 54.9 分钟
2025-11-27 20:06:24,447 [INFO]    预计总时间: 97.6 分钟
2025-11-27 20:06:24,447 [INFO] 
================================================================================
2025-11-27 20:06:24,447 [INFO] 处理第 304/693 批 (段落 1516-1520)
2025-11-27 20:06:24,447 [INFO] ================================================================================
2025-11-27 20:06:24,447 [INFO] 📄 本批段落数: 5
2025-11-27 20:06:24,447 [INFO] 📄 合并文本长度: 163 字符
2025-11-27 20:06:24,447 [INFO] 📄 完整文本:
碍了与他人同在。对于咨询师或心理治疗师来说，更容易如此。一次，

我与一群精神健康专家工作。我问他们，当来访者表达“我感到非常压

抑，找不到任何活下去的理由”时，他们会如何回应，同时我请他们将

回应逐字逐句写下。收集好他们的回答，我说：“我念出你们每个人写

下的回应。想象一下，你是那位求助者，如果你认为某个回答表达了对
2025-11-27 20:06:24,447 [INFO] --------------------------------------------------------------------------------
2025-11-27 20:06:28,524 [INFO] ✅ 实体抽取成功: 共 1 个实体
2025-11-27 20:06:28,524 [INFO]    完整结果:
{"人物": [], "概念": [], "方法": [], "理论": [], "组织": [], "书籍": [], "情绪": ["压\n\n抑"], "行为": []}
2025-11-27 20:06:31,688 [INFO] ✅ 关系抽取成功: 共 0 个关系
2025-11-27 20:06:31,688 [INFO]    完整结果:
{"提出": [], "包含": [], "应用": [], "来源": [], "解释": [], "相关": [], "导致": [], "影响": []}
2025-11-27 20:06:31,688 [INFO] 
📊 进度统计:
2025-11-27 20:06:31,688 [INFO]    已处理批次: 304/693 (43.9%)
2025-11-27 20:06:31,688 [INFO]    已处理段落: 1520/3465
2025-11-27 20:06:31,688 [INFO]    成功: 304, 失败: 0
2025-11-27 20:06:31,688 [INFO]    已用时: 42.8 分钟
2025-11-27 20:06:31,689 [INFO]    预计剩余: 54.7 分钟
2025-11-27 20:06:31,689 [INFO]    预计总时间: 97.5 分钟
2025-11-27 20:06:31,689 [INFO] 
================================================================================
2025-11-27 20:06:31,689 [INFO] 处理第 305/693 批 (段落 1521-1525)
2025-11-27 20:06:31,689 [INFO] ================================================================================
2025-11-27 20:06:31,689 [INFO] 📄 本批段落数: 5
2025-11-27 20:06:31,689 [INFO] 📄 合并文本长度: 167 字符
2025-11-27 20:06:31,689 [INFO] 📄 完整文本:
你的理解，就请你举手。”在23个回答中，只有3个有人举手。最频繁的

回应是“这是什么时候开始的”，乍看之下，这类提问是专业人士为诊断

以及治疗收集信息，事实上，试图分析问题无法让我们与他人同在。如

果我们只是关心别人的话是否符合我们的理论，我们是在审视他们，而

没有与他们同在。同理的核心是“临在”——全然地与他人以及他们当下
2025-11-27 20:06:31,689 [INFO] --------------------------------------------------------------------------------
2025-11-27 20:06:35,381 [INFO] ✅ 实体抽取成功: 共 1 个实体
2025-11-27 20:06:35,381 [INFO]    完整结果:
{"人物": [], "概念": ["举手"], "方法": [], "理论": [], "组织": [], "书籍": [], "情绪": [], "行为": []}
2025-11-27 20:06:38,662 [INFO] ✅ 关系抽取成功: 共 0 个关系
2025-11-27 20:06:38,663 [INFO]    完整结果:
{"提出": [], "包含": [], "应用": [], "来源": [], "解释": [], "相关": [], "导致": [], "影响": []}
2025-11-27 20:06:38,663 [INFO] 
📊 进度统计:
2025-11-27 20:06:38,663 [INFO]    已处理批次: 305/693 (44.0%)
2025-11-27 20:06:38,663 [INFO]    已处理段落: 1525/3465
2025-11-27 20:06:38,663 [INFO]    成功: 305, 失败: 0
2025-11-27 20:06:38,663 [INFO]    已用时: 42.9 分钟
2025-11-27 20:06:38,663 [INFO]    预计剩余: 54.6 分钟
2025-11-27 20:06:38,663 [INFO]    预计总时间: 97.5 分钟
2025-11-27 20:06:38,663 [INFO] 
================================================================================
2025-11-27 20:06:38,663 [INFO] 处理第 306/693 批 (段落 1526-1530)
2025-11-27 20:06:38,663 [INFO] ================================================================================
2025-11-27 20:06:38,663 [INFO] 📄 本批段落数: 5
2025-11-27 20:06:38,663 [INFO] 📄 合并文本长度: 153 字符
2025-11-27 20:06:38,663 [INFO] 📄 完整文本:
的体验同在。因此，“同理心”不同于头脑上的理解，也并非“同情”。有

时我们会因为体会到他人的感受而心生同情，这时我们需要格外警惕，

当我们对他人表达同情时，就不是在同理他们。

不论人们以什么样的方式来表达自己，我们都可以用心聆听他们的

观察、感受、需要和请求。想像一下，你将自己的轿车借给了有急事的
2025-11-27 20:06:38,663 [INFO] --------------------------------------------------------------------------------
2025-11-27 20:06:42,654 [INFO] ✅ 实体抽取成功: 共 3 个实体
2025-11-27 20:06:42,654 [INFO]    完整结果:
{"人物": [], "概念": ["同理心", "同情"], "方法": [], "理论": [], "组织": [], "书籍": [], "情绪": [], "行为": ["表达同情"]}
2025-11-27 20:06:47,685 [INFO] ✅ 关系抽取成功: 共 1 个关系
2025-11-27 20:06:47,685 [INFO]    完整结果:
{"提出": [], "包含": [], "应用": [], "来源": [], "解释": [{"subject": "同理心", "object": "体会他人的感受"}], "相关": [], "导致": [], "影响": []}
2025-11-27 20:06:47,685 [INFO] 
📊 进度统计:
2025-11-27 20:06:47,685 [INFO]    已处理批次: 306/693 (44.2%)
2025-11-27 20:06:47,685 [INFO]    已处理段落: 1530/3465
2025-11-27 20:06:47,685 [INFO]    成功: 306, 失败: 0
2025-11-27 20:06:47,685 [INFO]    已用时: 43.0 分钟
2025-11-27 20:06:47,685 [INFO]    预计剩余: 54.4 分钟
2025-11-27 20:06:47,685 [INFO]    预计总时间: 97.5 分钟
2025-11-27 20:06:47,685 [INFO] 
================================================================================
2025-11-27 20:06:47,685 [INFO] 处理第 307/693 批 (段落 1531-1535)
2025-11-27 20:06:47,685 [INFO] ================================================================================
2025-11-27 20:06:47,685 [INFO] 📄 本批段落数: 5
2025-11-27 20:06:47,685 [INFO] 📄 合并文本长度: 160 字符
2025-11-27 20:06:47,685 [INFO] 📄 完整文本:
新邻居，你的家人知道后反应强烈：“你这样信任一个陌生人实在太傻

了！”此时，你就可以借助非暴力沟通的要素来聆听他们的感受和需

在这个例子中，你显然可以看出家人观察到的事实是：你将轿车借

给一个陌生人。而有些时候，我们并不清晰别人的话是基于怎样的观

察。例如，一位同事对你说：“你没有团队精神。”你可能一头雾水，不
2025-11-27 20:06:47,685 [INFO] --------------------------------------------------------------------------------
2025-11-27 20:06:51,696 [INFO] ✅ 实体抽取成功: 共 2 个实体
2025-11-27 20:06:51,697 [INFO]    完整结果:
{"人物": [], "概念": ["非暴力沟通", "团队精神"], "方法": [], "理论": [], "组织": [], "书籍": [], "情绪": [], "行为": []}
2025-11-27 20:06:54,840 [INFO] ✅ 关系抽取成功: 共 0 个关系
2025-11-27 20:06:54,840 [INFO]    完整结果:
{"提出": [], "包含": [], "应用": [], "来源": [], "解释": [], "相关": [], "导致": [], "影响": []}
2025-11-27 20:06:54,840 [INFO] 
📊 进度统计:
2025-11-27 20:06:54,840 [INFO]    已处理批次: 307/693 (44.3%)
2025-11-27 20:06:54,840 [INFO]    已处理段落: 1535/3465
2025-11-27 20:06:54,840 [INFO]    成功: 307, 失败: 0
2025-11-27 20:06:54,840 [INFO]    已用时: 43.2 分钟
2025-11-27 20:06:54,840 [INFO]    预计剩余: 54.3 分钟
2025-11-27 20:06:54,840 [INFO]    预计总时间: 97.4 分钟
2025-11-27 20:06:54,840 [INFO] 
================================================================================
2025-11-27 20:06:54,840 [INFO] 处理第 308/693 批 (段落 1536-1540)
2025-11-27 20:06:54,840 [INFO] ================================================================================
2025-11-27 20:06:54,840 [INFO] 📄 本批段落数: 5
2025-11-27 20:06:54,840 [INFO] 📄 合并文本长度: 155 字符
2025-11-27 20:06:54,840 [INFO] 📄 完整文本:
知道同事指的究竟是哪件事，但我们可以通过询问来猜测是什么事情引

此外，如果我们习惯为他人的感受承担责任并因此而自责，那么关

注他人的感受与需要则会变得非常困难。在一次工作坊上，有位女士想

要学习聆听先生的感受和需要。我建议她在表达自己之前，先来猜测先

（先生的表达：“和你讲话有什么用？你从来都不听！）
2025-11-27 20:06:54,841 [INFO] --------------------------------------------------------------------------------
2025-11-27 20:06:59,302 [INFO] ✅ 实体抽取成功: 共 4 个实体
2025-11-27 20:06:59,302 [INFO]    完整结果:
{"人物": [], "概念": [], "方法": [], "理论": [], "组织": [], "书籍": [], "情绪": [], "行为": ["询问", "承担责任", "表达", "猜测"]}
2025-11-27 20:07:02,458 [INFO] ✅ 关系抽取成功: 共 0 个关系
2025-11-27 20:07:02,458 [INFO]    完整结果:
{"提出": [], "包含": [], "应用": [], "来源": [], "解释": [], "相关": [], "导致": [], "影响": []}
2025-11-27 20:07:02,458 [INFO] 
📊 进度统计:
2025-11-27 20:07:02,458 [INFO]    已处理批次: 308/693 (44.4%)
2025-11-27 20:07:02,458 [INFO]    已处理段落: 1540/3465
2025-11-27 20:07:02,458 [INFO]    成功: 308, 失败: 0
2025-11-27 20:07:02,458 [INFO]    已用时: 43.3 分钟
2025-11-27 20:07:02,458 [INFO]    预计剩余: 54.1 分钟
2025-11-27 20:07:02,458 [INFO]    预计总时间: 97.4 分钟
2025-11-27 20:07:02,458 [INFO] 
================================================================================
2025-11-27 20:07:02,458 [INFO] 处理第 309/693 批 (段落 1541-1545)
2025-11-27 20:07:02,458 [INFO] ================================================================================
2025-11-27 20:07:02,458 [INFO] 📄 本批段落数: 5
2025-11-27 20:07:02,458 [INFO] 📄 合并文本长度: 154 字符
2025-11-27 20:07:02,458 [INFO] 📄 完整文本:
马歇尔：你这么说，暗含着是你的行为导致了他的感受。我建议你

说：“你不高兴，是因为你需要……？”这有助于你将注意力放在对方

身上，了解他此刻的内心，而避免认为对方会怪罪自己。

太 太：那我要怎么说呢？“你不高兴，因为你需要……？需要什么

马歇尔：从你先生的话中去寻找线索——“和你讲话有什么用？你从来
2025-11-27 20:07:02,458 [INFO] --------------------------------------------------------------------------------
2025-11-27 20:07:07,073 [INFO] ✅ 实体抽取成功: 共 3 个实体
2025-11-27 20:07:07,073 [INFO]    完整结果:
{"人物": ["马歇尔", "太 太"], "概念": [], "方法": [], "理论": [], "组织": [], "书籍": [], "情绪": ["不高兴"], "行为": []}
2025-11-27 20:07:10,256 [INFO] ✅ 关系抽取成功: 共 0 个关系
2025-11-27 20:07:10,256 [INFO]    完整结果:
{"提出": [], "包含": [], "应用": [], "来源": [], "解释": [], "相关": [], "导致": [], "影响": []}
2025-11-27 20:07:10,256 [INFO] 
📊 进度统计:
2025-11-27 20:07:10,256 [INFO]    已处理批次: 309/693 (44.6%)
2025-11-27 20:07:10,256 [INFO]    已处理段落: 1545/3465
2025-11-27 20:07:10,256 [INFO]    成功: 309, 失败: 0
2025-11-27 20:07:10,256 [INFO]    已用时: 43.4 分钟
2025-11-27 20:07:10,256 [INFO]    预计剩余: 54.0 分钟
2025-11-27 20:07:10,256 [INFO]    预计总时间: 97.4 分钟
2025-11-27 20:07:10,256 [INFO] 
================================================================================
2025-11-27 20:07:10,256 [INFO] 处理第 310/693 批 (段落 1546-1550)
2025-11-27 20:07:10,256 [INFO] ================================================================================
2025-11-27 20:07:10,256 [INFO] 📄 本批段落数: 5
2025-11-27 20:07:10,256 [INFO] 📄 合并文本长度: 161 字符
2025-11-27 20:07:10,257 [INFO] 📄 完整文本:
都不听”。当他那样说的时候，是因为有什么需要没有得到满足？

太 太：（尝试着透过丈夫的表达，同理他的需要）你感到不高兴，是

马歇尔：你现在关注的是他的想法而非他的需要。我认为，如果我们选

择关注对方的需要，而不是他们对我们的看法，就比较不会认为他们在

攻击。不把注意力放在“他不高兴是因为你没听”，而是专注在他想满
2025-11-27 20:07:10,257 [INFO] --------------------------------------------------------------------------------
2025-11-27 20:07:13,995 [INFO] ✅ 实体抽取成功: 共 2 个实体
2025-11-27 20:07:13,995 [INFO]    完整结果:
{"人物": ["马歇尔"], "概念": [], "方法": [], "理论": [], "组织": [], "书籍": [], "情绪": ["不高兴"], "行为": []}
2025-11-27 20:07:17,132 [INFO] ✅ 关系抽取成功: 共 0 个关系
2025-11-27 20:07:17,132 [INFO]    完整结果:
{"提出": [], "包含": [], "应用": [], "来源": [], "解释": [], "相关": [], "导致": [], "影响": []}
2025-11-27 20:07:17,132 [INFO] 
📊 进度统计:
2025-11-27 20:07:17,133 [INFO]    已处理批次: 310/693 (44.7%)
2025-11-27 20:07:17,133 [INFO]    已处理段落: 1550/3465
2025-11-27 20:07:17,133 [INFO]    成功: 310, 失败: 0
2025-11-27 20:07:17,133 [INFO]    已用时: 43.5 分钟
2025-11-27 20:07:17,133 [INFO]    预计剩余: 53.8 分钟
2025-11-27 20:07:17,133 [INFO]    预计总时间: 97.3 分钟
2025-11-27 20:07:17,133 [INFO] 
================================================================================
2025-11-27 20:07:17,133 [INFO] 处理第 311/693 批 (段落 1551-1555)
2025-11-27 20:07:17,133 [INFO] ================================================================================
2025-11-27 20:07:17,133 [INFO] 📄 本批段落数: 5
2025-11-27 20:07:17,133 [INFO] 📄 合并文本长度: 150 字符
2025-11-27 20:07:17,133 [INFO] 📄 完整文本:
足的需要上，用“你感到不高兴，是因为你需要……”

太 太：（再次尝试）你感到不高兴，是因为你需要被听见吗？

马歇尔：这正是我的意思。用这样的方式聆听他，对你来说有什么不同

太 太：确实太不同了。我听到的是他的心声，而不是我的过错。

在谈到“请求”的第六章中，我们学习了如何邀请他人来重述我们所
2025-11-27 20:07:17,133 [INFO] --------------------------------------------------------------------------------
2025-11-27 20:07:21,105 [INFO] ✅ 实体抽取成功: 共 3 个实体
2025-11-27 20:07:21,105 [INFO]    完整结果:
{"人物": ["马歇尔"], "概念": [], "方法": [], "理论": [], "组织": [], "书籍": ["请求"], "情绪": ["不高兴"], "行为": []}
2025-11-27 20:07:24,246 [INFO] ✅ 关系抽取成功: 共 0 个关系
2025-11-27 20:07:24,246 [INFO]    完整结果:
{"提出": [], "包含": [], "应用": [], "来源": [], "解释": [], "相关": [], "导致": [], "影响": []}
2025-11-27 20:07:24,246 [INFO] 
📊 进度统计:
2025-11-27 20:07:24,246 [INFO]    已处理批次: 311/693 (44.9%)
2025-11-27 20:07:24,247 [INFO]    已处理段落: 1555/3465
2025-11-27 20:07:24,247 [INFO]    成功: 311, 失败: 0
2025-11-27 20:07:24,247 [INFO]    已用时: 43.7 分钟
2025-11-27 20:07:24,247 [INFO]    预计剩余: 53.6 分钟
2025-11-27 20:07:24,247 [INFO]    预计总时间: 97.3 分钟
2025-11-27 20:07:24,247 [INFO] 
================================================================================
2025-11-27 20:07:24,247 [INFO] 处理第 312/693 批 (段落 1556-1560)
2025-11-27 20:07:24,247 [INFO] ================================================================================
2025-11-27 20:07:24,247 [INFO] 📄 本批段落数: 5
2025-11-27 20:07:24,247 [INFO] 📄 合并文本长度: 151 字符
2025-11-27 20:07:24,247 [INFO] 📄 完整文本:
说的话。现在，我们将学习在聆听他人的观察、感受、需要和请求后，

通过复述对方的话，将我们的理解反馈给对方。

复述对方的话可以让对方知道我们是否已经准确地领会了他们的意

思；如果我们的复述还不到位，他人就有机会加以更正。此外，这样做

还有一个好处是，给了对方一些时间来思考自己所说的话，从而有机会
2025-11-27 20:07:24,247 [INFO] --------------------------------------------------------------------------------
2025-11-27 20:07:27,647 [INFO] ✅ 实体抽取成功: 共 1 个实体
2025-11-27 20:07:27,647 [INFO]    完整结果:
{"人物": [], "概念": [], "方法": ["复述"], "理论": [], "组织": [], "书籍": [], "情绪": [], "行为": []}
2025-11-27 20:07:30,789 [INFO] ✅ 关系抽取成功: 共 0 个关系
2025-11-27 20:07:30,789 [INFO]    完整结果:
{"提出": [], "包含": [], "应用": [], "来源": [], "解释": [], "相关": [], "导致": [], "影响": []}
2025-11-27 20:07:30,789 [INFO] 
📊 进度统计:
2025-11-27 20:07:30,789 [INFO]    已处理批次: 312/693 (45.0%)
2025-11-27 20:07:30,789 [INFO]    已处理段落: 1560/3465
2025-11-27 20:07:30,789 [INFO]    成功: 312, 失败: 0
2025-11-27 20:07:30,789 [INFO]    已用时: 43.8 分钟
2025-11-27 20:07:30,789 [INFO]    预计剩余: 53.4 分钟
2025-11-27 20:07:30,789 [INFO]    预计总时间: 97.2 分钟
2025-11-27 20:07:30,789 [INFO] 
================================================================================
2025-11-27 20:07:30,789 [INFO] 处理第 313/693 批 (段落 1561-1565)
2025-11-27 20:07:30,789 [INFO] ================================================================================
2025-11-27 20:07:30,789 [INFO] 📄 本批段落数: 5
2025-11-27 20:07:30,789 [INFO] 📄 合并文本长度: 151 字符
2025-11-27 20:07:30,789 [INFO] 📄 完整文本:
非暴力沟通建议我们用提问的形式来复述我们的理解，便于对方做

出必要的更正。我们的提问可以专注于以下几个方面：

1. 对方所观察到的事实：“上周我有几个晚上不在家，你说的是

2. 对方的感受以及引发感受的需要：“你很伤心，因为你希望自

3. 对方提出的请求：“你是不是希望我告诉你，为什么我会说这
2025-11-27 20:07:30,789 [INFO] --------------------------------------------------------------------------------
2025-11-27 20:07:34,466 [INFO] ✅ 实体抽取成功: 共 2 个实体
2025-11-27 20:07:34,466 [INFO]    完整结果:
{"人物": [], "概念": [], "方法": ["非暴力沟通"], "理论": [], "组织": [], "书籍": [], "情绪": [], "行为": ["提问"]}
2025-11-27 20:07:37,576 [INFO] ✅ 关系抽取成功: 共 0 个关系
2025-11-27 20:07:37,576 [INFO]    完整结果:
{"提出": [], "包含": [], "应用": [], "来源": [], "解释": [], "相关": [], "导致": [], "影响": []}
2025-11-27 20:07:37,576 [INFO] 
📊 进度统计:
2025-11-27 20:07:37,576 [INFO]    已处理批次: 313/693 (45.2%)
2025-11-27 20:07:37,576 [INFO]    已处理段落: 1565/3465
2025-11-27 20:07:37,576 [INFO]    成功: 313, 失败: 0
2025-11-27 20:07:37,576 [INFO]    已用时: 43.9 分钟
2025-11-27 20:07:37,576 [INFO]    预计剩余: 53.3 分钟
2025-11-27 20:07:37,576 [INFO]    预计总时间: 97.1 分钟
2025-11-27 20:07:37,576 [INFO] 
================================================================================
2025-11-27 20:07:37,576 [INFO] 处理第 314/693 批 (段落 1566-1570)
2025-11-27 20:07:37,576 [INFO] ================================================================================
2025-11-27 20:07:37,576 [INFO] 📄 本批段落数: 5
2025-11-27 20:07:37,576 [INFO] 📄 合并文本长度: 155 字符
2025-11-27 20:07:37,576 [INFO] 📄 完整文本:
要提出这些问题，我们要能感知他人的内在状态（感受和需要），

同时邀请他人更正我们没有理解到位的地方。请注意上述问题与以下问

2. “你现在心情怎么样？”“为什么你会有那样的感受？”

第二组问题并不需要我们感知他人的内在。尽管这些问题看起来很

直接，但我却发现，它们并不是获取讯息的最佳途径。这样的提问方
2025-11-27 20:07:37,576 [INFO] --------------------------------------------------------------------------------
2025-11-27 20:07:40,873 [INFO] ✅ 实体抽取成功: 共 1 个实体
2025-11-27 20:07:40,874 [INFO]    完整结果:
{"人物": [], "概念": [], "方法": [], "理论": [], "组织": [], "书籍": [], "情绪": ["心情"], "行为": []}
2025-11-27 20:07:44,005 [INFO] ✅ 关系抽取成功: 共 0 个关系
2025-11-27 20:07:44,005 [INFO]    完整结果:
{"提出": [], "包含": [], "应用": [], "来源": [], "解释": [], "相关": [], "导致": [], "影响": []}
2025-11-27 20:07:44,005 [INFO] 
📊 进度统计:
2025-11-27 20:07:44,005 [INFO]    已处理批次: 314/693 (45.3%)
2025-11-27 20:07:44,005 [INFO]    已处理段落: 1570/3465
2025-11-27 20:07:44,005 [INFO]    成功: 314, 失败: 0
2025-11-27 20:07:44,005 [INFO]    已用时: 44.0 分钟
2025-11-27 20:07:44,005 [INFO]    预计剩余: 53.1 分钟
2025-11-27 20:07:44,005 [INFO]    预计总时间: 97.1 分钟
2025-11-27 20:07:44,005 [INFO] 
================================================================================
2025-11-27 20:07:44,005 [INFO] 处理第 315/693 批 (段落 1571-1575)
2025-11-27 20:07:44,005 [INFO] ================================================================================
2025-11-27 20:07:44,005 [INFO] 📄 本批段落数: 5
2025-11-27 20:07:44,005 [INFO] 📄 合并文本长度: 164 字符
2025-11-27 20:07:44,005 [INFO] 📄 完整文本:
式，就像老师在考学生，或是心理咨询师在问诊。如果我们实在要这么

问，根据我的经验，最好先披露自己的感受和需要，让对方明白我们为

什么这样问。这样，人们会感到更安全些。例如，与其问别人：“你指

的是哪件事？”不如说：“我有些困惑，我想知道你指的是哪件事。你愿

意告诉我吗？”如果我们已经通过互动或说话的语气表明了我们的感受
2025-11-27 20:07:44,005 [INFO] --------------------------------------------------------------------------------
2025-11-27 20:07:48,703 [INFO] ✅ 实体抽取成功: 共 3 个实体
2025-11-27 20:07:48,703 [INFO]    完整结果:
{"人物": [], "概念": [], "方法": [], "理论": [], "组织": [], "书籍": [], "情绪": ["困惑"], "行为": ["问诊", "表明了我们的感受"]}
2025-11-27 20:07:54,084 [INFO] ✅ 关系抽取成功: 共 1 个关系
2025-11-27 20:07:54,085 [INFO]    完整结果:
{"提出": [], "包含": [], "应用": [{"subject": "问诊", "object": "心理咨询师"}], "来源": [], "解释": [], "相关": [], "导致": [], "影响": []}
2025-11-27 20:07:54,085 [INFO] 
📊 进度统计:
2025-11-27 20:07:54,085 [INFO]    已处理批次: 315/693 (45.5%)
2025-11-27 20:07:54,085 [INFO]    已处理段落: 1575/3465
2025-11-27 20:07:54,085 [INFO]    成功: 315, 失败: 0
2025-11-27 20:07:54,085 [INFO]    已用时: 44.2 分钟
2025-11-27 20:07:54,085 [INFO]    预计剩余: 53.0 分钟
2025-11-27 20:07:54,085 [INFO]    预计总时间: 97.1 分钟
2025-11-27 20:07:54,085 [INFO] 
================================================================================
2025-11-27 20:07:54,085 [INFO] 处理第 316/693 批 (段落 1576-1580)
2025-11-27 20:07:54,085 [INFO] ================================================================================
2025-11-27 20:07:54,085 [INFO] 📄 本批段落数: 5
2025-11-27 20:07:54,085 [INFO] 📄 合并文本长度: 158 字符
2025-11-27 20:07:54,085 [INFO] 📄 完整文本:
和需要，这一步也许并不是必要的。但若我们在提问时带有强烈的情

如何决定什么时候需要复述他人的话呢？显然，当我们不确定自己

是否理解了对方的意思，就可以通过复述让对方有机会做出说明或更

正。即便我们确信已经理解了对方，可能还会发现对方也想对此做出确

认。有时，他们会直接问：“这样说清楚吗？”或“你明白我的意思
2025-11-27 20:07:54,085 [INFO] --------------------------------------------------------------------------------
2025-11-27 20:07:57,513 [INFO] ✅ 实体抽取成功: 共 1 个实体
2025-11-27 20:07:57,513 [INFO]    完整结果:
{"人物": [], "概念": [], "方法": [], "理论": [], "组织": [], "书籍": [], "情绪": [], "行为": ["复述"]}
2025-11-27 20:08:00,642 [INFO] ✅ 关系抽取成功: 共 0 个关系
2025-11-27 20:08:00,642 [INFO]    完整结果:
{"提出": [], "包含": [], "应用": [], "来源": [], "解释": [], "相关": [], "导致": [], "影响": []}
2025-11-27 20:08:00,642 [INFO] 
📊 进度统计:
2025-11-27 20:08:00,642 [INFO]    已处理批次: 316/693 (45.6%)
2025-11-27 20:08:00,642 [INFO]    已处理段落: 1580/3465
2025-11-27 20:08:00,642 [INFO]    成功: 316, 失败: 0
2025-11-27 20:08:00,642 [INFO]    已用时: 44.3 分钟
2025-11-27 20:08:00,642 [INFO]    预计剩余: 52.8 分钟
2025-11-27 20:08:00,642 [INFO]    预计总时间: 97.1 分钟
2025-11-27 20:08:00,643 [INFO] 
================================================================================
2025-11-27 20:08:00,643 [INFO] 处理第 317/693 批 (段落 1581-1585)
2025-11-27 20:08:00,643 [INFO] ================================================================================
2025-11-27 20:08:00,643 [INFO] 📄 本批段落数: 5
2025-11-27 20:08:00,643 [INFO] 📄 合并文本长度: 160 字符
2025-11-27 20:08:00,643 [INFO] 📄 完整文本:
吗？”这时，如果你能把听到的话清楚地复述出来，往往会比一句“我明

一位医院志愿者参加了非暴力沟通工作坊，不久后，护士们请她和

一位上了年纪的病人沟通。护士们告诉她，老太太的病情并不严重，只

要服药就能好转。但她整天一个人坐在房间里反复地念着“我不想活

了，我不想活了”。这位志愿者见到老太太时，发现她就像护士们说
2025-11-27 20:08:00,643 [INFO] --------------------------------------------------------------------------------
2025-11-27 20:08:04,158 [INFO] ✅ 实体抽取成功: 共 1 个实体
2025-11-27 20:08:04,158 [INFO]    完整结果:
{"人物": [], "概念": [], "方法": ["非暴力沟通"], "理论": [], "组织": [], "书籍": [], "情绪": [], "行为": []}
2025-11-27 20:08:07,315 [INFO] ✅ 关系抽取成功: 共 0 个关系
2025-11-27 20:08:07,316 [INFO]    完整结果:
{"提出": [], "包含": [], "应用": [], "来源": [], "解释": [], "相关": [], "导致": [], "影响": []}
2025-11-27 20:08:07,316 [INFO] 
📊 进度统计:
2025-11-27 20:08:07,316 [INFO]    已处理批次: 317/693 (45.7%)
2025-11-27 20:08:07,316 [INFO]    已处理段落: 1585/3465
2025-11-27 20:08:07,316 [INFO]    成功: 317, 失败: 0
2025-11-27 20:08:07,316 [INFO]    已用时: 44.4 分钟
2025-11-27 20:08:07,316 [INFO]    预计剩余: 52.6 分钟
2025-11-27 20:08:07,316 [INFO]    预计总时间: 97.0 分钟
2025-11-27 20:08:07,316 [INFO] 
================================================================================
2025-11-27 20:08:07,316 [INFO] 处理第 318/693 批 (段落 1586-1590)
2025-11-27 20:08:07,316 [INFO] ================================================================================
2025-11-27 20:08:07,316 [INFO] 📄 本批段落数: 5
2025-11-27 20:08:07,316 [INFO] 📄 合并文本长度: 159 字符
2025-11-27 20:08:07,316 [INFO] 📄 完整文本:
的，一个人坐在那里，一遍遍地喃喃自语：“我不想活了……”

“你的意思是你不愿意活下去了？”这位志愿者同理了老人。老人很

惊讶，她停了下来，仿佛松了口气。接着，她开始诉说从没有人明白她

是多么痛苦。这位志愿者持续地反馈着老人的意思，说着说着，两人就

愈来愈亲热，手挽手地坐在了一起。后来，护士们问这位志愿者用了什
2025-11-27 20:08:07,316 [INFO] --------------------------------------------------------------------------------
2025-11-27 20:08:11,334 [INFO] ✅ 实体抽取成功: 共 1 个实体
2025-11-27 20:08:11,334 [INFO]    完整结果:
{"人物": [], "概念": [], "方法": [], "理论": [], "组织": [], "书籍": [], "情绪": [], "行为": ["喃喃自语"]}
2025-11-27 20:08:14,684 [INFO] ✅ 关系抽取成功: 共 0 个关系
2025-11-27 20:08:14,684 [INFO]    完整结果:
{"提出": [], "包含": [], "应用": [], "来源": [], "解释": [], "相关": [], "导致": [], "影响": []}
2025-11-27 20:08:14,685 [INFO] 
📊 进度统计:
2025-11-27 20:08:14,685 [INFO]    已处理批次: 318/693 (45.9%)
2025-11-27 20:08:14,685 [INFO]    已处理段落: 1590/3465
2025-11-27 20:08:14,685 [INFO]    成功: 318, 失败: 0
2025-11-27 20:08:14,685 [INFO]    已用时: 44.5 分钟
2025-11-27 20:08:14,685 [INFO]    预计剩余: 52.5 分钟
2025-11-27 20:08:14,685 [INFO]    预计总时间: 97.0 分钟
2025-11-27 20:08:14,685 [INFO] 
================================================================================
2025-11-27 20:08:14,685 [INFO] 处理第 319/693 批 (段落 1591-1595)
2025-11-27 20:08:14,685 [INFO] ================================================================================
2025-11-27 20:08:14,685 [INFO] 📄 本批段落数: 5
2025-11-27 20:08:14,685 [INFO] 📄 合并文本长度: 161 字符
2025-11-27 20:08:14,685 [INFO] 📄 完整文本:
么妙招，因为老人开始吃饭、服药，连精神状态也明显好转。护士们并

不知道，尽管她们一直尝试帮助老人，安慰她、劝解她，但直到和这位

志愿者谈话时，老人才获得她真正需要的——有人能够听见她内心深处

究竟何时进行复述，并没有严格的规定。一般来说，如果说话者带

有强烈情绪，反馈他们的情绪会让他们感到欣慰。如果我们是说话者，
2025-11-27 20:08:14,685 [INFO] --------------------------------------------------------------------------------
2025-11-27 20:08:18,400 [INFO] ✅ 实体抽取成功: 共 2 个实体
2025-11-27 20:08:18,400 [INFO]    完整结果:
{"人物": [], "概念": [], "方法": [], "理论": [], "组织": [], "书籍": [], "情绪": [], "行为": ["安慰", "劝解"]}
2025-11-27 20:08:25,738 [INFO] ✅ 关系抽取成功: 共 2 个关系
2025-11-27 20:08:25,738 [INFO]    完整结果:
{"提出": [], "包含": [], "应用": [], "来源": [], "解释": [], "相关": [], "导致": [], "影响": [{"subject": "老年痴呆症", "object": "精神状态"}, {"subject": "老年痴呆症", "object": "复述"}]}
2025-11-27 20:08:25,738 [INFO] 
📊 进度统计:
2025-11-27 20:08:25,738 [INFO]    已处理批次: 319/693 (46.0%)
2025-11-27 20:08:25,738 [INFO]    已处理段落: 1595/3465
2025-11-27 20:08:25,738 [INFO]    成功: 319, 失败: 0
2025-11-27 20:08:25,738 [INFO]    已用时: 44.7 分钟
2025-11-27 20:08:25,738 [INFO]    预计剩余: 52.4 分钟
2025-11-27 20:08:25,738 [INFO]    预计总时间: 97.1 分钟
2025-11-27 20:08:25,738 [INFO] 
================================================================================
2025-11-27 20:08:25,738 [INFO] 处理第 320/693 批 (段落 1596-1600)
2025-11-27 20:08:25,738 [INFO] ================================================================================
2025-11-27 20:08:25,738 [INFO] 📄 本批段落数: 5
2025-11-27 20:08:25,738 [INFO] 📄 合并文本长度: 160 字符
2025-11-27 20:08:25,738 [INFO] 📄 完整文本:
不妨清楚地表明是否希望对方把我们的话复述出来，这样对方会更清

还有些时候，出于对不同文化习俗的尊重，我们可以选择不用语言

反馈他人。一位华人男子为了学习如何同理父亲参加了非暴力沟通工作

坊。他过去常常在父亲的话中听到批评与攻击。为此，他极度害怕探望

父亲，每隔几个月才硬着头皮去一次。此后又过去10年，我们再次见
2025-11-27 20:08:25,738 [INFO] --------------------------------------------------------------------------------
2025-11-27 20:08:30,392 [INFO] ✅ 实体抽取成功: 共 4 个实体
2025-11-27 20:08:30,392 [INFO]    完整结果:
{"人物": [], "概念": ["文化", "非暴力沟通"], "方法": [], "理论": [], "组织": [], "书籍": [], "情绪": [], "行为": ["复述", "学习"]}
2025-11-27 20:08:35,462 [INFO] ✅ 关系抽取成功: 共 1 个关系
2025-11-27 20:08:35,462 [INFO]    完整结果:
{"提出": [], "包含": [], "应用": [{"subject": "非暴力沟通", "object": "华人男子"}], "来源": [], "解释": [], "相关": [], "导致": [], "影响": []}
2025-11-27 20:08:35,462 [INFO] 
📊 进度统计:
2025-11-27 20:08:35,462 [INFO]    已处理批次: 320/693 (46.2%)
2025-11-27 20:08:35,462 [INFO]    已处理段落: 1600/3465
2025-11-27 20:08:35,462 [INFO]    成功: 320, 失败: 0
2025-11-27 20:08:35,462 [INFO]    已用时: 44.8 分钟
2025-11-27 20:08:35,462 [INFO]    预计剩余: 52.3 分钟
2025-11-27 20:08:35,462 [INFO]    预计总时间: 97.1 分钟
2025-11-27 20:08:35,462 [INFO] 
================================================================================
2025-11-27 20:08:35,462 [INFO] 处理第 321/693 批 (段落 1601-1605)
2025-11-27 20:08:35,462 [INFO] ================================================================================
2025-11-27 20:08:35,463 [INFO] 📄 本批段落数: 5
2025-11-27 20:08:35,463 [INFO] 📄 合并文本长度: 164 字符
2025-11-27 20:08:35,463 [INFO] 📄 完整文本:
面，他告诉我，听见感受和需要的能力，彻底改变了他与父亲的关系，

他们的连结变得亲密且充满爱。但尽管如此，在聆听父亲的感受和需要

时，他并不会用语言复述出来。“我从不说出来，”他解释说，“在我们

的文化中，直接谈论一个人的感受是很少见的。但重要的是，我不再将

父亲的话视为对我的攻击，而是体会他说那些话背后的感受和需要，我
2025-11-27 20:08:35,463 [INFO] --------------------------------------------------------------------------------
2025-11-27 20:08:39,335 [INFO] ✅ 实体抽取成功: 共 2 个实体
2025-11-27 20:08:39,336 [INFO]    完整结果:
{"人物": [], "概念": [], "方法": [], "理论": [], "组织": [], "书籍": [], "情绪": [], "行为": ["聆听", "复述"]}
2025-11-27 20:08:44,083 [INFO] ✅ 关系抽取成功: 共 1 个关系
2025-11-27 20:08:44,083 [INFO]    完整结果:
{"提出": [], "包含": [], "应用": [], "来源": [], "解释": [], "相关": [], "导致": [], "影响": [{"subject": "听", "object": "关系"}]}
2025-11-27 20:08:44,083 [INFO] 
📊 进度统计:
2025-11-27 20:08:44,083 [INFO]    已处理批次: 321/693 (46.3%)
2025-11-27 20:08:44,083 [INFO]    已处理段落: 1605/3465
2025-11-27 20:08:44,083 [INFO]    成功: 321, 失败: 0
2025-11-27 20:08:44,083 [INFO]    已用时: 45.0 分钟
2025-11-27 20:08:44,083 [INFO]    预计剩余: 52.1 分钟
2025-11-27 20:08:44,083 [INFO]    预计总时间: 97.1 分钟
2025-11-27 20:08:44,083 [INFO] 
================================================================================
2025-11-27 20:08:44,083 [INFO] 处理第 322/693 批 (段落 1606-1610)
2025-11-27 20:08:44,083 [INFO] ================================================================================
2025-11-27 20:08:44,083 [INFO] 📄 本批段落数: 5
2025-11-27 20:08:44,083 [INFO] 📄 合并文本长度: 157 字符
2025-11-27 20:08:44,084 [INFO] 📄 完整文本:
“你的意思是，你永远不会直接和父亲说他的感受，只要能够听出

“不。我想现在已经准备好了。如今，我们的感情已经足够深厚

了，如果我对他说‘爸爸，我想和你谈谈感受’，我想他也不会觉得意外

在复述时，要特别注意语气。一个人在听别人反馈自己的话时，哪

怕听到一点点批评或嘲讽，都会格外敏感。如果我们的语气像是在下判
2025-11-27 20:08:44,084 [INFO] --------------------------------------------------------------------------------
2025-11-27 20:08:48,029 [INFO] ✅ 实体抽取成功: 共 3 个实体
2025-11-27 20:08:48,029 [INFO]    完整结果:
{"人物": [], "概念": [], "方法": [], "理论": [], "组织": [], "书籍": [], "情绪": [], "行为": ["复述", "听", "反馈"]}
2025-11-27 20:08:51,132 [INFO] ✅ 关系抽取成功: 共 0 个关系
2025-11-27 20:08:51,133 [INFO]    完整结果:
{"提出": [], "包含": [], "应用": [], "来源": [], "解释": [], "相关": [], "导致": [], "影响": []}
2025-11-27 20:08:51,133 [INFO] 
📊 进度统计:
2025-11-27 20:08:51,133 [INFO]    已处理批次: 322/693 (46.5%)
2025-11-27 20:08:51,133 [INFO]    已处理段落: 1610/3465
2025-11-27 20:08:51,133 [INFO]    成功: 322, 失败: 0
2025-11-27 20:08:51,133 [INFO]    已用时: 45.1 分钟
2025-11-27 20:08:51,133 [INFO]    预计剩余: 52.0 分钟
2025-11-27 20:08:51,133 [INFO]    预计总时间: 97.1 分钟
2025-11-27 20:08:51,133 [INFO] 
================================================================================
2025-11-27 20:08:51,133 [INFO] 处理第 323/693 批 (段落 1611-1615)
2025-11-27 20:08:51,133 [INFO] ================================================================================
2025-11-27 20:08:51,133 [INFO] 📄 本批段落数: 5
2025-11-27 20:08:51,133 [INFO] 📄 合并文本长度: 159 字符
2025-11-27 20:08:51,133 [INFO] 📄 完整文本:
断，仿佛认定对方心里在想什么，这通常会让他人感到不舒服。因而，

带着觉知聆听他人的感受和需要时，我们的语气是探询式的，是为了确

有时，人们可能会错误地理解复述的意图。如果对方回应我

们：“少跟我玩这套心理学的把戏了！”我们可以继续感知对方的感受和

需要。我们也许会发现，对方并不信任我们的动机，需要更进一步了解
2025-11-27 20:08:51,133 [INFO] --------------------------------------------------------------------------------
2025-11-27 20:08:54,832 [INFO] ✅ 实体抽取成功: 共 2 个实体
2025-11-27 20:08:54,832 [INFO]    完整结果:
{"人物": [], "概念": ["心理学"], "方法": [], "理论": [], "组织": [], "书籍": [], "情绪": [], "行为": ["觉知聆听"]}
2025-11-27 20:08:57,967 [INFO] ✅ 关系抽取成功: 共 0 个关系
2025-11-27 20:08:57,968 [INFO]    完整结果:
{"提出": [], "包含": [], "应用": [], "来源": [], "解释": [], "相关": [], "导致": [], "影响": []}
2025-11-27 20:08:57,968 [INFO] 
📊 进度统计:
2025-11-27 20:08:57,968 [INFO]    已处理批次: 323/693 (46.6%)
2025-11-27 20:08:57,968 [INFO]    已处理段落: 1615/3465
2025-11-27 20:08:57,968 [INFO]    成功: 323, 失败: 0
2025-11-27 20:08:57,968 [INFO]    已用时: 45.2 分钟
2025-11-27 20:08:57,968 [INFO]    预计剩余: 51.8 分钟
2025-11-27 20:08:57,968 [INFO]    预计总时间: 97.0 分钟
2025-11-27 20:08:57,968 [INFO] 
================================================================================
2025-11-27 20:08:57,968 [INFO] 处理第 324/693 批 (段落 1616-1620)
2025-11-27 20:08:57,968 [INFO] ================================================================================
2025-11-27 20:08:57,968 [INFO] 📄 本批段落数: 5
2025-11-27 20:08:57,968 [INFO] 📄 合并文本长度: 163 字符
2025-11-27 20:08:57,968 [INFO] 📄 完整文本:
我们的用意，才有可能欣然接受我们的表达方式。正如先前提到的，当

我们专注于话语背后的感受和需要时，就再也听不到任何批评、攻击、

辱骂和评判了。我们越是这样做，就越能够领悟到一个简单的真谛：我

们以为自己受到了指责，实际上，人们之所以会说那些话，其实是在诉

说他们有一些需要没有得到满足，希望得到我们的帮助。如果意识到这
2025-11-27 20:08:57,968 [INFO] --------------------------------------------------------------------------------
2025-11-27 20:09:01,855 [INFO] ✅ 实体抽取成功: 共 3 个实体
2025-11-27 20:09:01,856 [INFO]    完整结果:
{"人物": [], "概念": [], "方法": [], "理论": [], "组织": [], "书籍": [], "情绪": [], "行为": ["攻击", "辱骂", "评判"]}
2025-11-27 20:09:04,996 [INFO] ✅ 关系抽取成功: 共 0 个关系
2025-11-27 20:09:04,996 [INFO]    完整结果:
{"提出": [], "包含": [], "应用": [], "来源": [], "解释": [], "相关": [], "导致": [], "影响": []}
2025-11-27 20:09:04,996 [INFO] 
📊 进度统计:
2025-11-27 20:09:04,996 [INFO]    已处理批次: 324/693 (46.8%)
2025-11-27 20:09:04,996 [INFO]    已处理段落: 1620/3465
2025-11-27 20:09:04,996 [INFO]    成功: 324, 失败: 0
2025-11-27 20:09:04,996 [INFO]    已用时: 45.3 分钟
2025-11-27 20:09:04,996 [INFO]    预计剩余: 51.6 分钟
2025-11-27 20:09:04,996 [INFO]    预计总时间: 97.0 分钟
2025-11-27 20:09:04,996 [INFO] 
================================================================================
2025-11-27 20:09:04,996 [INFO] 处理第 325/693 批 (段落 1621-1625)
2025-11-27 20:09:04,996 [INFO] ================================================================================
2025-11-27 20:09:04,996 [INFO] 📄 本批段落数: 5
2025-11-27 20:09:04,996 [INFO] 📄 合并文本长度: 153 字符
2025-11-27 20:09:04,996 [INFO] 📄 完整文本:
点，我们就永远不会因他人的话而认为自己受到了屈辱。而我们之所以

认为自己尊严受损没有被当人看，正是因为我们陷入对他人的负面评判

中，或沉浸在认为自己犯了错而自责的想法中。

作家、神话学家约瑟夫·坎贝尔说过：“腾出‘他人如何看待我’这个

想法的空间给天赐之福。”一旦我们将那些原本听起来像批评或指责的
2025-11-27 20:09:04,996 [INFO] --------------------------------------------------------------------------------
2025-11-27 20:09:09,551 [INFO] ✅ 实体抽取成功: 共 3 个实体
2025-11-27 20:09:09,551 [INFO]    完整结果:
{"人物": ["约瑟夫·坎贝尔"], "概念": [], "方法": [], "理论": [], "组织": [], "书籍": [], "情绪": ["屈辱", "尊严受损"], "行为": []}
2025-11-27 20:09:12,688 [INFO] ✅ 关系抽取成功: 共 0 个关系
2025-11-27 20:09:12,688 [INFO]    完整结果:
{"提出": [], "包含": [], "应用": [], "来源": [], "解释": [], "相关": [], "导致": [], "影响": []}
2025-11-27 20:09:12,688 [INFO] 
📊 进度统计:
2025-11-27 20:09:12,688 [INFO]    已处理批次: 325/693 (46.9%)
2025-11-27 20:09:12,688 [INFO]    已处理段落: 1625/3465
2025-11-27 20:09:12,688 [INFO]    成功: 325, 失败: 0
2025-11-27 20:09:12,688 [INFO]    已用时: 45.5 分钟
2025-11-27 20:09:12,688 [INFO]    预计剩余: 51.5 分钟
2025-11-27 20:09:12,688 [INFO]    预计总时间: 96.9 分钟
2025-11-27 20:09:12,688 [INFO] 
================================================================================
2025-11-27 20:09:12,688 [INFO] 处理第 326/693 批 (段落 1626-1630)
2025-11-27 20:09:12,688 [INFO] ================================================================================
2025-11-27 20:09:12,688 [INFO] 📄 本批段落数: 5
2025-11-27 20:09:12,688 [INFO] 📄 合并文本长度: 161 字符
2025-11-27 20:09:12,688 [INFO] 📄 完整文本:
话看作来自他人的礼物——为身处痛苦中的人们提供服务的机会，我们

如果人们常常怀疑我们在复述时的动机和诚意，那么，我们就需要

好好审视自己的意图。也许，我们只是在机械地复述和运用非暴力沟通

的要素，而不清晰这样做目的何在。如果是这样，我们可以问自己，是

否更多地将关注放在了“正确”运用流程上，而没有用心和眼前的人连
2025-11-27 20:09:12,688 [INFO] --------------------------------------------------------------------------------
2025-11-27 20:09:18,080 [INFO] ✅ 实体抽取成功: 共 3 个实体
2025-11-27 20:09:18,080 [INFO]    完整结果:
{"人物": [], "概念": ["非暴力沟通"], "方法": [], "理论": [], "组织": [], "书籍": [], "情绪": [], "行为": ["复述", "机械地复述和运用非暴力沟通"]}
2025-11-27 20:09:23,223 [INFO] ✅ 关系抽取成功: 共 1 个关系
2025-11-27 20:09:23,223 [INFO]    完整结果:
{"提出": [], "包含": [], "应用": [{"subject": "非暴力沟通", "object": "复述"}], "来源": [], "解释": [], "相关": [], "导致": [], "影响": []}
2025-11-27 20:09:23,223 [INFO] 
📊 进度统计:
2025-11-27 20:09:23,223 [INFO]    已处理批次: 326/693 (47.0%)
2025-11-27 20:09:23,223 [INFO]    已处理段落: 1630/3465
2025-11-27 20:09:23,223 [INFO]    成功: 326, 失败: 0
2025-11-27 20:09:23,223 [INFO]    已用时: 45.6 分钟
2025-11-27 20:09:23,223 [INFO]    预计剩余: 51.4 分钟
2025-11-27 20:09:23,223 [INFO]    预计总时间: 97.0 分钟
2025-11-27 20:09:23,223 [INFO] 
================================================================================
2025-11-27 20:09:23,223 [INFO] 处理第 327/693 批 (段落 1631-1635)
2025-11-27 20:09:23,223 [INFO] ================================================================================
2025-11-27 20:09:23,223 [INFO] 📄 本批段落数: 5
2025-11-27 20:09:23,223 [INFO] 📄 合并文本长度: 161 字符
2025-11-27 20:09:23,223 [INFO] 📄 完整文本:
结。又或许，我们虽然使用非暴力沟通的形式，但真正想要的却是改变

还有的人认为在沟通中进行复述是浪费时间。一位市政府行政管理

人员在一次练习中表示：“我的职责是给出事实和解决方案，不是干坐

在这里，为每个来找我的人做心理咨询。”然而，许多市民带着热切关

注的议题而来，却因为没有被听到而带着愤怒离开，公众因而对他心怀
2025-11-27 20:09:23,223 [INFO] --------------------------------------------------------------------------------
2025-11-27 20:09:27,311 [INFO] ✅ 实体抽取成功: 共 3 个实体
2025-11-27 20:09:27,311 [INFO]    完整结果:
{"人物": [], "概念": [], "方法": ["非暴力沟通"], "理论": [], "组织": [], "书籍": [], "情绪": ["愤怒"], "行为": ["复述"]}
2025-11-27 20:09:30,472 [INFO] ✅ 关系抽取成功: 共 0 个关系
2025-11-27 20:09:30,472 [INFO]    完整结果:
{"提出": [], "包含": [], "应用": [], "来源": [], "解释": [], "相关": [], "导致": [], "影响": []}
2025-11-27 20:09:30,472 [INFO] 
📊 进度统计:
2025-11-27 20:09:30,472 [INFO]    已处理批次: 327/693 (47.2%)
2025-11-27 20:09:30,472 [INFO]    已处理段落: 1635/3465
2025-11-27 20:09:30,472 [INFO]    成功: 327, 失败: 0
2025-11-27 20:09:30,472 [INFO]    已用时: 45.8 分钟
2025-11-27 20:09:30,472 [INFO]    预计剩余: 51.2 分钟
2025-11-27 20:09:30,472 [INFO]    预计总时间: 97.0 分钟
2025-11-27 20:09:30,472 [INFO] 
================================================================================
2025-11-27 20:09:30,472 [INFO] 处理第 328/693 批 (段落 1636-1640)
2025-11-27 20:09:30,472 [INFO] ================================================================================
2025-11-27 20:09:30,472 [INFO] 📄 本批段落数: 5
2025-11-27 20:09:30,472 [INFO] 📄 合并文本长度: 159 字符
2025-11-27 20:09:30,472 [INFO] 📄 完整文本:
不满。有些市民私下向我吐露：“每次去他的办公室，他就给你讲一堆

事实，你却从来不知道你的话他有没有听进去。在这种情况下，你自然

事实上，复述往往能够节省时间而非浪费时间。一项有关劳资管理

谈判的研究显示，在谈判中，如果一方在回应前先准确复述对方说过的

我记得，曾经有一位男子因为婚姻出现了严重问题，便和妻子一起
2025-11-27 20:09:30,472 [INFO] --------------------------------------------------------------------------------
2025-11-27 20:09:34,128 [INFO] ✅ 实体抽取成功: 共 2 个实体
2025-11-27 20:09:34,128 [INFO]    完整结果:
{"人物": [], "概念": [], "方法": ["复述"], "理论": [], "组织": [], "书籍": [], "情绪": ["不满"], "行为": []}
2025-11-27 20:09:40,883 [INFO] ✅ 关系抽取成功: 共 2 个关系
2025-11-27 20:09:40,883 [INFO]    完整结果:
{"提出": [], "包含": [], "应用": [{"subject": "复述", "object": "劳资管理"}, {"subject": "复述", "object": "谈判"}], "来源": [], "解释": [], "相关": [], "导致": [], "影响": []}
2025-11-27 20:09:40,884 [INFO] 
📊 进度统计:
2025-11-27 20:09:40,884 [INFO]    已处理批次: 328/693 (47.3%)
2025-11-27 20:09:40,884 [INFO]    已处理段落: 1640/3465
2025-11-27 20:09:40,884 [INFO]    成功: 328, 失败: 0
2025-11-27 20:09:40,884 [INFO]    已用时: 45.9 分钟
2025-11-27 20:09:40,884 [INFO]    预计剩余: 51.1 分钟
2025-11-27 20:09:40,884 [INFO]    预计总时间: 97.0 分钟
2025-11-27 20:09:40,884 [INFO] 
================================================================================
2025-11-27 20:09:40,884 [INFO] 处理第 329/693 批 (段落 1641-1645)
2025-11-27 20:09:40,884 [INFO] ================================================================================
2025-11-27 20:09:40,884 [INFO] 📄 本批段落数: 5
2025-11-27 20:09:40,884 [INFO] 📄 合并文本长度: 151 字符
2025-11-27 20:09:40,884 [INFO] 📄 完整文本:
参加了我的工作坊。最初他也不相信复述会有什么效果。在课堂上，太

这时，我对这位先生说：“恐怕你刚刚已经证实了她的观点。你回

对于我的观点，他有些困惑。于是，我问他是否可以让我来扮演他

的角色，与他的妻子对话。由于一直以来在这方面不甚成功，他欣然答

应了。接着，我和他的太太便展开了以下这段对话：
2025-11-27 20:09:40,884 [INFO] --------------------------------------------------------------------------------
2025-11-27 20:09:44,931 [INFO] ✅ 实体抽取成功: 共 3 个实体
2025-11-27 20:09:44,932 [INFO]    完整结果:
{"人物": [], "概念": [], "方法": [], "理论": [], "组织": [], "书籍": [], "情绪": [], "行为": ["参加", "复述", "对话"]}
2025-11-27 20:09:48,092 [INFO] ✅ 关系抽取成功: 共 0 个关系
2025-11-27 20:09:48,092 [INFO]    完整结果:
{"提出": [], "包含": [], "应用": [], "来源": [], "解释": [], "相关": [], "导致": [], "影响": []}
2025-11-27 20:09:48,092 [INFO] 
📊 进度统计:
2025-11-27 20:09:48,092 [INFO]    已处理批次: 329/693 (47.5%)
2025-11-27 20:09:48,092 [INFO]    已处理段落: 1645/3465
2025-11-27 20:09:48,092 [INFO]    成功: 329, 失败: 0
2025-11-27 20:09:48,092 [INFO]    已用时: 46.1 分钟
2025-11-27 20:09:48,092 [INFO]    预计剩余: 51.0 分钟
2025-11-27 20:09:48,092 [INFO]    预计总时间: 97.0 分钟
2025-11-27 20:09:48,093 [INFO] 
================================================================================
2025-11-27 20:09:48,093 [INFO] 处理第 330/693 批 (段落 1646-1650)
2025-11-27 20:09:48,093 [INFO] ================================================================================
2025-11-27 20:09:48,093 [INFO] 📄 本批段落数: 5
2025-11-27 20:09:48,093 [INFO] 📄 合并文本长度: 157 字符
2025-11-27 20:09:48,093 [INFO] 📄 完整文本:
我（扮演她的丈夫）：“听起来，你很失望，你希望在我们的沟通

听到这些话时，太太的眼里泛起了泪水，她终于体验到了被人理解

是怎样的感觉。我转向她的先生，向他解释：“我相信这就是她一直以

来渴望的，从复述她的感受和需要中得到确认，你真的在听她说

话。”这位先生十分惊讶：“她想要的就是这样吗？”他难以置信如此简
2025-11-27 20:09:48,093 [INFO] --------------------------------------------------------------------------------
2025-11-27 20:09:51,624 [INFO] ✅ 实体抽取成功: 共 1 个实体
2025-11-27 20:09:51,624 [INFO]    完整结果:
{"人物": [], "概念": [], "方法": [], "理论": [], "组织": [], "书籍": [], "情绪": [], "行为": ["泪水"]}
2025-11-27 20:09:54,771 [INFO] ✅ 关系抽取成功: 共 0 个关系
2025-11-27 20:09:54,771 [INFO]    完整结果:
{"提出": [], "包含": [], "应用": [], "来源": [], "解释": [], "相关": [], "导致": [], "影响": []}
2025-11-27 20:09:54,771 [INFO] 
📊 进度统计:
2025-11-27 20:09:54,771 [INFO]    已处理批次: 330/693 (47.6%)
2025-11-27 20:09:54,771 [INFO]    已处理段落: 1650/3465
2025-11-27 20:09:54,771 [INFO]    成功: 330, 失败: 0
2025-11-27 20:09:54,771 [INFO]    已用时: 46.2 分钟
2025-11-27 20:09:54,771 [INFO]    预计剩余: 50.8 分钟
2025-11-27 20:09:54,771 [INFO]    预计总时间: 96.9 分钟
2025-11-27 20:09:54,771 [INFO] 
================================================================================
2025-11-27 20:09:54,771 [INFO] 处理第 331/693 批 (段落 1651-1655)
2025-11-27 20:09:54,772 [INFO] ================================================================================
2025-11-27 20:09:54,772 [INFO] 📄 本批段落数: 5
2025-11-27 20:09:54,772 [INFO] 📄 合并文本长度: 159 字符
2025-11-27 20:09:54,772 [INFO] 📄 完整文本:
接下来，这位先生也就某件事表达了对太太的不满。当太太将他的

话复述给他时，先生也亲身体验到了那种满足感。他看着我说：“这样

做有价值！”一个人能够明确地感受来自他人的同理心，是一种多么深

我建议，在关注解决方案或提出请求前，让他人有机会充分表达自

己。如果急于提及他人的请求，人们或许会以为我们对他们的感受和需
2025-11-27 20:09:54,772 [INFO] --------------------------------------------------------------------------------
2025-11-27 20:09:58,855 [INFO] ✅ 实体抽取成功: 共 3 个实体
2025-11-27 20:09:58,855 [INFO]    完整结果:
{"人物": [], "概念": ["同理心"], "方法": [], "理论": [], "组织": [], "书籍": [], "情绪": [], "行为": ["表达", "复述"]}
2025-11-27 20:10:02,001 [INFO] ✅ 关系抽取成功: 共 0 个关系
2025-11-27 20:10:02,002 [INFO]    完整结果:
{"提出": [], "包含": [], "应用": [], "来源": [], "解释": [], "相关": [], "导致": [], "影响": []}
2025-11-27 20:10:02,002 [INFO] 
📊 进度统计:
2025-11-27 20:10:02,002 [INFO]    已处理批次: 331/693 (47.8%)
2025-11-27 20:10:02,002 [INFO]    已处理段落: 1655/3465
2025-11-27 20:10:02,002 [INFO]    成功: 331, 失败: 0
2025-11-27 20:10:02,002 [INFO]    已用时: 46.3 分钟
2025-11-27 20:10:02,002 [INFO]    预计剩余: 50.6 分钟
2025-11-27 20:10:02,002 [INFO]    预计总时间: 96.9 分钟
2025-11-27 20:10:02,002 [INFO] 
================================================================================
2025-11-27 20:10:02,002 [INFO] 处理第 332/693 批 (段落 1656-1660)
2025-11-27 20:10:02,002 [INFO] ================================================================================
2025-11-27 20:10:02,002 [INFO] 📄 本批段落数: 5
2025-11-27 20:10:02,002 [INFO] 📄 合并文本长度: 162 字符
2025-11-27 20:10:02,002 [INFO] 📄 完整文本:
要并不真的感兴趣，只是急着要摆脱或解决他们的问题。此外，人们在

谈话开始所透露的信息往往只是冰山一角，有许多相关且更为强烈的感

受尚未表达。当我们持续关注他人的内心世界时，便让他人有了机会充

假如一位母亲诉苦说：“我的孩子简直难以理喻。不管我要他做什

么，他都不听。”这时，我们可以反馈她的感受和需要：“听起来，你很
2025-11-27 20:10:02,002 [INFO] --------------------------------------------------------------------------------
2025-11-27 20:10:05,715 [INFO] ✅ 实体抽取成功: 共 2 个实体
2025-11-27 20:10:05,715 [INFO]    完整结果:
{"人物": [], "概念": [], "方法": [], "理论": [], "组织": [], "书籍": [], "情绪": [], "行为": ["谈话", "反馈"]}
2025-11-27 20:10:08,895 [INFO] ✅ 关系抽取成功: 共 0 个关系
2025-11-27 20:10:08,895 [INFO]    完整结果:
{"提出": [], "包含": [], "应用": [], "来源": [], "解释": [], "相关": [], "导致": [], "影响": []}
2025-11-27 20:10:08,895 [INFO] 
📊 进度统计:
2025-11-27 20:10:08,895 [INFO]    已处理批次: 332/693 (47.9%)
2025-11-27 20:10:08,895 [INFO]    已处理段落: 1660/3465
2025-11-27 20:10:08,895 [INFO]    成功: 332, 失败: 0
2025-11-27 20:10:08,895 [INFO]    已用时: 46.4 分钟
2025-11-27 20:10:08,895 [INFO]    预计剩余: 50.5 分钟
2025-11-27 20:10:08,895 [INFO]    预计总时间: 96.9 分钟
2025-11-27 20:10:08,895 [INFO] 
================================================================================
2025-11-27 20:10:08,895 [INFO] 处理第 333/693 批 (段落 1661-1665)
2025-11-27 20:10:08,895 [INFO] ================================================================================
2025-11-27 20:10:08,895 [INFO] 📄 本批段落数: 5
2025-11-27 20:10:08,895 [INFO] 📄 合并文本长度: 163 字符
2025-11-27 20:10:08,895 [INFO] 📄 完整文本:
伤心，你希望找到办法和儿子连结。”这样的回应往往会促使对方审视

自己的内心。如果我们准确地反映了她想表达的意思，她也许还会触碰

到其他感受：“也许这是我的问题，我总是冲他大喊大叫。”作为聆听

者，我们可以继续关注她所表达的感受和需要，并表达同理：“你是否

有些内疚，你希望能更多理解孩子？”如果这位母亲能持续地感受到我
2025-11-27 20:10:08,895 [INFO] --------------------------------------------------------------------------------
2025-11-27 20:10:12,428 [INFO] ✅ 实体抽取成功: 共 2 个实体
2025-11-27 20:10:12,428 [INFO]    完整结果:
{"人物": [], "概念": [], "方法": ["聆听"], "理论": [], "组织": [], "书籍": [], "情绪": ["伤心"], "行为": []}
2025-11-27 20:10:15,549 [INFO] ✅ 关系抽取成功: 共 0 个关系
2025-11-27 20:10:15,549 [INFO]    完整结果:
{"提出": [], "包含": [], "应用": [], "来源": [], "解释": [], "相关": [], "导致": [], "影响": []}
2025-11-27 20:10:15,549 [INFO] 
📊 进度统计:
2025-11-27 20:10:15,549 [INFO]    已处理批次: 333/693 (48.1%)
2025-11-27 20:10:15,549 [INFO]    已处理段落: 1665/3465
2025-11-27 20:10:15,549 [INFO]    成功: 333, 失败: 0
2025-11-27 20:10:15,549 [INFO]    已用时: 46.5 分钟
2025-11-27 20:10:15,549 [INFO]    预计剩余: 50.3 分钟
2025-11-27 20:10:15,549 [INFO]    预计总时间: 96.8 分钟
2025-11-27 20:10:15,549 [INFO] 
================================================================================
2025-11-27 20:10:15,549 [INFO] 处理第 334/693 批 (段落 1666-1670)
2025-11-27 20:10:15,549 [INFO] ================================================================================
2025-11-27 20:10:15,549 [INFO] 📄 本批段落数: 5
2025-11-27 20:10:15,549 [INFO] 📄 合并文本长度: 161 字符
2025-11-27 20:10:15,549 [INFO] 📄 完整文本:
们的理解，也许会说出她内心深处的感受或想法：“我是个失败的母

亲。”我们同样继续聆听她的感受和需要：“你有些气馁，你想加深与儿

子的情感联系，是吗？”我们持续这般地同理她，直到她充分表达了相

如何知道我们已经充分同理了他人呢？首先，如果一个人体验到当

下的内心世界被他人充分理解了，就会感到轻松。这时，我们也会相应
2025-11-27 20:10:15,549 [INFO] --------------------------------------------------------------------------------
2025-11-27 20:10:18,861 [INFO] ✅ 实体抽取成功: 共 1 个实体
2025-11-27 20:10:18,862 [INFO]    完整结果:
{"人物": [], "概念": [], "方法": ["同理"], "理论": [], "组织": [], "书籍": [], "情绪": [], "行为": []}
2025-11-27 20:10:21,981 [INFO] ✅ 关系抽取成功: 共 0 个关系
2025-11-27 20:10:21,981 [INFO]    完整结果:
{"提出": [], "包含": [], "应用": [], "来源": [], "解释": [], "相关": [], "导致": [], "影响": []}
2025-11-27 20:10:21,981 [INFO] 
📊 进度统计:
2025-11-27 20:10:21,981 [INFO]    已处理批次: 334/693 (48.2%)
2025-11-27 20:10:21,981 [INFO]    已处理段落: 1670/3465
2025-11-27 20:10:21,981 [INFO]    成功: 334, 失败: 0
2025-11-27 20:10:21,981 [INFO]    已用时: 46.6 分钟
2025-11-27 20:10:21,981 [INFO]    预计剩余: 50.1 分钟
2025-11-27 20:10:21,981 [INFO]    预计总时间: 96.7 分钟
2025-11-27 20:10:21,981 [INFO] 
================================================================================
2025-11-27 20:10:21,981 [INFO] 处理第 335/693 批 (段落 1671-1675)
2025-11-27 20:10:21,981 [INFO] ================================================================================
2025-11-27 20:10:21,981 [INFO] 📄 本批段落数: 5
2025-11-27 20:10:21,981 [INFO] 📄 合并文本长度: 161 字符
2025-11-27 20:10:21,981 [INFO] 📄 完整文本:
地在自己身上感受到不再那么紧绷。还有一个更明显的迹象是，对方会

安静下来停止说话。如果我们无法确定对方是否充分地表达了自己，不

我们无法把自己没有的东西给予他人。有时，我们会发现，即使做

出了努力，也无法或不想同理他人，这通常表明我们自己并没有得到足

够的同理。有时，如果我们能够坦然地承认，自己正处于痛苦中，以致
2025-11-27 20:10:21,981 [INFO] --------------------------------------------------------------------------------
2025-11-27 20:10:25,262 [INFO] ✅ 实体抽取成功: 共 1 个实体
2025-11-27 20:10:25,262 [INFO]    完整结果:
{"人物": [], "概念": [], "方法": [], "理论": [], "组织": [], "书籍": [], "情绪": ["痛苦"], "行为": []}
2025-11-27 20:10:28,359 [INFO] ✅ 关系抽取成功: 共 0 个关系
2025-11-27 20:10:28,359 [INFO]    完整结果:
{"提出": [], "包含": [], "应用": [], "来源": [], "解释": [], "相关": [], "导致": [], "影响": []}
2025-11-27 20:10:28,359 [INFO] 
📊 进度统计:
2025-11-27 20:10:28,359 [INFO]    已处理批次: 335/693 (48.3%)
2025-11-27 20:10:28,359 [INFO]    已处理段落: 1675/3465
2025-11-27 20:10:28,359 [INFO]    成功: 335, 失败: 0
2025-11-27 20:10:28,359 [INFO]    已用时: 46.7 分钟
2025-11-27 20:10:28,359 [INFO]    预计剩余: 49.9 分钟
2025-11-27 20:10:28,359 [INFO]    预计总时间: 96.7 分钟
2025-11-27 20:10:28,359 [INFO] 
================================================================================
2025-11-27 20:10:28,359 [INFO] 处理第 336/693 批 (段落 1676-1680)
2025-11-27 20:10:28,359 [INFO] ================================================================================
2025-11-27 20:10:28,359 [INFO] 📄 本批段落数: 5
2025-11-27 20:10:28,359 [INFO] 📄 合并文本长度: 159 字符
2025-11-27 20:10:28,359 [INFO] 📄 完整文本:
无法同理对方，他人很可能会反过来同理我们。

有时我们也需要给予自己一些同理“急救”，关注和聆听自己的内心

世界。联合国前秘书长达格·哈马舍尔德（Dag Hammarskj ld）曾

说：“你越是忠实地聆听自己内心的声音，就越能听到外面的世界。”如

果我们善于同理自己，就有能力迅速地调整好状态，得以与他人同在。
2025-11-27 20:10:28,359 [INFO] --------------------------------------------------------------------------------
2025-11-27 20:10:34,578 [INFO] ✅ 实体抽取成功: 共 5 个实体
2025-11-27 20:10:34,579 [INFO]    完整结果:
{"人物": ["达格·哈马舍尔德", "Dag Hammarskj ld"], "概念": [], "方法": [], "理论": [], "组织": ["联合国"], "书籍": [], "情绪": [], "行为": ["同理", "聆听"]}
2025-11-27 20:10:37,708 [INFO] ✅ 关系抽取成功: 共 0 个关系
2025-11-27 20:10:37,709 [INFO]    完整结果:
{"提出": [], "包含": [], "应用": [], "来源": [], "解释": [], "相关": [], "导致": [], "影响": []}
2025-11-27 20:10:37,709 [INFO] 
📊 进度统计:
2025-11-27 20:10:37,709 [INFO]    已处理批次: 336/693 (48.5%)
2025-11-27 20:10:37,709 [INFO]    已处理段落: 1680/3465
2025-11-27 20:10:37,709 [INFO]    成功: 336, 失败: 0
2025-11-27 20:10:37,709 [INFO]    已用时: 46.9 分钟
2025-11-27 20:10:37,709 [INFO]    预计剩余: 49.8 分钟
2025-11-27 20:10:37,709 [INFO]    预计总时间: 96.7 分钟
2025-11-27 20:10:37,709 [INFO] 
================================================================================
2025-11-27 20:10:37,709 [INFO] 处理第 337/693 批 (段落 1681-1685)
2025-11-27 20:10:37,709 [INFO] ================================================================================
2025-11-27 20:10:37,709 [INFO] 📄 本批段落数: 5
2025-11-27 20:10:37,709 [INFO] 📄 合并文本长度: 163 字符
2025-11-27 20:10:37,709 [INFO] 📄 完整文本:
一种选择是以非暴力的方式来呐喊——“非暴力呐喊”。有一次，我

花了3天时间调停两派人马之间的冲突。其中一派称自己为“埃及黑

人”，另一派来自东圣路易斯警察局。一个月内，一方死了2人，另一方

死了1人。那3天中，我努力帮助双方相互听见并化解分歧。我记得最后

一天开车回家的路上，我和自己说：“这辈子再也不想身处这样的冲突
2025-11-27 20:10:37,709 [INFO] --------------------------------------------------------------------------------
2025-11-27 20:10:42,905 [INFO] ✅ 实体抽取成功: 共 2 个实体
2025-11-27 20:10:42,905 [INFO]    完整结果:
{"人物": [], "概念": [], "方法": [], "理论": [], "组织": ["东圣路易斯警察局"], "书籍": [], "情绪": [], "行为": ["非暴力呐喊"]}
2025-11-27 20:10:46,368 [INFO] ✅ 关系抽取成功: 共 0 个关系
2025-11-27 20:10:46,368 [INFO]    完整结果:
{"提出": [], "包含": [], "应用": [], "来源": [], "解释": [], "相关": [], "导致": [], "影响": []}
2025-11-27 20:10:46,368 [INFO] 
📊 进度统计:
2025-11-27 20:10:46,368 [INFO]    已处理批次: 337/693 (48.6%)
2025-11-27 20:10:46,368 [INFO]    已处理段落: 1685/3465
2025-11-27 20:10:46,368 [INFO]    成功: 337, 失败: 0
2025-11-27 20:10:46,368 [INFO]    已用时: 47.0 分钟
2025-11-27 20:10:46,368 [INFO]    预计剩余: 49.7 分钟
2025-11-27 20:10:46,368 [INFO]    预计总时间: 96.7 分钟
2025-11-27 20:10:46,368 [INFO] 
================================================================================
2025-11-27 20:10:46,368 [INFO] 处理第 338/693 批 (段落 1686-1690)
2025-11-27 20:10:46,368 [INFO] ================================================================================
2025-11-27 20:10:46,368 [INFO] 📄 本批段落数: 5
2025-11-27 20:10:46,368 [INFO] 📄 合并文本长度: 159 字符
2025-11-27 20:10:46,368 [INFO] 📄 完整文本:
没想到一进家门，我就看到孩子们正在打架。那时，我已经没有力

气去同理他们了，便用非暴力沟通的方式大声地呐喊道：“我现在很难

受！真的不想来管你们打架的事情，我只想要安静一会儿！”听到这番

话，我年仅9岁的大儿子停了下来，看着我问道：“你愿意和我们说说

我发现，如果我们能坦诚并且不带指责地谈论自己的痛苦，即使对
2025-11-27 20:10:46,368 [INFO] --------------------------------------------------------------------------------
2025-11-27 20:10:50,289 [INFO] ✅ 实体抽取成功: 共 2 个实体
2025-11-27 20:10:50,289 [INFO]    完整结果:
{"人物": [], "概念": [], "方法": ["非暴力沟通"], "理论": [], "组织": [], "书籍": [], "情绪": [], "行为": ["打架"]}
2025-11-27 20:10:53,457 [INFO] ✅ 关系抽取成功: 共 0 个关系
2025-11-27 20:10:53,457 [INFO]    完整结果:
{"提出": [], "包含": [], "应用": [], "来源": [], "解释": [], "相关": [], "导致": [], "影响": []}
2025-11-27 20:10:53,457 [INFO] 
📊 进度统计:
2025-11-27 20:10:53,457 [INFO]    已处理批次: 338/693 (48.8%)
2025-11-27 20:10:53,457 [INFO]    已处理段落: 1690/3465
2025-11-27 20:10:53,457 [INFO]    成功: 338, 失败: 0
2025-11-27 20:10:53,457 [INFO]    已用时: 47.1 分钟
2025-11-27 20:10:53,457 [INFO]    预计剩余: 49.5 分钟
2025-11-27 20:10:53,457 [INFO]    预计总时间: 96.7 分钟
2025-11-27 20:10:53,457 [INFO] 
================================================================================
2025-11-27 20:10:53,457 [INFO] 处理第 339/693 批 (段落 1691-1695)
2025-11-27 20:10:53,457 [INFO] ================================================================================
2025-11-27 20:10:53,457 [INFO] 📄 本批段落数: 5
2025-11-27 20:10:53,457 [INFO] 📄 合并文本长度: 159 字符
2025-11-27 20:10:53,457 [INFO] 📄 完整文本:
方也处于苦痛之中，有时也能够听见我们的需要。在前述的例子中，我

不想冲着孩子大喊：“这怎么回事？你们就不能乖一点吗？我在外面辛

苦了一整天才回到家啊！”我也不想用任何其他方式来暗示对方错

了。“非暴力呐喊”就是提醒他人注意我在当下的痛苦和迫切的需要。

不过，如果对方也处于强烈的情绪中，无法听见我们，也不肯放过
2025-11-27 20:10:53,457 [INFO] --------------------------------------------------------------------------------
2025-11-27 20:10:57,295 [INFO] ✅ 实体抽取成功: 共 1 个实体
2025-11-27 20:10:57,295 [INFO]    完整结果:
{"人物": [], "概念": [], "方法": ["非暴力呐喊"], "理论": [], "组织": [], "书籍": [], "情绪": [], "行为": []}
2025-11-27 20:11:03,963 [INFO] ✅ 关系抽取成功: 共 1 个关系
2025-11-27 20:11:03,963 [INFO]    完整结果:
{"提出": [], "包含": [], "应用": [], "来源": [], "解释": [{"subject": "非暴力呐喊", "object": "提醒他人注意我在当下的痛苦和迫切的需要"}], "相关": [], "导致": [], "影响": []}
2025-11-27 20:11:03,963 [INFO] 
📊 进度统计:
2025-11-27 20:11:03,963 [INFO]    已处理批次: 339/693 (48.9%)
2025-11-27 20:11:03,963 [INFO]    已处理段落: 1695/3465
2025-11-27 20:11:03,963 [INFO]    成功: 339, 失败: 0
2025-11-27 20:11:03,963 [INFO]    已用时: 47.3 分钟
2025-11-27 20:11:03,963 [INFO]    预计剩余: 49.4 分钟
2025-11-27 20:11:03,963 [INFO]    预计总时间: 96.7 分钟
2025-11-27 20:11:03,963 [INFO] 
================================================================================
2025-11-27 20:11:03,963 [INFO] 处理第 340/693 批 (段落 1696-1700)
2025-11-27 20:11:03,963 [INFO] ================================================================================
2025-11-27 20:11:03,963 [INFO] 📄 本批段落数: 5
2025-11-27 20:11:03,963 [INFO] 📄 合并文本长度: 162 字符
2025-11-27 20:11:03,963 [INFO] 📄 完整文本:
我们，而同时，同理“急救”和“非暴力呐喊”都无法帮助我们的话，我们

的另一种选择就是：暂时离开现场，得到自己所需的同理心，等到心境

所谓“同理”就是带着尊重来理解他人的经历。我们常常有强烈的冲

动想给他人建议或安慰，或是解释自己的立场和感受。同理则邀请我们

活在非暴力沟通中意味着，不论他人用什么样的言辞来表达自己，
2025-11-27 20:11:03,963 [INFO] --------------------------------------------------------------------------------
2025-11-27 20:11:09,266 [INFO] ✅ 实体抽取成功: 共 4 个实体
2025-11-27 20:11:09,266 [INFO]    完整结果:
{"人物": [], "概念": ["同理", "非暴力呐喊", "同理心", "非暴力沟通"], "方法": [], "理论": [], "组织": [], "书籍": [], "情绪": [], "行为": []}
2025-11-27 20:11:14,843 [INFO] ✅ 关系抽取成功: 共 1 个关系
2025-11-27 20:11:14,844 [INFO]    完整结果:
{"提出": [], "包含": [], "应用": [], "来源": [], "解释": [{"subject": "同理", "object": "带着尊重来理解他人的经历"}], "相关": [], "导致": [], "影响": []}
2025-11-27 20:11:14,844 [INFO] 
📊 进度统计:
2025-11-27 20:11:14,844 [INFO]    已处理批次: 340/693 (49.1%)
2025-11-27 20:11:14,844 [INFO]    已处理段落: 1700/3465
2025-11-27 20:11:14,844 [INFO]    成功: 340, 失败: 0
2025-11-27 20:11:14,844 [INFO]    已用时: 47.5 分钟
2025-11-27 20:11:14,844 [INFO]    预计剩余: 49.3 分钟
2025-11-27 20:11:14,844 [INFO]    预计总时间: 96.8 分钟
2025-11-27 20:11:14,844 [INFO] 
================================================================================
2025-11-27 20:11:14,844 [INFO] 处理第 341/693 批 (段落 1701-1705)
2025-11-27 20:11:14,844 [INFO] ================================================================================
2025-11-27 20:11:14,844 [INFO] 📄 本批段落数: 5
2025-11-27 20:11:14,844 [INFO] 📄 合并文本长度: 161 字符
2025-11-27 20:11:14,844 [INFO] 📄 完整文本:
我们都只是聆听他们的观察、感受、需要和请求。接着，我们可以选择

反馈他们的意思、复述我们的理解。此外，持续地同理让他人有机会充

分表达自己，当他人感到被充分理解后，我们再来关注解决方案或提出

我们自己也需要获得同理才能更好地同理他人。当意识到自己处于

辩解防卫的状态或痛苦得无法同理他人时，我们可以选择（1）停顿，
2025-11-27 20:11:14,844 [INFO] --------------------------------------------------------------------------------
2025-11-27 20:11:20,258 [INFO] ✅ 实体抽取成功: 共 7 个实体
2025-11-27 20:11:20,258 [INFO]    完整结果:
{"人物": [], "概念": ["同理"], "方法": [], "理论": [], "组织": [], "书籍": [], "情绪": [], "行为": ["聆听", "反馈", "复述", "同理", "表达", "停顿"]}
2025-11-27 20:11:23,412 [INFO] ✅ 关系抽取成功: 共 0 个关系
2025-11-27 20:11:23,412 [INFO]    完整结果:
{"提出": [], "包含": [], "应用": [], "来源": [], "解释": [], "相关": [], "导致": [], "影响": []}
2025-11-27 20:11:23,412 [INFO] 
📊 进度统计:
2025-11-27 20:11:23,412 [INFO]    已处理批次: 341/693 (49.2%)
2025-11-27 20:11:23,412 [INFO]    已处理段落: 1705/3465
2025-11-27 20:11:23,412 [INFO]    成功: 341, 失败: 0
2025-11-27 20:11:23,412 [INFO]    已用时: 47.6 分钟
2025-11-27 20:11:23,412 [INFO]    预计剩余: 49.2 分钟
2025-11-27 20:11:23,412 [INFO]    预计总时间: 96.8 分钟
2025-11-27 20:11:23,412 [INFO] 
================================================================================
2025-11-27 20:11:23,412 [INFO] 处理第 342/693 批 (段落 1706-1710)
2025-11-27 20:11:23,412 [INFO] ================================================================================
2025-11-27 20:11:23,412 [INFO] 📄 本批段落数: 5
2025-11-27 20:11:23,412 [INFO] 📄 合并文本长度: 156 字符
2025-11-27 20:11:23,412 [INFO] 📄 完整文本:
深呼吸，同理自己；（2）“非暴力呐喊”；（3）离开现场。

一位病人被诊断为肺癌晚期。在他被送往医院前，这是他最后一次

有机会和妻子建立情感上的连结，并且谈论他的死亡。现场还有协助他

的护士。谈话一开始，妻子就向护士抱怨护理先生的一位理疗师。

护士：（同理太太的感受和渴望）你是不是有些生气，希望先生得到更
2025-11-27 20:11:23,412 [INFO] --------------------------------------------------------------------------------
2025-11-27 20:11:28,947 [INFO] ✅ 实体抽取成功: 共 5 个实体
2025-11-27 20:11:28,947 [INFO]    完整结果:
{"人物": [], "概念": [], "方法": [], "理论": [], "组织": [], "书籍": [], "情绪": ["同理自己", "生气"], "行为": ["深呼吸", "非暴力呐喊", "离开现场"]}
2025-11-27 20:11:32,140 [INFO] ✅ 关系抽取成功: 共 0 个关系
2025-11-27 20:11:32,140 [INFO]    完整结果:
{"提出": [], "包含": [], "应用": [], "来源": [], "解释": [], "相关": [], "导致": [], "影响": []}
2025-11-27 20:11:32,140 [INFO] 
📊 进度统计:
2025-11-27 20:11:32,140 [INFO]    已处理批次: 342/693 (49.4%)
2025-11-27 20:11:32,140 [INFO]    已处理段落: 1710/3465
2025-11-27 20:11:32,140 [INFO]    成功: 342, 失败: 0
2025-11-27 20:11:32,140 [INFO]    已用时: 47.8 分钟
2025-11-27 20:11:32,140 [INFO]    预计剩余: 49.0 分钟
2025-11-27 20:11:32,140 [INFO]    预计总时间: 96.8 分钟
2025-11-27 20:11:32,140 [INFO] 
================================================================================
2025-11-27 20:11:32,140 [INFO] 处理第 343/693 批 (段落 1711-1715)
2025-11-27 20:11:32,140 [INFO] ================================================================================
2025-11-27 20:11:32,140 [INFO] 📄 本批段落数: 5
2025-11-27 20:11:32,140 [INFO] 📄 合并文本长度: 162 字符
2025-11-27 20:11:32,140 [INFO] 📄 完整文本:
妻子：她什么都不做。只要发现他的脉搏稍微快一些，就不让他走路

护士：（继续聆听她的感受和需要）是不是你害怕，如果治疗师不鼓励

护士：（聆听她害怕背后的其他感受）你担心如果他走了，你不知道怎

妻子：我完全无法想象，没有他，我怎么活下去。一直以来他都在我身

妻子：除了他，我身边没有其他人了。他是我的全部。我女儿甚至都不
2025-11-27 20:11:32,140 [INFO] --------------------------------------------------------------------------------
2025-11-27 20:11:35,517 [INFO] ✅ 实体抽取成功: 共 1 个实体
2025-11-27 20:11:35,517 [INFO]    完整结果:
{"人物": [], "概念": [], "方法": [], "理论": [], "组织": [], "书籍": [], "情绪": ["害怕"], "行为": []}
2025-11-27 20:11:38,706 [INFO] ✅ 关系抽取成功: 共 0 个关系
2025-11-27 20:11:38,706 [INFO]    完整结果:
{"提出": [], "包含": [], "应用": [], "来源": [], "解释": [], "相关": [], "导致": [], "影响": []}
2025-11-27 20:11:38,706 [INFO] 
📊 进度统计:
2025-11-27 20:11:38,707 [INFO]    已处理批次: 343/693 (49.5%)
2025-11-27 20:11:38,707 [INFO]    已处理段落: 1715/3465
2025-11-27 20:11:38,707 [INFO]    成功: 343, 失败: 0
2025-11-27 20:11:38,707 [INFO]    已用时: 47.9 分钟
2025-11-27 20:11:38,707 [INFO]    预计剩余: 48.9 分钟
2025-11-27 20:11:38,707 [INFO]    预计总时间: 96.8 分钟
2025-11-27 20:11:38,707 [INFO] 
================================================================================
2025-11-27 20:11:38,707 [INFO] 处理第 344/693 批 (段落 1716-1720)
2025-11-27 20:11:38,707 [INFO] ================================================================================
2025-11-27 20:11:38,707 [INFO] 📄 本批段落数: 5
2025-11-27 20:11:38,707 [INFO] 📄 合并文本长度: 161 字符
2025-11-27 20:11:38,707 [INFO] 📄 完整文本:
护士：想到你女儿，你感到灰心，希望与她的关系能好些，是吗？

妻子：是的。但她很自私。我甚至不明白为什么要生孩子！如果没有孩

护士：听起来，你有些愤怒和失望，在先生生病的时候，你希望家里人

妻子：是的，他病得这么重，我不知道我一个人怎么撑过去。除了有你

在……现在……我身边连个说话的人也没有。他也不愿和我说这些……
2025-11-27 20:11:38,707 [INFO] --------------------------------------------------------------------------------
2025-11-27 20:11:43,062 [INFO] ✅ 实体抽取成功: 共 3 个实体
2025-11-27 20:11:43,062 [INFO]    完整结果:
{"人物": [], "概念": [], "方法": [], "理论": [], "组织": [], "书籍": [], "情绪": ["灰心", "愤怒", "失望"], "行为": []}
2025-11-27 20:11:46,238 [INFO] ✅ 关系抽取成功: 共 0 个关系
2025-11-27 20:11:46,239 [INFO]    完整结果:
{"提出": [], "包含": [], "应用": [], "来源": [], "解释": [], "相关": [], "导致": [], "影响": []}
2025-11-27 20:11:46,239 [INFO] 
📊 进度统计:
2025-11-27 20:11:46,239 [INFO]    已处理批次: 344/693 (49.6%)
2025-11-27 20:11:46,239 [INFO]    已处理段落: 1720/3465
2025-11-27 20:11:46,239 [INFO]    成功: 344, 失败: 0
2025-11-27 20:11:46,239 [INFO]    已用时: 48.0 分钟
2025-11-27 20:11:46,239 [INFO]    预计剩余: 48.7 分钟
2025-11-27 20:11:46,239 [INFO]    预计总时间: 96.7 分钟
2025-11-27 20:11:46,239 [INFO] 
================================================================================
2025-11-27 20:11:46,239 [INFO] 处理第 345/693 批 (段落 1721-1725)
2025-11-27 20:11:46,239 [INFO] ================================================================================
2025-11-27 20:11:46,239 [INFO] 📄 本批段落数: 5
2025-11-27 20:11:46,239 [INFO] 📄 合并文本长度: 158 字符
2025-11-27 20:11:46,239 [INFO] 📄 完整文本:
你看看，他一句话也不说！”（先生面无表情地保持着沉默。）

护士：你是不是很难过，希望你们能相互扶持，有更亲密的连结？

妻子：是的。（她停了一下，然后，提出了一个请求。）我想请你用和

护士：（想了解太太在请求背后的需要）你是不是希望他能得到同理，

妻子：是的，是的，就是这样！我希望他能把心里的话说出来，我想了
2025-11-27 20:11:46,239 [INFO] --------------------------------------------------------------------------------
2025-11-27 20:11:49,667 [INFO] ✅ 实体抽取成功: 共 1 个实体
2025-11-27 20:11:49,667 [INFO]    完整结果:
{"人物": [], "概念": [], "方法": [], "理论": [], "组织": [], "书籍": [], "情绪": [], "行为": ["保持沉默"]}
2025-11-27 20:11:52,807 [INFO] ✅ 关系抽取成功: 共 0 个关系
2025-11-27 20:11:52,808 [INFO]    完整结果:
{"提出": [], "包含": [], "应用": [], "来源": [], "解释": [], "相关": [], "导致": [], "影响": []}
2025-11-27 20:11:52,808 [INFO] 
📊 进度统计:
2025-11-27 20:11:52,808 [INFO]    已处理批次: 345/693 (49.8%)
2025-11-27 20:11:52,808 [INFO]    已处理段落: 1725/3465
2025-11-27 20:11:52,808 [INFO]    成功: 345, 失败: 0
2025-11-27 20:11:52,808 [INFO]    已用时: 48.1 分钟
2025-11-27 20:11:52,808 [INFO]    预计剩余: 48.5 分钟
2025-11-27 20:11:52,808 [INFO]    预计总时间: 96.7 分钟
2025-11-27 20:11:52,808 [INFO] 
================================================================================
2025-11-27 20:11:52,808 [INFO] 处理第 346/693 批 (段落 1726-1730)
2025-11-27 20:11:52,808 [INFO] ================================================================================
2025-11-27 20:11:52,808 [INFO] 📄 本批段落数: 5
2025-11-27 20:11:52,808 [INFO] 📄 合并文本长度: 160 字符
2025-11-27 20:11:52,808 [INFO] 📄 完整文本:
借助护士的猜测，这位太太意识到自己的愿望并清楚地表达了请

求。这是一个关键性的时刻，身处某个情景之中，人们知道自己不想要

什么，却往往很难看到自己想要什么。在这个例子中，我们可以看到，

一个清晰的请求——“请你用这样的方式和我先生谈谈”是如何赋予了

他人某种力量。因为知道了这位太太的心愿，护士现在就可以采取行动
2025-11-27 20:11:52,808 [INFO] --------------------------------------------------------------------------------
2025-11-27 20:11:56,481 [INFO] ✅ 实体抽取成功: 共 2 个实体
2025-11-27 20:11:56,481 [INFO]    完整结果:
{"人物": [], "概念": [], "方法": [], "理论": [], "组织": [], "书籍": [], "情绪": [], "行为": ["请求", "采取行动"]}
2025-11-27 20:11:59,594 [INFO] ✅ 关系抽取成功: 共 0 个关系
2025-11-27 20:11:59,594 [INFO]    完整结果:
{"提出": [], "包含": [], "应用": [], "来源": [], "解释": [], "相关": [], "导致": [], "影响": []}
2025-11-27 20:11:59,594 [INFO] 
📊 进度统计:
2025-11-27 20:11:59,594 [INFO]    已处理批次: 346/693 (49.9%)
2025-11-27 20:11:59,594 [INFO]    已处理段落: 1730/3465
2025-11-27 20:11:59,594 [INFO]    成功: 346, 失败: 0
2025-11-27 20:11:59,595 [INFO]    已用时: 48.2 分钟
2025-11-27 20:11:59,595 [INFO]    预计剩余: 48.4 分钟
2025-11-27 20:11:59,595 [INFO]    预计总时间: 96.6 分钟
2025-11-27 20:11:59,595 [INFO] 
================================================================================
2025-11-27 20:11:59,595 [INFO] 处理第 347/693 批 (段落 1731-1735)
2025-11-27 20:11:59,595 [INFO] ================================================================================
2025-11-27 20:11:59,595 [INFO] 📄 本批段落数: 5
2025-11-27 20:11:59,595 [INFO] 📄 合并文本长度: 149 字符
2025-11-27 20:11:59,595 [INFO] 📄 完整文本:
来满足她。这意味着她们将带着爱“一起工作”，屋内的气氛也因而变

护士：（转向那位先生）听了太太的分享，你现在感觉怎么样呀？

护士：你得了重病，你愿意告诉她你的感受吗？

人们常常在不清楚自己具体有些什么感受时，用“好”与“坏”来

描述。如果先生能够更准确地表达感受，将会帮助他和妻子建立他所渴
2025-11-27 20:11:59,595 [INFO] --------------------------------------------------------------------------------
2025-11-27 20:12:03,594 [INFO] ✅ 实体抽取成功: 共 3 个实体
2025-11-27 20:12:03,594 [INFO]    完整结果:
{"人物": [], "概念": [], "方法": [], "理论": [], "组织": [], "书籍": [], "情绪": [], "行为": ["满足", "爱", "表达感受"]}
2025-11-27 20:12:06,725 [INFO] ✅ 关系抽取成功: 共 0 个关系
2025-11-27 20:12:06,725 [INFO]    完整结果:
{"提出": [], "包含": [], "应用": [], "来源": [], "解释": [], "相关": [], "导致": [], "影响": []}
2025-11-27 20:12:06,725 [INFO] 
📊 进度统计:
2025-11-27 20:12:06,725 [INFO]    已处理批次: 347/693 (50.1%)
2025-11-27 20:12:06,725 [INFO]    已处理段落: 1735/3465
2025-11-27 20:12:06,725 [INFO]    成功: 347, 失败: 0
2025-11-27 20:12:06,725 [INFO]    已用时: 48.4 分钟
2025-11-27 20:12:06,725 [INFO]    预计剩余: 48.2 分钟
2025-11-27 20:12:06,726 [INFO]    预计总时间: 96.6 分钟
2025-11-27 20:12:06,726 [INFO] 
================================================================================
2025-11-27 20:12:06,726 [INFO] 处理第 348/693 批 (段落 1736-1740)
2025-11-27 20:12:06,726 [INFO] ================================================================================
2025-11-27 20:12:06,726 [INFO] 📄 本批段落数: 5
2025-11-27 20:12:06,726 [INFO] 📄 合并文本长度: 153 字符
2025-11-27 20:12:06,726 [INFO] 📄 完整文本:
护士：（鼓励他更准确地表达自己）你是不是害怕即将走向生命终点？

先生：不，我不害怕这个。（请注意，护士虽然猜得不准确，但这并没

护士：（由于这位先生很难说出他的内心世界，护士便继续协助他。）

护士：（猜错了两次后，护士决定说出她的感受。）我有些迷茫，不知

道你现在的感受是怎样的。你愿意和我说说吗？
2025-11-27 20:12:06,726 [INFO] --------------------------------------------------------------------------------
2025-11-27 20:12:10,989 [INFO] ✅ 实体抽取成功: 共 4 个实体
2025-11-27 20:12:10,989 [INFO]    完整结果:
{"人物": [], "概念": [], "方法": [], "理论": [], "组织": [], "书籍": [], "情绪": [], "行为": ["鼓励", "表达", "害怕", "迷茫"]}
2025-11-27 20:12:14,137 [INFO] ✅ 关系抽取成功: 共 0 个关系
2025-11-27 20:12:14,138 [INFO]    完整结果:
{"提出": [], "包含": [], "应用": [], "来源": [], "解释": [], "相关": [], "导致": [], "影响": []}
2025-11-27 20:12:14,138 [INFO] 
📊 进度统计:
2025-11-27 20:12:14,138 [INFO]    已处理批次: 348/693 (50.2%)
2025-11-27 20:12:14,138 [INFO]    已处理段落: 1740/3465
2025-11-27 20:12:14,138 [INFO]    成功: 348, 失败: 0
2025-11-27 20:12:14,138 [INFO]    已用时: 48.5 分钟
2025-11-27 20:12:14,138 [INFO]    预计剩余: 48.1 分钟
2025-11-27 20:12:14,138 [INFO]    预计总时间: 96.6 分钟
2025-11-27 20:12:14,138 [INFO] 
================================================================================
2025-11-27 20:12:14,138 [INFO] 处理第 349/693 批 (段落 1741-1745)
2025-11-27 20:12:14,138 [INFO] ================================================================================
2025-11-27 20:12:14,138 [INFO] 📄 本批段落数: 5
2025-11-27 20:12:14,138 [INFO] 📄 合并文本长度: 152 字符
2025-11-27 20:12:14,138 [INFO] 📄 完整文本:
护士：你担心，没有你在身边，她无法照顾好自己的生活吗？

护士：（她知道弥留之际的病人常常放心不下心爱的人。有时他们需要

得到确认，心爱的人准备好了接受他们的死亡，他们才能放心地离

这时，太太加入了对话。因为护士始终带着同理心陪伴着这对夫

在这段对话中，太太一开始是在抱怨理疗师。但在对话过程中，护
2025-11-27 20:12:14,138 [INFO] --------------------------------------------------------------------------------
2025-11-27 20:12:18,019 [INFO] ✅ 实体抽取成功: 共 3 个实体
2025-11-27 20:12:18,020 [INFO]    完整结果:
{"人物": [], "概念": [], "方法": [], "理论": [], "组织": [], "书籍": [], "情绪": [], "行为": ["关心", "照顾", "抱怨"]}
2025-11-27 20:12:21,156 [INFO] ✅ 关系抽取成功: 共 0 个关系
2025-11-27 20:12:21,156 [INFO]    完整结果:
{"提出": [], "包含": [], "应用": [], "来源": [], "解释": [], "相关": [], "导致": [], "影响": []}
2025-11-27 20:12:21,156 [INFO] 
📊 进度统计:
2025-11-27 20:12:21,156 [INFO]    已处理批次: 349/693 (50.4%)
2025-11-27 20:12:21,156 [INFO]    已处理段落: 1745/3465
2025-11-27 20:12:21,156 [INFO]    成功: 349, 失败: 0
2025-11-27 20:12:21,156 [INFO]    已用时: 48.6 分钟
2025-11-27 20:12:21,156 [INFO]    预计剩余: 47.9 分钟
2025-11-27 20:12:21,156 [INFO]    预计总时间: 96.5 分钟
2025-11-27 20:12:21,157 [INFO] 
================================================================================
2025-11-27 20:12:21,157 [INFO] 处理第 350/693 批 (段落 1746-1750)
2025-11-27 20:12:21,157 [INFO] ================================================================================
2025-11-27 20:12:21,157 [INFO] 📄 本批段落数: 5
2025-11-27 20:12:21,157 [INFO] 📄 合并文本长度: 155 字符
2025-11-27 20:12:21,157 [INFO] 📄 完整文本:
士不断地同理妻子，她终于意识到自己真正渴望的是在生命中的这个关

让我们练习用语言来表达对他人的同理。在以下十组A和B的对话

2. A：在我看来，所有这些移民，从哪儿来就该送回哪儿去。

B：听起来你有些生气，是不是因为你希望我能看到，一件事情

4. A：你从不把我当回儿事。没有我的话，天晓得你能怎么办。
2025-11-27 20:12:21,157 [INFO] --------------------------------------------------------------------------------
2025-11-27 20:12:24,793 [INFO] ✅ 实体抽取成功: 共 2 个实体
2025-11-27 20:12:24,793 [INFO]    完整结果:
{"人物": [], "概念": [], "方法": [], "理论": [], "组织": [], "书籍": [], "情绪": [], "行为": ["同理", "生气"]}
2025-11-27 20:12:27,961 [INFO] ✅ 关系抽取成功: 共 0 个关系
2025-11-27 20:12:27,961 [INFO]    完整结果:
{"提出": [], "包含": [], "应用": [], "来源": [], "解释": [], "相关": [], "导致": [], "影响": []}
2025-11-27 20:12:27,962 [INFO] 
📊 进度统计:
2025-11-27 20:12:27,962 [INFO]    已处理批次: 350/693 (50.5%)
2025-11-27 20:12:27,962 [INFO]    已处理段落: 1750/3465
2025-11-27 20:12:27,962 [INFO]    成功: 350, 失败: 0
2025-11-27 20:12:27,962 [INFO]    已用时: 48.7 分钟
2025-11-27 20:12:27,962 [INFO]    预计剩余: 47.7 分钟
2025-11-27 20:12:27,962 [INFO]    预计总时间: 96.5 分钟
2025-11-27 20:12:27,962 [INFO] 💾 中间结果已保存: /root/projects/cwy/DeepKE/cwy/src/full_book_results/checkpoint_20251127_192319_batch350.pkl
2025-11-27 20:12:27,962 [INFO] 
================================================================================
2025-11-27 20:12:27,962 [INFO] 处理第 351/693 批 (段落 1751-1755)
2025-11-27 20:12:27,962 [INFO] ================================================================================
2025-11-27 20:12:27,962 [INFO] 📄 本批段落数: 5
2025-11-27 20:12:27,962 [INFO] 📄 合并文本长度: 159 字符
2025-11-27 20:12:27,963 [INFO] 📄 完整文本:
6. A：想到我先生，我就很生气。我需要他的时候，他从来都不

8. A：为了准备女儿的婚礼，我紧张得要命。可是，她的婆家什么

B：听起来，为了安排这场婚礼，你很紧张。你希望亲家在做决

9. A：当亲戚们不请自来时，我感到被侵犯。这让我想起，我的父

10. A：你的表现让我很失望，我本来指望你们部门上个月的产量
2025-11-27 20:12:27,963 [INFO] --------------------------------------------------------------------------------
2025-11-27 20:12:32,488 [INFO] ✅ 实体抽取成功: 共 3 个实体
2025-11-27 20:12:32,488 [INFO]    完整结果:
{"人物": [], "概念": [], "方法": [], "理论": [], "组织": [], "书籍": [], "情绪": ["生气", "紧张", "失望"], "行为": []}
2025-11-27 20:12:35,942 [INFO] ✅ 关系抽取成功: 共 0 个关系
2025-11-27 20:12:35,942 [INFO]    完整结果:
{"提出": [], "包含": [], "应用": [], "来源": [], "解释": [], "相关": [], "导致": [], "影响": []}
2025-11-27 20:12:35,942 [INFO] 
📊 进度统计:
2025-11-27 20:12:35,942 [INFO]    已处理批次: 351/693 (50.6%)
2025-11-27 20:12:35,942 [INFO]    已处理段落: 1755/3465
2025-11-27 20:12:35,942 [INFO]    成功: 351, 失败: 0
2025-11-27 20:12:35,942 [INFO]    已用时: 48.8 分钟
2025-11-27 20:12:35,942 [INFO]    预计剩余: 47.6 分钟
2025-11-27 20:12:35,942 [INFO]    预计总时间: 96.4 分钟
2025-11-27 20:12:35,942 [INFO] 
================================================================================
2025-11-27 20:12:35,942 [INFO] 处理第 352/693 批 (段落 1756-1760)
2025-11-27 20:12:35,942 [INFO] ================================================================================
2025-11-27 20:12:35,942 [INFO] 📄 本批段落数: 5
2025-11-27 20:12:35,943 [INFO] 📄 合并文本长度: 148 字符
2025-11-27 20:12:35,943 [INFO] 📄 完整文本:
B：我知道你很失望，但上个月我们部门有很多人请了病假。

1. 如果你选择这个对话，我们的意见不一致。我认为B是在安慰

2. 如果你选择这个对话，我们的意见不一致。我认为B在试图教育

3. 如果你选择这个对话，我们的意见一致。

4. 如果你选择这个对话，我们的意见不一致。我认为B在否认和辩
2025-11-27 20:12:35,943 [INFO] --------------------------------------------------------------------------------
2025-11-27 20:12:39,470 [INFO] ✅ 实体抽取成功: 共 2 个实体
2025-11-27 20:12:39,470 [INFO]    完整结果:
{"人物": ["B"], "概念": [], "方法": [], "理论": [], "组织": [], "书籍": [], "情绪": ["失望"], "行为": []}
2025-11-27 20:12:42,628 [INFO] ✅ 关系抽取成功: 共 0 个关系
2025-11-27 20:12:42,629 [INFO]    完整结果:
{"提出": [], "包含": [], "应用": [], "来源": [], "解释": [], "相关": [], "导致": [], "影响": []}
2025-11-27 20:12:42,629 [INFO] 
📊 进度统计:
2025-11-27 20:12:42,629 [INFO]    已处理批次: 352/693 (50.8%)
2025-11-27 20:12:42,629 [INFO]    已处理段落: 1760/3465
2025-11-27 20:12:42,629 [INFO]    成功: 352, 失败: 0
2025-11-27 20:12:42,629 [INFO]    已用时: 49.0 分钟
2025-11-27 20:12:42,629 [INFO]    预计剩余: 47.4 分钟
2025-11-27 20:12:42,629 [INFO]    预计总时间: 96.4 分钟
2025-11-27 20:12:42,629 [INFO] 
================================================================================
2025-11-27 20:12:42,629 [INFO] 处理第 353/693 批 (段落 1761-1765)
2025-11-27 20:12:42,629 [INFO] ================================================================================
2025-11-27 20:12:42,629 [INFO] 📄 本批段落数: 5
2025-11-27 20:12:42,629 [INFO] 📄 合并文本长度: 160 字符
2025-11-27 20:12:42,629 [INFO] 📄 完整文本:
5. 如果你选择这个对话，我们的意见不一致。我认为B在为A的感

受承担责任，而非同理A的内心世界。如果用同理的方式来回应A, B可

以说：“你是不是有些伤心，你希望我能同意你的请求？”

6. 如果你选择这个对话，我们的意见不完全一致。我认为B回应了

A的想法。然而，我相信，同理感受和需要而不只是回应想法，更能够
2025-11-27 20:12:42,629 [INFO] --------------------------------------------------------------------------------
2025-11-27 20:12:46,517 [INFO] ✅ 实体抽取成功: 共 3 个实体
2025-11-27 20:12:46,517 [INFO]    完整结果:
{"人物": ["B", "A"], "概念": [], "方法": [], "理论": [], "组织": [], "书籍": [], "情绪": [], "行为": ["响应"]}
2025-11-27 20:12:49,707 [INFO] ✅ 关系抽取成功: 共 0 个关系
2025-11-27 20:12:49,707 [INFO]    完整结果:
{"提出": [], "包含": [], "应用": [], "来源": [], "解释": [], "相关": [], "导致": [], "影响": []}
2025-11-27 20:12:49,707 [INFO] 
📊 进度统计:
2025-11-27 20:12:49,707 [INFO]    已处理批次: 353/693 (50.9%)
2025-11-27 20:12:49,707 [INFO]    已处理段落: 1765/3465
2025-11-27 20:12:49,707 [INFO]    成功: 353, 失败: 0
2025-11-27 20:12:49,707 [INFO]    已用时: 49.1 分钟
2025-11-27 20:12:49,707 [INFO]    预计剩余: 47.3 分钟
2025-11-27 20:12:49,707 [INFO]    预计总时间: 96.4 分钟
2025-11-27 20:12:49,707 [INFO] 
================================================================================
2025-11-27 20:12:49,707 [INFO] 处理第 354/693 批 (段落 1766-1770)
2025-11-27 20:12:49,707 [INFO] ================================================================================
2025-11-27 20:12:49,707 [INFO] 📄 本批段落数: 5
2025-11-27 20:12:49,707 [INFO] 📄 合并文本长度: 149 字符
2025-11-27 20:12:49,708 [INFO] 📄 完整文本:
促进人与人的连结。如果用同理的方式来回应A，B可以说：“听起来，

7. 如果你选择这个对话，我们的意见不一致。我认为B是在提建

8. 如果你选择这个对话，我们的意见一致。

9. 如果你选择这个对话，我们的意见不一致。我认为，B认为自己

理解了A，并且谈论起自己的感受，而非同理回应A的体验。
2025-11-27 20:12:49,708 [INFO] --------------------------------------------------------------------------------
2025-11-27 20:12:53,536 [INFO] ✅ 实体抽取成功: 共 3 个实体
2025-11-27 20:12:53,536 [INFO]    完整结果:
{"人物": ["A", "B"], "概念": [], "方法": [], "理论": ["同理"], "组织": [], "书籍": [], "情绪": [], "行为": []}
2025-11-27 20:12:56,705 [INFO] ✅ 关系抽取成功: 共 0 个关系
2025-11-27 20:12:56,705 [INFO]    完整结果:
{"提出": [], "包含": [], "应用": [], "来源": [], "解释": [], "相关": [], "导致": [], "影响": []}
2025-11-27 20:12:56,705 [INFO] 
📊 进度统计:
2025-11-27 20:12:56,705 [INFO]    已处理批次: 354/693 (51.1%)
2025-11-27 20:12:56,705 [INFO]    已处理段落: 1770/3465
2025-11-27 20:12:56,705 [INFO]    成功: 354, 失败: 0
2025-11-27 20:12:56,705 [INFO]    已用时: 49.2 分钟
2025-11-27 20:12:56,705 [INFO]    预计剩余: 47.1 分钟
2025-11-27 20:12:56,705 [INFO]    预计总时间: 96.3 分钟
2025-11-27 20:12:56,705 [INFO] 
================================================================================
2025-11-27 20:12:56,705 [INFO] 处理第 355/693 批 (段落 1771-1775)
2025-11-27 20:12:56,705 [INFO] ================================================================================
2025-11-27 20:12:56,705 [INFO] 📄 本批段落数: 5
2025-11-27 20:12:56,705 [INFO] 📄 合并文本长度: 185 字符
2025-11-27 20:12:56,705 [INFO] 📄 完整文本:
10. 如果你选择这个对话，我们的意见不一致。我认为，虽然一开

始B关注了A的感受，但之后就开始解释自己的情况。

[1]. 《当你遇到创伤时》（when bad things happen to good people）中文

卡尔·罗杰斯（Carl Rogers）曾经这样描述同理心对人的影响：“如

果有人真的听到了你的心声，不对你评头论足，不试图为你负责，也不
2025-11-27 20:12:56,705 [INFO] --------------------------------------------------------------------------------
2025-11-27 20:13:03,977 [INFO] ✅ 实体抽取成功: 共 5 个实体
2025-11-27 20:13:03,977 [INFO]    完整结果:
{"人物": ["卡尔·罗杰斯", "Carl Rogers"], "概念": [], "方法": [], "理论": ["同理心"], "组织": [], "书籍": ["《当你遇到创伤时》", "when bad things happen to good people"], "情绪": [], "行为": []}
2025-11-27 20:13:09,760 [INFO] ✅ 关系抽取成功: 共 1 个关系
2025-11-27 20:13:09,760 [INFO]    完整结果:
{"提出": [], "包含": [], "应用": [], "来源": [{"subject": "当你遇到创伤时", "object": "卡尔·罗杰斯"}], "解释": [], "相关": [], "导致": [], "影响": []}
2025-11-27 20:13:09,760 [INFO] 
📊 进度统计:
2025-11-27 20:13:09,760 [INFO]    已处理批次: 355/693 (51.2%)
2025-11-27 20:13:09,760 [INFO]    已处理段落: 1775/3465
2025-11-27 20:13:09,760 [INFO]    成功: 355, 失败: 0
2025-11-27 20:13:09,760 [INFO]    已用时: 49.4 分钟
2025-11-27 20:13:09,760 [INFO]    预计剩余: 47.0 分钟
2025-11-27 20:13:09,760 [INFO]    预计总时间: 96.5 分钟
2025-11-27 20:13:09,760 [INFO] 
================================================================================
2025-11-27 20:13:09,760 [INFO] 处理第 356/693 批 (段落 1776-1780)
2025-11-27 20:13:09,760 [INFO] ================================================================================
2025-11-27 20:13:09,760 [INFO] 📄 本批段落数: 5
2025-11-27 20:13:09,760 [INFO] 📄 合并文本长度: 159 字符
2025-11-27 20:13:09,760 [INFO] 📄 完整文本:
想改变你，这多么美好啊！……当得到人们的倾听和理解，我就能以一

种全新的眼光看世界，并继续前进。令人难以置信的是，原本看似无解

的问题因此有了解决办法，千头万绪的思路也会变得清楚分明。”

安德森女士是一所实验小学的校长，我很喜欢她和我分享的这个同

理心小故事。有一天，她午饭后回到办公室，发现有位叫米莉的女生正
2025-11-27 20:13:09,760 [INFO] --------------------------------------------------------------------------------
2025-11-27 20:13:14,114 [INFO] ✅ 实体抽取成功: 共 2 个实体
2025-11-27 20:13:14,114 [INFO]    完整结果:
{"人物": ["安德森", "米莉"], "概念": [], "方法": [], "理论": [], "组织": [], "书籍": [], "情绪": [], "行为": []}
2025-11-27 20:13:17,365 [INFO] ✅ 关系抽取成功: 共 0 个关系
2025-11-27 20:13:17,365 [INFO]    完整结果:
{"提出": [], "包含": [], "应用": [], "来源": [], "解释": [], "相关": [], "导致": [], "影响": []}
2025-11-27 20:13:17,365 [INFO] 
📊 进度统计:
2025-11-27 20:13:17,365 [INFO]    已处理批次: 356/693 (51.4%)
2025-11-27 20:13:17,365 [INFO]    已处理段落: 1780/3465
2025-11-27 20:13:17,365 [INFO]    成功: 356, 失败: 0
2025-11-27 20:13:17,365 [INFO]    已用时: 49.5 分钟
2025-11-27 20:13:17,365 [INFO]    预计剩余: 46.9 分钟
2025-11-27 20:13:17,365 [INFO]    预计总时间: 96.4 分钟
2025-11-27 20:13:17,365 [INFO] 
================================================================================
2025-11-27 20:13:17,366 [INFO] 处理第 357/693 批 (段落 1781-1785)
2025-11-27 20:13:17,366 [INFO] ================================================================================
2025-11-27 20:13:17,366 [INFO] 📄 本批段落数: 5
2025-11-27 20:13:17,366 [INFO] 📄 合并文本长度: 151 字符
2025-11-27 20:13:17,366 [INFO] 📄 完整文本:
垂头丧气地坐着等她。她走到米莉身边坐下，米莉随即问她：“安德森

女士，你有没有这样的经历，仿佛做任何事都会让别人受伤，可你原本

不想伤害任何人。”“有啊！”安德森回答说，“我想我明白你的意

思。”米莉随即开始讲述她这个星期以来的遭遇。

那位校长回忆着当时的情景说：“那时，我快要赶不上一个很重要
2025-11-27 20:13:17,366 [INFO] --------------------------------------------------------------------------------
2025-11-27 20:13:21,517 [INFO] ✅ 实体抽取成功: 共 2 个实体
2025-11-27 20:13:21,517 [INFO]    完整结果:
{"人物": ["米莉", "安德森"], "概念": [], "方法": [], "理论": [], "组织": [], "书籍": [], "情绪": [], "行为": []}
2025-11-27 20:13:24,688 [INFO] ✅ 关系抽取成功: 共 0 个关系
2025-11-27 20:13:24,688 [INFO]    完整结果:
{"提出": [], "包含": [], "应用": [], "来源": [], "解释": [], "相关": [], "导致": [], "影响": []}
2025-11-27 20:13:24,688 [INFO] 
📊 进度统计:
2025-11-27 20:13:24,688 [INFO]    已处理批次: 357/693 (51.5%)
2025-11-27 20:13:24,688 [INFO]    已处理段落: 1785/3465
2025-11-27 20:13:24,688 [INFO]    成功: 357, 失败: 0
2025-11-27 20:13:24,688 [INFO]    已用时: 49.7 分钟
2025-11-27 20:13:24,688 [INFO]    预计剩余: 46.7 分钟
2025-11-27 20:13:24,688 [INFO]    预计总时间: 96.4 分钟
2025-11-27 20:13:24,688 [INFO] 
================================================================================
2025-11-27 20:13:24,688 [INFO] 处理第 358/693 批 (段落 1786-1790)
2025-11-27 20:13:24,688 [INFO] ================================================================================
2025-11-27 20:13:24,688 [INFO] 📄 本批段落数: 5
2025-11-27 20:13:24,688 [INFO] 📄 合并文本长度: 164 字符
2025-11-27 20:13:24,688 [INFO] 📄 完整文本:
的会议了，而我连外套还没来得及脱下。我很着急，不想让整个会议室

的人等我一个人。于是我问她：‘米莉，我能为你做什么吗？’没想到，

米莉伸手按住我的肩膀，看着我的眼睛，语气坚定地说：‘安德森太

太，我不要你做任何事，我只要你听我说话。’ 那一刻，我收获了生命

中极其重要的一课，是一个孩子教会我的。当时我想：不管那一屋子的
2025-11-27 20:13:24,688 [INFO] --------------------------------------------------------------------------------
2025-11-27 20:13:29,170 [INFO] ✅ 实体抽取成功: 共 2 个实体
2025-11-27 20:13:29,170 [INFO]    完整结果:
{"人物": ["米莉", "安德森"], "概念": [], "方法": [], "理论": [], "组织": [], "书籍": [], "情绪": [], "行为": []}
2025-11-27 20:13:32,583 [INFO] ✅ 关系抽取成功: 共 0 个关系
2025-11-27 20:13:32,583 [INFO]    完整结果:
{"提出": [], "包含": [], "应用": [], "来源": [], "解释": [], "相关": [], "导致": [], "影响": []}
2025-11-27 20:13:32,583 [INFO] 
📊 进度统计:
2025-11-27 20:13:32,583 [INFO]    已处理批次: 358/693 (51.7%)
2025-11-27 20:13:32,583 [INFO]    已处理段落: 1790/3465
2025-11-27 20:13:32,583 [INFO]    成功: 358, 失败: 0
2025-11-27 20:13:32,583 [INFO]    已用时: 49.8 分钟
2025-11-27 20:13:32,583 [INFO]    预计剩余: 46.6 分钟
2025-11-27 20:13:32,583 [INFO]    预计总时间: 96.4 分钟
2025-11-27 20:13:32,583 [INFO] 
================================================================================
2025-11-27 20:13:32,583 [INFO] 处理第 359/693 批 (段落 1791-1795)
2025-11-27 20:13:32,583 [INFO] ================================================================================
2025-11-27 20:13:32,583 [INFO] 📄 本批段落数: 5
2025-11-27 20:13:32,583 [INFO] 📄 合并文本长度: 161 字符
2025-11-27 20:13:32,583 [INFO] 📄 完整文本:
大人了，就让他们等一会儿吧！于是，我带着米莉找到一个不大会被人

打扰的角落，在一张长椅上坐下，我搂住她的肩膀，她依偎着我，搂着

我的腰。我们就这样坐着，直到米莉说完了她的心事。其实，这样做并

在我的工作中，最令我满足的一件事，就是听到人们告诉我，他们

如何通过非暴力沟通增强了同理的能力，与他人建立了心与心的连结。
2025-11-27 20:13:32,583 [INFO] --------------------------------------------------------------------------------
2025-11-27 20:13:36,855 [INFO] ✅ 实体抽取成功: 共 2 个实体
2025-11-27 20:13:36,855 [INFO]    完整结果:
{"人物": ["米莉"], "概念": [], "方法": ["非暴力沟通"], "理论": [], "组织": [], "书籍": [], "情绪": [], "行为": []}
2025-11-27 20:13:42,631 [INFO] ✅ 关系抽取成功: 共 1 个关系
2025-11-27 20:13:42,632 [INFO]    完整结果:
{"提出": [], "包含": [], "应用": [{"subject": "非暴力沟通", "object": "增强了同理的能力"}], "来源": [], "解释": [], "相关": [], "导致": [], "影响": []}
2025-11-27 20:13:42,632 [INFO] 
📊 进度统计:
2025-11-27 20:13:42,632 [INFO]    已处理批次: 359/693 (51.8%)
2025-11-27 20:13:42,632 [INFO]    已处理段落: 1795/3465
2025-11-27 20:13:42,632 [INFO]    成功: 359, 失败: 0
2025-11-27 20:13:42,632 [INFO]    已用时: 50.0 分钟
2025-11-27 20:13:42,632 [INFO]    预计剩余: 46.5 分钟
2025-11-27 20:13:42,632 [INFO]    预计总时间: 96.4 分钟
2025-11-27 20:13:42,632 [INFO] 
================================================================================
2025-11-27 20:13:42,632 [INFO] 处理第 360/693 批 (段落 1796-1800)
2025-11-27 20:13:42,632 [INFO] ================================================================================
2025-11-27 20:13:42,632 [INFO] 📄 本批段落数: 5
2025-11-27 20:13:42,632 [INFO] 📄 合并文本长度: 163 字符
2025-11-27 20:13:42,632 [INFO] 📄 完整文本:
我有位朋友劳伦斯来自瑞士，她也和我分享了一段经历。有一次，她和

6岁的儿子谈话，话还没说完，儿子就气冲冲地夺门而去。她生气极

了。这时，10岁的女儿伊莎贝尔（不久前她陪着劳伦斯参加了一场非暴

力沟通工作坊）对她说：“妈妈，你看起来很生气，你希望他在生气时

能把话说出来，而不是像这样一走了之？”劳伦斯惊讶地发现，听到女
2025-11-27 20:13:42,632 [INFO] --------------------------------------------------------------------------------
2025-11-27 20:13:47,633 [INFO] ✅ 实体抽取成功: 共 3 个实体
2025-11-27 20:13:47,633 [INFO]    完整结果:
{"人物": ["劳伦斯", "伊莎贝尔"], "概念": [], "方法": [], "理论": [], "组织": [], "书籍": [], "情绪": ["生气"], "行为": []}
2025-11-27 20:13:51,131 [INFO] ✅ 关系抽取成功: 共 0 个关系
2025-11-27 20:13:51,132 [INFO]    完整结果:
{"提出": [], "包含": [], "应用": [], "来源": [], "解释": [], "相关": [], "导致": [], "影响": []}
2025-11-27 20:13:51,132 [INFO] 
📊 进度统计:
2025-11-27 20:13:51,132 [INFO]    已处理批次: 360/693 (51.9%)
2025-11-27 20:13:51,132 [INFO]    已处理段落: 1800/3465
2025-11-27 20:13:51,132 [INFO]    成功: 360, 失败: 0
2025-11-27 20:13:51,132 [INFO]    已用时: 50.1 分钟
2025-11-27 20:13:51,132 [INFO]    预计剩余: 46.3 分钟
2025-11-27 20:13:51,132 [INFO]    预计总时间: 96.4 分钟
2025-11-27 20:13:51,132 [INFO] 
================================================================================
2025-11-27 20:13:51,132 [INFO] 处理第 361/693 批 (段落 1801-1805)
2025-11-27 20:13:51,132 [INFO] ================================================================================
2025-11-27 20:13:51,132 [INFO] 📄 本批段落数: 5
2025-11-27 20:13:51,132 [INFO] 📄 合并文本长度: 159 字符
2025-11-27 20:13:51,132 [INFO] 📄 完整文本:
儿的话后，她的气就消了。当儿子回来后，劳伦斯也更能体谅他了。

一位大学老师曾经告诉我，系里的一些老师学习了非暴力沟通后，

师生关系得到了明显改善。他说：“学生们越来越愿意对我们敞开心

扉，分享他们的困难。他们越是愿意谈论那些影响学习的困难，就越能

更好地完成学业。因此，尽管用了许多时间来聆听他们，我们还是很乐
2025-11-27 20:13:51,132 [INFO] --------------------------------------------------------------------------------
2025-11-27 20:13:55,106 [INFO] ✅ 实体抽取成功: 共 2 个实体
2025-11-27 20:13:55,106 [INFO]    完整结果:
{"人物": ["劳伦斯"], "概念": [], "方法": ["非暴力沟通"], "理论": [], "组织": [], "书籍": [], "情绪": [], "行为": []}
2025-11-27 20:14:08,204 [INFO] ✅ 关系抽取成功: 共 5 个关系
2025-11-27 20:14:08,204 [INFO]    完整结果:
{"提出": [], "包含": [], "应用": [{"subject": "非暴力沟通", "object": "师生关系"}], "来源": [], "解释": [], "相关": [], "导致": [], "影响": [{"subject": "非暴力沟通", "object": "师生关系"}, {"subject": "非暴力沟通", "object": "分享"}, {"subject": "非暴力沟通", "object": "谈论"}, {"subject": "非暴力沟通", "object": "完成学业"}]}
2025-11-27 20:14:08,204 [INFO] 
📊 进度统计:
2025-11-27 20:14:08,204 [INFO]    已处理批次: 361/693 (52.1%)
2025-11-27 20:14:08,204 [INFO]    已处理段落: 1805/3465
2025-11-27 20:14:08,204 [INFO]    成功: 361, 失败: 0
2025-11-27 20:14:08,204 [INFO]    已用时: 50.4 分钟
2025-11-27 20:14:08,204 [INFO]    预计剩余: 46.3 分钟
2025-11-27 20:14:08,204 [INFO]    预计总时间: 96.7 分钟
2025-11-27 20:14:08,204 [INFO] 
================================================================================
2025-11-27 20:14:08,204 [INFO] 处理第 362/693 批 (段落 1806-1810)
2025-11-27 20:14:08,204 [INFO] ================================================================================
2025-11-27 20:14:08,204 [INFO] 📄 本批段落数: 5
2025-11-27 20:14:08,204 [INFO] 📄 合并文本长度: 158 字符
2025-11-27 20:14:08,204 [INFO] 📄 完整文本:
意这样做。可惜系主任却不太高兴。他认为我们不是心理咨询师，不需

要花那么多时间和学生谈心，应该把那些时间用来教书才对。”

当我问他老师们如何回应时，他答道：“我们同理了校长的顾虑。

告诉他，我们听到了他的担心，他希望我们不会牵扯进一些处理不了的

事中。他还希望我们与学生谈心不会影响教学任务。听到这些，他似乎
2025-11-27 20:14:08,204 [INFO] --------------------------------------------------------------------------------
2025-11-27 20:14:11,727 [INFO] ✅ 实体抽取成功: 共 1 个实体
2025-11-27 20:14:11,727 [INFO]    完整结果:
{"人物": [], "概念": [], "方法": [], "理论": [], "组织": [], "书籍": [], "情绪": [], "行为": ["谈心"]}
2025-11-27 20:14:14,907 [INFO] ✅ 关系抽取成功: 共 0 个关系
2025-11-27 20:14:14,907 [INFO]    完整结果:
{"提出": [], "包含": [], "应用": [], "来源": [], "解释": [], "相关": [], "导致": [], "影响": []}
2025-11-27 20:14:14,907 [INFO] 
📊 进度统计:
2025-11-27 20:14:14,907 [INFO]    已处理批次: 362/693 (52.2%)
2025-11-27 20:14:14,907 [INFO]    已处理段落: 1810/3465
2025-11-27 20:14:14,907 [INFO]    成功: 362, 失败: 0
2025-11-27 20:14:14,907 [INFO]    已用时: 50.5 分钟
2025-11-27 20:14:14,907 [INFO]    预计剩余: 46.2 分钟
2025-11-27 20:14:14,907 [INFO]    预计总时间: 96.7 分钟
2025-11-27 20:14:14,907 [INFO] 
================================================================================
2025-11-27 20:14:14,907 [INFO] 处理第 363/693 批 (段落 1811-1815)
2025-11-27 20:14:14,907 [INFO] ================================================================================
2025-11-27 20:14:14,907 [INFO] 📄 本批段落数: 5
2025-11-27 20:14:14,907 [INFO] 📄 合并文本长度: 161 字符
2025-11-27 20:14:14,907 [INFO] 📄 完整文本:
松了口气。后来，我们仍然继续和学生们谈心。因为我们发现，越是聆

在一个有着阶层制度的组织机构中工作，我们往往会把上司的话视

为命令与评判。比起那些让我们视为“上司”的人，同理自己的同事或下

级要容易得多。在“上司”面前，我们时常急着为自己辩护或向对方道

歉，以致无法安静下来同理他们。因此，听到这些老师不但能同理学
2025-11-27 20:14:14,907 [INFO] --------------------------------------------------------------------------------
2025-11-27 20:14:20,392 [INFO] ✅ 实体抽取成功: 共 5 个实体
2025-11-27 20:14:20,392 [INFO]    完整结果:
{"人物": [], "概念": ["阶层制度"], "方法": [], "理论": [], "组织": [], "书籍": [], "情绪": [], "行为": ["松了口气", "谈心", "辩护", "道歉"]}
2025-11-27 20:14:23,568 [INFO] ✅ 关系抽取成功: 共 0 个关系
2025-11-27 20:14:23,568 [INFO]    完整结果:
{"提出": [], "包含": [], "应用": [], "来源": [], "解释": [], "相关": [], "导致": [], "影响": []}
2025-11-27 20:14:23,568 [INFO] 
📊 进度统计:
2025-11-27 20:14:23,568 [INFO]    已处理批次: 363/693 (52.4%)
2025-11-27 20:14:23,568 [INFO]    已处理段落: 1815/3465
2025-11-27 20:14:23,568 [INFO]    成功: 363, 失败: 0
2025-11-27 20:14:23,568 [INFO]    已用时: 50.6 分钟
2025-11-27 20:14:23,568 [INFO]    预计剩余: 46.0 分钟
2025-11-27 20:14:23,568 [INFO]    预计总时间: 96.7 分钟
2025-11-27 20:14:23,568 [INFO] 
================================================================================
2025-11-27 20:14:23,568 [INFO] 处理第 364/693 批 (段落 1816-1820)
2025-11-27 20:14:23,568 [INFO] ================================================================================
2025-11-27 20:14:23,568 [INFO] 📄 本批段落数: 5
2025-11-27 20:14:23,568 [INFO] 📄 合并文本长度: 154 字符
2025-11-27 20:14:23,568 [INFO] 📄 完整文本:
非暴力沟通鼓励我们连结内心最深处的感受和需要，有时表达它们

并不容易。然而，同理心让我们能触碰彼此共通的人性，我们的自我表

达也会变得容易些。我们越是能够与他人的感受和需要相连，就越不害

怕袒露自己。很多时候，我们之所以不愿意展现内心的脆弱，往往是因

为我们想要显得“强悍”，害怕失去权威感和掌控感。
2025-11-27 20:14:23,568 [INFO] --------------------------------------------------------------------------------
2025-11-27 20:14:27,680 [INFO] ✅ 实体抽取成功: 共 3 个实体
2025-11-27 20:14:27,680 [INFO]    完整结果:
{"人物": [], "概念": ["非暴力沟通", "同理心"], "方法": [], "理论": [], "组织": [], "书籍": [], "情绪": ["恐惧"], "行为": []}
2025-11-27 20:14:30,855 [INFO] ✅ 关系抽取成功: 共 0 个关系
2025-11-27 20:14:30,855 [INFO]    完整结果:
{"提出": [], "包含": [], "应用": [], "来源": [], "解释": [], "相关": [], "导致": [], "影响": []}
2025-11-27 20:14:30,855 [INFO] 
📊 进度统计:
2025-11-27 20:14:30,855 [INFO]    已处理批次: 364/693 (52.5%)
2025-11-27 20:14:30,855 [INFO]    已处理段落: 1820/3465
2025-11-27 20:14:30,855 [INFO]    成功: 364, 失败: 0
2025-11-27 20:14:30,855 [INFO]    已用时: 50.8 分钟
2025-11-27 20:14:30,855 [INFO]    预计剩余: 45.9 分钟
2025-11-27 20:14:30,855 [INFO]    预计总时间: 96.6 分钟
2025-11-27 20:14:30,855 [INFO] 
================================================================================
2025-11-27 20:14:30,855 [INFO] 处理第 365/693 批 (段落 1821-1825)
2025-11-27 20:14:30,855 [INFO] ================================================================================
2025-11-27 20:14:30,855 [INFO] 📄 本批段落数: 5
2025-11-27 20:14:30,855 [INFO] 📄 合并文本长度: 158 字符
2025-11-27 20:14:30,855 [INFO] 📄 完整文本:
有一次，我在和克里夫兰市的一群街头帮派成员谈话时，向他们袒

露了内心的脆弱。我告诉他们我感到难过，希望得到更多的尊重。接

着，其中一个人说：“嘿，你们看！他说他感到难过，这可太糟糕

了！”其他成员随即哄堂大笑。听到这样的话，我可以认为他们在利用

我的脆弱（第二个选择：指责他人），也可以同理他们的行为（第四个
2025-11-27 20:14:30,855 [INFO] --------------------------------------------------------------------------------
2025-11-27 20:14:34,238 [INFO] ✅ 实体抽取成功: 共 1 个实体
2025-11-27 20:14:34,239 [INFO]    完整结果:
{"人物": [], "概念": [], "方法": [], "理论": [], "组织": [], "书籍": [], "情绪": ["难过"], "行为": []}
2025-11-27 20:14:37,428 [INFO] ✅ 关系抽取成功: 共 0 个关系
2025-11-27 20:14:37,429 [INFO]    完整结果:
{"提出": [], "包含": [], "应用": [], "来源": [], "解释": [], "相关": [], "导致": [], "影响": []}
2025-11-27 20:14:37,429 [INFO] 
📊 进度统计:
2025-11-27 20:14:37,429 [INFO]    已处理批次: 365/693 (52.7%)
2025-11-27 20:14:37,429 [INFO]    已处理段落: 1825/3465
2025-11-27 20:14:37,429 [INFO]    成功: 365, 失败: 0
2025-11-27 20:14:37,429 [INFO]    已用时: 50.9 分钟
2025-11-27 20:14:37,429 [INFO]    预计剩余: 45.7 分钟
2025-11-27 20:14:37,429 [INFO]    预计总时间: 96.6 分钟
2025-11-27 20:14:37,429 [INFO] 
================================================================================
2025-11-27 20:14:37,429 [INFO] 处理第 366/693 批 (段落 1826-1830)
2025-11-27 20:14:37,429 [INFO] ================================================================================
2025-11-27 20:14:37,429 [INFO] 📄 本批段落数: 5
2025-11-27 20:14:37,429 [INFO] 📄 合并文本长度: 159 字符
2025-11-27 20:14:37,429 [INFO] 📄 完整文本:
如果认为他们在羞辱或利用我，我很可能会感到受伤、气愤或害

怕，也因此无法同理他们。这时，我也许就需要先离开现场，以便给自

己一些同理或请求信赖的人来支持我。当我发现情绪背后的需要，并获

得了足够的同理后，便准备好了再回去同理他人。因而，在痛苦的情境

中，我们要先让自己得到足够的同理，才能不被自己的各种想法所束
2025-11-27 20:14:37,429 [INFO] --------------------------------------------------------------------------------
2025-11-27 20:14:42,539 [INFO] ✅ 实体抽取成功: 共 4 个实体
2025-11-27 20:14:42,539 [INFO]    完整结果:
{"人物": [], "概念": [], "方法": [], "理论": [], "组织": [], "书籍": [], "情绪": ["受伤", "气愤", "害\n\n怕"], "行为": ["离开现场"]}
2025-11-27 20:14:45,732 [INFO] ✅ 关系抽取成功: 共 0 个关系
2025-11-27 20:14:45,732 [INFO]    完整结果:
{"提出": [], "包含": [], "应用": [], "来源": [], "解释": [], "相关": [], "导致": [], "影响": []}
2025-11-27 20:14:45,732 [INFO] 
📊 进度统计:
2025-11-27 20:14:45,732 [INFO]    已处理批次: 366/693 (52.8%)
2025-11-27 20:14:45,732 [INFO]    已处理段落: 1830/3465
2025-11-27 20:14:45,732 [INFO]    成功: 366, 失败: 0
2025-11-27 20:14:45,732 [INFO]    已用时: 51.0 分钟
2025-11-27 20:14:45,732 [INFO]    预计剩余: 45.6 分钟
2025-11-27 20:14:45,732 [INFO]    预计总时间: 96.6 分钟
2025-11-27 20:14:45,732 [INFO] 
================================================================================
2025-11-27 20:14:45,732 [INFO] 处理第 367/693 批 (段落 1831-1835)
2025-11-27 20:14:45,733 [INFO] ================================================================================
2025-11-27 20:14:45,733 [INFO] 📄 本批段落数: 5
2025-11-27 20:14:45,733 [INFO] 📄 合并文本长度: 161 字符
2025-11-27 20:14:45,733 [INFO] 📄 完整文本:
当我用心体会那位年轻人的话以及后来的笑声时，我意识到他们有

些不高兴，因为他们可能会认为我在利用内疚感给他们下圈套或操纵他

们。我猜他们之所以有这样的反应，或许是因为过去有人用“这让我难

过”之类的表达来暗示对他们的不满。尽管我并未向他们求证，无从知

道这种猜测是否准确，然而，当我将注意力放在这里时，我就不会再认
2025-11-27 20:14:45,733 [INFO] --------------------------------------------------------------------------------
2025-11-27 20:14:49,110 [INFO] ✅ 实体抽取成功: 共 1 个实体
2025-11-27 20:14:49,110 [INFO]    完整结果:
{"人物": [], "概念": [], "方法": [], "理论": [], "组织": [], "书籍": [], "情绪": ["不高兴"], "行为": []}
2025-11-27 20:14:52,301 [INFO] ✅ 关系抽取成功: 共 0 个关系
2025-11-27 20:14:52,301 [INFO]    完整结果:
{"提出": [], "包含": [], "应用": [], "来源": [], "解释": [], "相关": [], "导致": [], "影响": []}
2025-11-27 20:14:52,301 [INFO] 
📊 进度统计:
2025-11-27 20:14:52,302 [INFO]    已处理批次: 367/693 (53.0%)
2025-11-27 20:14:52,302 [INFO]    已处理段落: 1835/3465
2025-11-27 20:14:52,302 [INFO]    成功: 367, 失败: 0
2025-11-27 20:14:52,302 [INFO]    已用时: 51.1 分钟
2025-11-27 20:14:52,302 [INFO]    预计剩余: 45.4 分钟
2025-11-27 20:14:52,302 [INFO]    预计总时间: 96.5 分钟
2025-11-27 20:14:52,302 [INFO] 
================================================================================
2025-11-27 20:14:52,302 [INFO] 处理第 368/693 批 (段落 1836-1840)
2025-11-27 20:14:52,302 [INFO] ================================================================================
2025-11-27 20:14:52,302 [INFO] 📄 本批段落数: 5
2025-11-27 20:14:52,302 [INFO] 📄 合并文本长度: 159 字符
2025-11-27 20:14:52,302 [INFO] 📄 完整文本:
为他们在针对我，也不会生气了，而是能做到用心地听取他们的感受和

“喂！”有个人突然大声说道：“你说的都是一些废话！如果在你面

前是另一伙帮派的人，他们有枪而你没有，你还认为站在这里和他们说

所有人闻言又笑了起来，而我也再次关注他们的感受和需要：“所

以听起来，你们受够了，不想学一些你们认为在这里派不上用场的事
2025-11-27 20:14:52,302 [INFO] --------------------------------------------------------------------------------
2025-11-27 20:14:55,693 [INFO] ✅ 实体抽取成功: 共 1 个实体
2025-11-27 20:14:55,693 [INFO]    完整结果:
{"人物": [], "概念": [], "方法": [], "理论": [], "组织": [], "书籍": [], "情绪": ["生气"], "行为": []}
2025-11-27 20:14:58,904 [INFO] ✅ 关系抽取成功: 共 0 个关系
2025-11-27 20:14:58,905 [INFO]    完整结果:
{"提出": [], "包含": [], "应用": [], "来源": [], "解释": [], "相关": [], "导致": [], "影响": []}
2025-11-27 20:14:58,905 [INFO] 
📊 进度统计:
2025-11-27 20:14:58,905 [INFO]    已处理批次: 368/693 (53.1%)
2025-11-27 20:14:58,905 [INFO]    已处理段落: 1840/3465
2025-11-27 20:14:58,905 [INFO]    成功: 368, 失败: 0
2025-11-27 20:14:58,905 [INFO]    已用时: 51.2 分钟
2025-11-27 20:14:58,905 [INFO]    预计剩余: 45.2 分钟
2025-11-27 20:14:58,905 [INFO]    预计总时间: 96.5 分钟
2025-11-27 20:14:58,905 [INFO] 
================================================================================
2025-11-27 20:14:58,905 [INFO] 处理第 369/693 批 (段落 1841-1845)
2025-11-27 20:14:58,905 [INFO] ================================================================================
2025-11-27 20:14:58,905 [INFO] 📄 本批段落数: 5
2025-11-27 20:14:58,905 [INFO] 📄 合并文本长度: 150 字符
2025-11-27 20:14:58,905 [INFO] 📄 完整文本:
“是的。如果你住在这个街区，就会知道这些都是胡扯！”

“所以你需要确定，来教你们的人对你们的街区有所了解？”

“那当然！在我们这儿，有些人二话不说就会拿枪把你毙了！”

“所以，你很希望来教你们的人能了解这里的危险？”我继续以这样

的方式同理他们，有时用语言表达我所听到的，有时只是静默地体会。
2025-11-27 20:14:58,905 [INFO] --------------------------------------------------------------------------------
2025-11-27 20:15:02,401 [INFO] ✅ 实体抽取成功: 共 1 个实体
2025-11-27 20:15:02,401 [INFO]    完整结果:
{"人物": [], "概念": [], "方法": [], "理论": [], "组织": [], "书籍": [], "情绪": [], "行为": ["拿枪"]}
2025-11-27 20:15:05,621 [INFO] ✅ 关系抽取成功: 共 0 个关系
2025-11-27 20:15:05,621 [INFO]    完整结果:
{"提出": [], "包含": [], "应用": [], "来源": [], "解释": [], "相关": [], "导致": [], "影响": []}
2025-11-27 20:15:05,621 [INFO] 
📊 进度统计:
2025-11-27 20:15:05,621 [INFO]    已处理批次: 369/693 (53.2%)
2025-11-27 20:15:05,621 [INFO]    已处理段落: 1845/3465
2025-11-27 20:15:05,621 [INFO]    成功: 369, 失败: 0
2025-11-27 20:15:05,621 [INFO]    已用时: 51.3 分钟
2025-11-27 20:15:05,621 [INFO]    预计剩余: 45.1 分钟
2025-11-27 20:15:05,621 [INFO]    预计总时间: 96.4 分钟
2025-11-27 20:15:05,621 [INFO] 
================================================================================
2025-11-27 20:15:05,621 [INFO] 处理第 370/693 批 (段落 1846-1850)
2025-11-27 20:15:05,621 [INFO] ================================================================================
2025-11-27 20:15:05,621 [INFO] 📄 本批段落数: 5
2025-11-27 20:15:05,621 [INFO] 📄 合并文本长度: 153 字符
2025-11-27 20:15:05,621 [INFO] 📄 完整文本:
就这样持续了45分钟后，我感到气氛发生了明显的变化，他们开始认为

我真的能够理解他们。参与这项计划的一名辅导员也注意到了转变，便

大声问道：“你们觉得这个男人怎么样？”结果之前一直挑战我的那位男

士回应道：“他是我们遇到过的最好的讲师！”

辅导员听了以后非常惊讶，他凑近我的耳朵小声说道：“可是你什
2025-11-27 20:15:05,621 [INFO] --------------------------------------------------------------------------------
2025-11-27 20:15:08,803 [INFO] ✅ 实体抽取成功: 共 0 个实体
2025-11-27 20:15:08,803 [INFO]    完整结果:
{"人物": [], "概念": [], "方法": [], "理论": [], "组织": [], "书籍": [], "情绪": [], "行为": []}
2025-11-27 20:15:11,992 [INFO] ✅ 关系抽取成功: 共 0 个关系
2025-11-27 20:15:11,992 [INFO]    完整结果:
{"提出": [], "包含": [], "应用": [], "来源": [], "解释": [], "相关": [], "导致": [], "影响": []}
2025-11-27 20:15:11,993 [INFO] 
📊 进度统计:
2025-11-27 20:15:11,993 [INFO]    已处理批次: 370/693 (53.4%)
2025-11-27 20:15:11,993 [INFO]    已处理段落: 1850/3465
2025-11-27 20:15:11,993 [INFO]    成功: 370, 失败: 0
2025-11-27 20:15:11,993 [INFO]    已用时: 51.5 分钟
2025-11-27 20:15:11,993 [INFO]    预计剩余: 44.9 分钟
2025-11-27 20:15:11,993 [INFO]    预计总时间: 96.4 分钟
2025-11-27 20:15:11,993 [INFO] 
================================================================================
2025-11-27 20:15:11,993 [INFO] 处理第 371/693 批 (段落 1851-1855)
2025-11-27 20:15:11,993 [INFO] ================================================================================
2025-11-27 20:15:11,993 [INFO] 📄 本批段落数: 5
2025-11-27 20:15:11,993 [INFO] 📄 合并文本长度: 155 字符
2025-11-27 20:15:11,993 [INFO] 📄 完整文本:
么也没说啊！”实际上，我说了很多。我向他们示范的是，无论他们对

我说什么，我都可以翻译成人类共通的语言——感受和需要。

在紧张的情态下，如果能够同理他人，或许可以避免潜在的暴力。

一位在圣路易斯中心任教的老师和我分享了她的一段亲身经历。由

于学校位于市中心的贫民区，出于安全的考虑，校方告诫老师们必须在
2025-11-27 20:15:11,993 [INFO] --------------------------------------------------------------------------------
2025-11-27 20:15:16,793 [INFO] ✅ 实体抽取成功: 共 4 个实体
2025-11-27 20:15:16,793 [INFO]    完整结果:
{"人物": [], "概念": [], "方法": [], "理论": [], "组织": ["圣路易斯中心"], "书籍": [], "情绪": ["紧张"], "行为": ["示范", "同理"]}
2025-11-27 20:15:20,023 [INFO] ✅ 关系抽取成功: 共 0 个关系
2025-11-27 20:15:20,024 [INFO]    完整结果:
{"提出": [], "包含": [], "应用": [], "来源": [], "解释": [], "相关": [], "导致": [], "影响": []}
2025-11-27 20:15:20,024 [INFO] 
📊 进度统计:
2025-11-27 20:15:20,024 [INFO]    已处理批次: 371/693 (53.5%)
2025-11-27 20:15:20,024 [INFO]    已处理段落: 1855/3465
2025-11-27 20:15:20,024 [INFO]    成功: 371, 失败: 0
2025-11-27 20:15:20,024 [INFO]    已用时: 51.6 分钟
2025-11-27 20:15:20,024 [INFO]    预计剩余: 44.8 分钟
2025-11-27 20:15:20,024 [INFO]    预计总时间: 96.4 分钟
2025-11-27 20:15:20,024 [INFO] 
================================================================================
2025-11-27 20:15:20,024 [INFO] 处理第 372/693 批 (段落 1856-1860)
2025-11-27 20:15:20,024 [INFO] ================================================================================
2025-11-27 20:15:20,024 [INFO] 📄 本批段落数: 5
2025-11-27 20:15:20,024 [INFO] 📄 合并文本长度: 149 字符
2025-11-27 20:15:20,024 [INFO] 📄 完整文本:
放学后立即离校。然而有一天，为了给一位学生补课，这位老师主动在

放学后留了下来。不久，一位陌生的年轻男子闯进了她的教室。

老 师：（注意到这位男子正浑身颤抖着）我感受到你非常害怕。

年轻男子：妈的，你没听见我的话吗？快脱了你的衣服！

老 师：我感受到你现在非常生气，你想让我按照你的话去做。
2025-11-27 20:15:20,024 [INFO] --------------------------------------------------------------------------------
2025-11-27 20:15:23,695 [INFO] ✅ 实体抽取成功: 共 2 个实体
2025-11-27 20:15:23,695 [INFO]    完整结果:
{"人物": [], "概念": [], "方法": [], "理论": [], "组织": [], "书籍": [], "情绪": ["害怕", "生气"], "行为": []}
2025-11-27 20:15:26,873 [INFO] ✅ 关系抽取成功: 共 0 个关系
2025-11-27 20:15:26,873 [INFO]    完整结果:
{"提出": [], "包含": [], "应用": [], "来源": [], "解释": [], "相关": [], "导致": [], "影响": []}
2025-11-27 20:15:26,874 [INFO] 
📊 进度统计:
2025-11-27 20:15:26,874 [INFO]    已处理批次: 372/693 (53.7%)
2025-11-27 20:15:26,874 [INFO]    已处理段落: 1860/3465
2025-11-27 20:15:26,874 [INFO]    成功: 372, 失败: 0
2025-11-27 20:15:26,874 [INFO]    已用时: 51.7 分钟
2025-11-27 20:15:26,874 [INFO]    预计剩余: 44.6 分钟
2025-11-27 20:15:26,874 [INFO]    预计总时间: 96.3 分钟
2025-11-27 20:15:26,874 [INFO] 
================================================================================
2025-11-27 20:15:26,874 [INFO] 处理第 373/693 批 (段落 1861-1865)
2025-11-27 20:15:26,874 [INFO] ================================================================================
2025-11-27 20:15:26,874 [INFO] 📄 本批段落数: 5
2025-11-27 20:15:26,874 [INFO] 📄 合并文本长度: 152 字符
2025-11-27 20:15:26,874 [INFO] 📄 完整文本:
年轻男子：没错！你如果不想受伤，就马上照着我的话做。

老 师：我想请你告诉我，除了伤害我，是否还有其他的方式来满

老 师：我听得出来你很想要我这样做。同时，我希望你知道我有

多么害怕、多么难受，如果你愿意离开这里而不伤害我，我会非常感激

这位教师立刻把钱包递给年轻男子。因为躲过了强暴，她大大地松
2025-11-27 20:15:26,874 [INFO] --------------------------------------------------------------------------------
2025-11-27 20:15:30,324 [INFO] ✅ 实体抽取成功: 共 1 个实体
2025-11-27 20:15:30,324 [INFO]    完整结果:
{"人物": [], "概念": [], "方法": [], "理论": [], "组织": [], "书籍": [], "情绪": [], "行为": ["强暴"]}
2025-11-27 20:15:33,474 [INFO] ✅ 关系抽取成功: 共 0 个关系
2025-11-27 20:15:33,474 [INFO]    完整结果:
{"提出": [], "包含": [], "应用": [], "来源": [], "解释": [], "相关": [], "导致": [], "影响": []}
2025-11-27 20:15:33,474 [INFO] 
📊 进度统计:
2025-11-27 20:15:33,475 [INFO]    已处理批次: 373/693 (53.8%)
2025-11-27 20:15:33,475 [INFO]    已处理段落: 1865/3465
2025-11-27 20:15:33,475 [INFO]    成功: 373, 失败: 0
2025-11-27 20:15:33,475 [INFO]    已用时: 51.8 分钟
2025-11-27 20:15:33,475 [INFO]    预计剩余: 44.4 分钟
2025-11-27 20:15:33,475 [INFO]    预计总时间: 96.3 分钟
2025-11-27 20:15:33,475 [INFO] 
================================================================================
2025-11-27 20:15:33,475 [INFO] 处理第 374/693 批 (段落 1866-1870)
2025-11-27 20:15:33,475 [INFO] ================================================================================
2025-11-27 20:15:33,475 [INFO] 📄 本批段落数: 5
2025-11-27 20:15:33,475 [INFO] 📄 合并文本长度: 149 字符
2025-11-27 20:15:33,475 [INFO] 📄 完整文本:
了口气。后来，她回忆道，当她每次同理这个男人时，都能感受到对方

不再那么坚定地想用强暴的方式来达到他的目的。

还有一次，一位纽约市警官在非暴力沟通工作坊开始前和我分享了

我真的很开心，在上一次的工作坊中，你让我们练习了如何同理愤

怒中的人们。过了几天后，我被派去逮捕一个住在公共房屋项目中的
2025-11-27 20:15:33,475 [INFO] --------------------------------------------------------------------------------
2025-11-27 20:15:37,193 [INFO] ✅ 实体抽取成功: 共 2 个实体
2025-11-27 20:15:37,193 [INFO]    完整结果:
{"人物": [], "概念": [], "方法": ["非暴力沟通"], "理论": [], "组织": [], "书籍": [], "情绪": ["怒"], "行为": []}
2025-11-27 20:15:42,023 [INFO] ✅ 关系抽取成功: 共 1 个关系
2025-11-27 20:15:42,023 [INFO]    完整结果:
{"提出": [], "包含": [], "应用": [{"subject": "非暴力沟通", "object": "逮捕"}], "来源": [], "解释": [], "相关": [], "导致": [], "影响": []}
2025-11-27 20:15:42,023 [INFO] 
📊 进度统计:
2025-11-27 20:15:42,023 [INFO]    已处理批次: 374/693 (54.0%)
2025-11-27 20:15:42,023 [INFO]    已处理段落: 1870/3465
2025-11-27 20:15:42,023 [INFO]    成功: 374, 失败: 0
2025-11-27 20:15:42,023 [INFO]    已用时: 52.0 分钟
2025-11-27 20:15:42,023 [INFO]    预计剩余: 44.3 分钟
2025-11-27 20:15:42,023 [INFO]    预计总时间: 96.3 分钟
2025-11-27 20:15:42,023 [INFO] 
================================================================================
2025-11-27 20:15:42,023 [INFO] 处理第 375/693 批 (段落 1871-1875)
2025-11-27 20:15:42,023 [INFO] ================================================================================
2025-11-27 20:15:42,023 [INFO] 📄 本批段落数: 5
2025-11-27 20:15:42,023 [INFO] 📄 合并文本长度: 164 字符
2025-11-27 20:15:42,023 [INFO] 📄 完整文本:
人。当我将他带出来时，有60来人围着我的车并向我喊叫：“放开他！

他什么都没做！你们这些警察都是种族主义分子，是一群猪！”虽然怀

疑同理心能否在那时发挥作用，但我没有别的选择。于是，我试着把他

们话中所隐含的感受说出来：“你们不相信逮捕这位先生是合理的？你

们认为这与种族有关？”这样持续了几分钟后，这群人不再像刚开始那
2025-11-27 20:15:42,023 [INFO] --------------------------------------------------------------------------------
2025-11-27 20:15:46,186 [INFO] ✅ 实体抽取成功: 共 2 个实体
2025-11-27 20:15:46,186 [INFO]    完整结果:
{"人物": [], "概念": ["种族主义"], "方法": [], "理论": [], "组织": [], "书籍": [], "情绪": [], "行为": ["逮捕"]}
2025-11-27 20:15:49,676 [INFO] ✅ 关系抽取成功: 共 0 个关系
2025-11-27 20:15:49,677 [INFO]    完整结果:
{"提出": [], "包含": [], "应用": [], "来源": [], "解释": [], "相关": [], "导致": [], "影响": []}
2025-11-27 20:15:49,677 [INFO] 
📊 进度统计:
2025-11-27 20:15:49,677 [INFO]    已处理批次: 375/693 (54.1%)
2025-11-27 20:15:49,677 [INFO]    已处理段落: 1875/3465
2025-11-27 20:15:49,677 [INFO]    成功: 375, 失败: 0
2025-11-27 20:15:49,677 [INFO]    已用时: 52.1 分钟
2025-11-27 20:15:49,677 [INFO]    预计剩余: 44.2 分钟
2025-11-27 20:15:49,677 [INFO]    预计总时间: 96.2 分钟
2025-11-27 20:15:49,677 [INFO] 
================================================================================
2025-11-27 20:15:49,677 [INFO] 处理第 376/693 批 (段落 1876-1880)
2025-11-27 20:15:49,677 [INFO] ================================================================================
2025-11-27 20:15:49,677 [INFO] 📄 本批段落数: 5
2025-11-27 20:15:49,677 [INFO] 📄 合并文本长度: 156 字符
2025-11-27 20:15:49,677 [INFO] 📄 完整文本:
样针锋相对了。最后，他们让开了一条路，让我上了车。

我想再举一个例子来说明怎样借助同理心来避免暴力。这是一个年

轻的女学员在第二次参加非暴力沟通工作坊时讲述的亲身经历。这位女

学员在多伦多一个戒毒中心上班。她参加完第一次非暴力沟通工作坊几

周后，一天正轮到她值夜班。晚上11点左右，一个看起来服用了毒品的
2025-11-27 20:15:49,677 [INFO] --------------------------------------------------------------------------------
2025-11-27 20:15:54,276 [INFO] ✅ 实体抽取成功: 共 3 个实体
2025-11-27 20:15:54,277 [INFO]    完整结果:
{"人物": [], "概念": [], "方法": ["非暴力沟通"], "理论": ["同理心"], "组织": ["戒毒中心"], "书籍": [], "情绪": [], "行为": []}
2025-11-27 20:15:57,445 [INFO] ✅ 关系抽取成功: 共 0 个关系
2025-11-27 20:15:57,445 [INFO]    完整结果:
{"提出": [], "包含": [], "应用": [], "来源": [], "解释": [], "相关": [], "导致": [], "影响": []}
2025-11-27 20:15:57,445 [INFO] 
📊 进度统计:
2025-11-27 20:15:57,445 [INFO]    已处理批次: 376/693 (54.3%)
2025-11-27 20:15:57,445 [INFO]    已处理段落: 1880/3465
2025-11-27 20:15:57,445 [INFO]    成功: 376, 失败: 0
2025-11-27 20:15:57,445 [INFO]    已用时: 52.2 分钟
2025-11-27 20:15:57,445 [INFO]    预计剩余: 44.0 分钟
2025-11-27 20:15:57,445 [INFO]    预计总时间: 96.2 分钟
2025-11-27 20:15:57,445 [INFO] 
================================================================================
2025-11-27 20:15:57,445 [INFO] 处理第 377/693 批 (段落 1881-1885)
2025-11-27 20:15:57,445 [INFO] ================================================================================
2025-11-27 20:15:57,446 [INFO] 📄 本批段落数: 5
2025-11-27 20:15:57,446 [INFO] 📄 合并文本长度: 162 字符
2025-11-27 20:15:57,446 [INFO] 📄 完整文本:
男人从街上走进中心，要求给他一个房间。女学员向他解释说，当晚已

经没有空房了。正当她将另一个戒毒中心的地址递给他时，男子将她推

倒在地。“当我回过神来，他已经坐在我的胸膛上，拿着一把刀抵着我

的喉咙，大声说：‘你这个婊子，别骗我！你们肯定腾得出一间房！’”

接着这位女学员开始运用她所学到的非暴力沟通方法，同理起男子
2025-11-27 20:15:57,446 [INFO] --------------------------------------------------------------------------------
2025-11-27 20:16:02,394 [INFO] ✅ 实体抽取成功: 共 2 个实体
2025-11-27 20:16:02,395 [INFO]    完整结果:
{"人物": [], "概念": [], "方法": ["非暴力沟通"], "理论": [], "组织": [], "书籍": [], "情绪": [], "行为": ["推倒在地"]}
2025-11-27 20:16:08,167 [INFO] ✅ 关系抽取成功: 共 1 个关系
2025-11-27 20:16:08,167 [INFO]    完整结果:
{"提出": [], "包含": [], "应用": [{"subject": "非暴力沟通", "object": "男子"}], "来源": [], "解释": [], "相关": [], "导致": [], "影响": []}
2025-11-27 20:16:08,167 [INFO] 
📊 进度统计:
2025-11-27 20:16:08,167 [INFO]    已处理批次: 377/693 (54.4%)
2025-11-27 20:16:08,167 [INFO]    已处理段落: 1885/3465
2025-11-27 20:16:08,167 [INFO]    成功: 377, 失败: 0
2025-11-27 20:16:08,167 [INFO]    已用时: 52.4 分钟
2025-11-27 20:16:08,167 [INFO]    预计剩余: 43.9 分钟
2025-11-27 20:16:08,167 [INFO]    预计总时间: 96.3 分钟
2025-11-27 20:16:08,167 [INFO] 
================================================================================
2025-11-27 20:16:08,167 [INFO] 处理第 378/693 批 (段落 1886-1890)
2025-11-27 20:16:08,167 [INFO] ================================================================================
2025-11-27 20:16:08,167 [INFO] 📄 本批段落数: 5
2025-11-27 20:16:08,167 [INFO] 📄 合并文本长度: 162 字符
2025-11-27 20:16:08,167 [INFO] 📄 完整文本:
“在那样的情况下，你竟然记得运用非暴力沟通？”我十分钦佩地问

“要不然我还能怎么办呢？绝望有时会激发出潜在的沟通能力！你

知道吗，马歇尔，”她补充说，“上回，你在工作坊里讲的一个笑话真的

“你记得你说过，在一个愤怒的人面前，绝不要说‘可是’‘但是’吗？

当时我差点要和这个男人理论，我想告诉他‘可是，我们真的一间房都
2025-11-27 20:16:08,167 [INFO] --------------------------------------------------------------------------------
2025-11-27 20:16:13,251 [INFO] ✅ 实体抽取成功: 共 4 个实体
2025-11-27 20:16:13,251 [INFO]    完整结果:
{"人物": ["马歇尔"], "概念": [], "方法": ["非暴力沟通"], "理论": [], "组织": [], "书籍": [], "情绪": ["绝望", "愤怒"], "行为": []}
2025-11-27 20:16:18,759 [INFO] ✅ 关系抽取成功: 共 1 个关系
2025-11-27 20:16:18,759 [INFO]    完整结果:
{"提出": [], "包含": [], "应用": [{"subject": "非暴力沟通", "object": "沟通能力"}], "来源": [], "解释": [], "相关": [], "导致": [], "影响": []}
2025-11-27 20:16:18,759 [INFO] 
📊 进度统计:
2025-11-27 20:16:18,759 [INFO]    已处理批次: 378/693 (54.5%)
2025-11-27 20:16:18,759 [INFO]    已处理段落: 1890/3465
2025-11-27 20:16:18,759 [INFO]    成功: 378, 失败: 0
2025-11-27 20:16:18,759 [INFO]    已用时: 52.6 分钟
2025-11-27 20:16:18,760 [INFO]    预计剩余: 43.8 分钟
2025-11-27 20:16:18,760 [INFO]    预计总时间: 96.4 分钟
2025-11-27 20:16:18,760 [INFO] 
================================================================================
2025-11-27 20:16:18,760 [INFO] 处理第 379/693 批 (段落 1891-1895)
2025-11-27 20:16:18,760 [INFO] ================================================================================
2025-11-27 20:16:18,760 [INFO] 📄 本批段落数: 5
2025-11-27 20:16:18,760 [INFO] 📄 合并文本长度: 165 字符
2025-11-27 20:16:18,760 [INFO] 📄 完整文本:
没有了’，但在那时，我突然想起了你说的那个笑话。之所以会记得那

么清楚，是因为在一周前，我在和妈妈吵架时，她对我说：‘每次我说

了什么，你都用“但是”来回答我，我真想杀了你！’你想，如果连我自

己的妈妈都会因为这个词气得想要杀我，更何况这个男人呢？如果我在

他愤怒时对他说：‘可是，我们真的没有房间了！’我想我早就没命了。
2025-11-27 20:16:18,760 [INFO] --------------------------------------------------------------------------------
2025-11-27 20:16:22,527 [INFO] ✅ 实体抽取成功: 共 1 个实体
2025-11-27 20:16:22,527 [INFO]    完整结果:
{"人物": [], "概念": [], "方法": [], "理论": [], "组织": [], "书籍": [], "情绪": ["愤怒"], "行为": []}
2025-11-27 20:16:26,016 [INFO] ✅ 关系抽取成功: 共 0 个关系
2025-11-27 20:16:26,016 [INFO]    完整结果:
{"提出": [], "包含": [], "应用": [], "来源": [], "解释": [], "相关": [], "导致": [], "影响": []}
2025-11-27 20:16:26,016 [INFO] 
📊 进度统计:
2025-11-27 20:16:26,016 [INFO]    已处理批次: 379/693 (54.7%)
2025-11-27 20:16:26,017 [INFO]    已处理段落: 1895/3465
2025-11-27 20:16:26,017 [INFO]    成功: 379, 失败: 0
2025-11-27 20:16:26,017 [INFO]    已用时: 52.7 分钟
2025-11-27 20:16:26,017 [INFO]    预计剩余: 43.6 分钟
2025-11-27 20:16:26,017 [INFO]    预计总时间: 96.3 分钟
2025-11-27 20:16:26,017 [INFO] 
================================================================================
2025-11-27 20:16:26,017 [INFO] 处理第 380/693 批 (段落 1896-1900)
2025-11-27 20:16:26,017 [INFO] ================================================================================
2025-11-27 20:16:26,017 [INFO] 📄 本批段落数: 5
2025-11-27 20:16:26,017 [INFO] 📄 合并文本长度: 154 字符
2025-11-27 20:16:26,017 [INFO] 📄 完整文本:
“于是，我深吸了一口气，对他说：‘听起来你真的很生气，你想有

一个房间可以休息。’他大声回应：‘也许我是一个瘾君子，但在上帝面

前，我也配得到尊重！我受够了没有人尊重我，连我的父母也看不起

我，我需要得到尊重！！’我全然地关注着他的感受和需要，并对他

说：‘你是不是已经受够了得不到你想要的尊重？’”
2025-11-27 20:16:26,017 [INFO] --------------------------------------------------------------------------------
2025-11-27 20:16:29,414 [INFO] ✅ 实体抽取成功: 共 1 个实体
2025-11-27 20:16:29,414 [INFO]    完整结果:
{"人物": [], "概念": [], "方法": [], "理论": [], "组织": [], "书籍": [], "情绪": ["生气"], "行为": []}
2025-11-27 20:16:32,612 [INFO] ✅ 关系抽取成功: 共 0 个关系
2025-11-27 20:16:32,613 [INFO]    完整结果:
{"提出": [], "包含": [], "应用": [], "来源": [], "解释": [], "相关": [], "导致": [], "影响": []}
2025-11-27 20:16:32,613 [INFO] 
📊 进度统计:
2025-11-27 20:16:32,613 [INFO]    已处理批次: 380/693 (54.8%)
2025-11-27 20:16:32,613 [INFO]    已处理段落: 1900/3465
2025-11-27 20:16:32,613 [INFO]    成功: 380, 失败: 0
2025-11-27 20:16:32,613 [INFO]    已用时: 52.8 分钟
2025-11-27 20:16:32,613 [INFO]    预计剩余: 43.5 分钟
2025-11-27 20:16:32,613 [INFO]    预计总时间: 96.3 分钟
2025-11-27 20:16:32,613 [INFO] 
================================================================================
2025-11-27 20:16:32,613 [INFO] 处理第 381/693 批 (段落 1901-1905)
2025-11-27 20:16:32,613 [INFO] ================================================================================
2025-11-27 20:16:32,613 [INFO] 📄 本批段落数: 5
2025-11-27 20:16:32,613 [INFO] 📄 合并文本长度: 151 字符
2025-11-27 20:16:32,613 [INFO] 📄 完整文本:
“你们的对话持续了多长时间？”我问女学员。

“不，我们说了几句话后，我就不害怕了。因为当我专心聆听他的

感受和需要时，我就不再把他当成恶魔了。就像你说的，那些被我们看

作恶魔的人，也是人。只不过有时他们的言语和行为，阻碍了我们看见

他们的人性。我越是关注他的感受和需要，就越能够看见他只是一个因
2025-11-27 20:16:32,613 [INFO] --------------------------------------------------------------------------------
2025-11-27 20:16:35,948 [INFO] ✅ 实体抽取成功: 共 1 个实体
2025-11-27 20:16:35,948 [INFO]    完整结果:
{"人物": [], "概念": [], "方法": [], "理论": [], "组织": [], "书籍": [], "情绪": [], "行为": ["对话"]}
2025-11-27 20:16:39,090 [INFO] ✅ 关系抽取成功: 共 0 个关系
2025-11-27 20:16:39,090 [INFO]    完整结果:
{"提出": [], "包含": [], "应用": [], "来源": [], "解释": [], "相关": [], "导致": [], "影响": []}
2025-11-27 20:16:39,090 [INFO] 
📊 进度统计:
2025-11-27 20:16:39,090 [INFO]    已处理批次: 381/693 (55.0%)
2025-11-27 20:16:39,090 [INFO]    已处理段落: 1905/3465
2025-11-27 20:16:39,090 [INFO]    成功: 381, 失败: 0
2025-11-27 20:16:39,090 [INFO]    已用时: 52.9 分钟
2025-11-27 20:16:39,090 [INFO]    预计剩余: 43.3 分钟
2025-11-27 20:16:39,090 [INFO]    预计总时间: 96.2 分钟
2025-11-27 20:16:39,091 [INFO] 
================================================================================
2025-11-27 20:16:39,091 [INFO] 处理第 382/693 批 (段落 1906-1910)
2025-11-27 20:16:39,091 [INFO] ================================================================================
2025-11-27 20:16:39,091 [INFO] 📄 本批段落数: 5
2025-11-27 20:16:39,091 [INFO] 📄 合并文本长度: 157 字符
2025-11-27 20:16:39,091 [INFO] 📄 完整文本:
为需要没有得到满足而感到绝望的人。我开始相信，只要继续这么做，

他就不会伤害我。当获得了同理后，他放开了我，收起了刀。接着，我

听到她在如此险境中仍能记得以同理心做出回应，我十分欣喜，并

且好奇地问她：“那你怎么还回来上课呢？看起来，你已经熟练掌握了

非暴力沟通，应该到外面去把你所学到的东西教给别人呀。”
2025-11-27 20:16:39,091 [INFO] --------------------------------------------------------------------------------
2025-11-27 20:16:43,357 [INFO] ✅ 实体抽取成功: 共 3 个实体
2025-11-27 20:16:43,357 [INFO]    完整结果:
{"人物": [], "概念": ["同理", "非暴力沟通"], "方法": [], "理论": [], "组织": [], "书籍": [], "情绪": ["绝望"], "行为": []}
2025-11-27 20:16:46,525 [INFO] ✅ 关系抽取成功: 共 0 个关系
2025-11-27 20:16:46,525 [INFO]    完整结果:
{"提出": [], "包含": [], "应用": [], "来源": [], "解释": [], "相关": [], "导致": [], "影响": []}
2025-11-27 20:16:46,526 [INFO] 
📊 进度统计:
2025-11-27 20:16:46,526 [INFO]    已处理批次: 382/693 (55.1%)
2025-11-27 20:16:46,526 [INFO]    已处理段落: 1910/3465
2025-11-27 20:16:46,526 [INFO]    成功: 382, 失败: 0
2025-11-27 20:16:46,526 [INFO]    已用时: 53.0 分钟
2025-11-27 20:16:46,526 [INFO]    预计剩余: 43.2 分钟
2025-11-27 20:16:46,526 [INFO]    预计总时间: 96.2 分钟
2025-11-27 20:16:46,526 [INFO] 
================================================================================
2025-11-27 20:16:46,526 [INFO] 处理第 383/693 批 (段落 1911-1915)
2025-11-27 20:16:46,526 [INFO] ================================================================================
2025-11-27 20:16:46,526 [INFO] 📄 本批段落数: 5
2025-11-27 20:16:46,526 [INFO] 📄 合并文本长度: 145 字符
2025-11-27 20:16:46,526 [INFO] 📄 完整文本:
“我遇到了更大的困难，需要你的帮助。”她说。

“还有什么事会比你刚才描述的情况更棘手呢？”

“关于我和我妈妈的沟通。虽然我已经领悟到要谨慎使用‘但是’这类

词语，可你知道吗，在事发之后的晚餐上，我告诉了她事情的经过，她

对我说：‘如果你继续做这份工作，我和你爸迟早会因此心脏病发作。
2025-11-27 20:16:46,526 [INFO] --------------------------------------------------------------------------------
2025-11-27 20:16:49,838 [INFO] ✅ 实体抽取成功: 共 1 个实体
2025-11-27 20:16:49,839 [INFO]    完整结果:
{"人物": [], "概念": [], "方法": [], "理论": [], "组织": [], "书籍": [], "情绪": [], "行为": ["沟通"]}
2025-11-27 20:16:54,194 [INFO] ✅ 关系抽取成功: 共 1 个关系
2025-11-27 20:16:54,195 [INFO]    完整结果:
{"提出": [], "包含": [], "应用": [], "来源": [], "解释": [], "相关": [], "导致": [{"subject": "心脏病", "object": "发作"}], "影响": []}
2025-11-27 20:16:54,195 [INFO] 
📊 进度统计:
2025-11-27 20:16:54,195 [INFO]    已处理批次: 383/693 (55.3%)
2025-11-27 20:16:54,195 [INFO]    已处理段落: 1915/3465
2025-11-27 20:16:54,195 [INFO]    成功: 383, 失败: 0
2025-11-27 20:16:54,195 [INFO]    已用时: 53.2 分钟
2025-11-27 20:16:54,195 [INFO]    预计剩余: 43.0 分钟
2025-11-27 20:16:54,195 [INFO]    预计总时间: 96.2 分钟
2025-11-27 20:16:54,195 [INFO] 
================================================================================
2025-11-27 20:16:54,195 [INFO] 处理第 384/693 批 (段落 1916-1920)
2025-11-27 20:16:54,195 [INFO] ================================================================================
2025-11-27 20:16:54,195 [INFO] 📄 本批段落数: 5
2025-11-27 20:16:54,195 [INFO] 📄 合并文本长度: 163 字符
2025-11-27 20:16:54,195 [INFO] 📄 完整文本:
你得立即换一份工作！’你猜我怎么回答她？‘但是，妈妈，这是我的生

带着同理心回应我们的家人多难啊，对此，我实在找不出更贴切的

当别人对我们的请求说“不要”“我不想……”时，我们常常会将这类

话解读为对我们的拒绝，或是认为自己有什么问题，因此无法了解对方

实际上是怎么想的而感到受伤。如果能够体会对方在说“不”背后的感受
2025-11-27 20:16:54,195 [INFO] --------------------------------------------------------------------------------
2025-11-27 20:16:57,766 [INFO] ✅ 实体抽取成功: 共 1 个实体
2025-11-27 20:16:57,766 [INFO]    完整结果:
{"人物": [], "概念": ["同理心"], "方法": [], "理论": [], "组织": [], "书籍": [], "情绪": [], "行为": []}
2025-11-27 20:17:00,956 [INFO] ✅ 关系抽取成功: 共 0 个关系
2025-11-27 20:17:00,956 [INFO]    完整结果:
{"提出": [], "包含": [], "应用": [], "来源": [], "解释": [], "相关": [], "导致": [], "影响": []}
2025-11-27 20:17:00,956 [INFO] 
📊 进度统计:
2025-11-27 20:17:00,956 [INFO]    已处理批次: 384/693 (55.4%)
2025-11-27 20:17:00,956 [INFO]    已处理段落: 1920/3465
2025-11-27 20:17:00,956 [INFO]    成功: 384, 失败: 0
2025-11-27 20:17:00,956 [INFO]    已用时: 53.3 分钟
2025-11-27 20:17:00,956 [INFO]    预计剩余: 42.9 分钟
2025-11-27 20:17:00,956 [INFO]    预计总时间: 96.1 分钟
2025-11-27 20:17:00,957 [INFO] 
================================================================================
2025-11-27 20:17:00,957 [INFO] 处理第 385/693 批 (段落 1921-1925)
2025-11-27 20:17:00,957 [INFO] ================================================================================
2025-11-27 20:17:00,957 [INFO] 📄 本批段落数: 5
2025-11-27 20:17:00,957 [INFO] 📄 合并文本长度: 152 字符
2025-11-27 20:17:00,957 [INFO] 📄 完整文本:
和需要，我们就能明白是什么使他们无法答应我们的请求。

有一次，在工作坊休息期间，我邀请大家一起去附近吃冰激淋。有

位女学员猛然回应道：“我不去！”因为这番语气，我立刻将她的回答解

读为对我的拒绝。后来我提醒自己去体会她想要通过“不”表达什么样的

感受和需要，于是我问她：“你好像有些生气，是吗？”
2025-11-27 20:17:00,957 [INFO] --------------------------------------------------------------------------------
2025-11-27 20:17:04,313 [INFO] ✅ 实体抽取成功: 共 1 个实体
2025-11-27 20:17:04,313 [INFO]    完整结果:
{"人物": [], "概念": [], "方法": [], "理论": [], "组织": [], "书籍": [], "情绪": ["生气"], "行为": []}
2025-11-27 20:17:07,491 [INFO] ✅ 关系抽取成功: 共 0 个关系
2025-11-27 20:17:07,491 [INFO]    完整结果:
{"提出": [], "包含": [], "应用": [], "来源": [], "解释": [], "相关": [], "导致": [], "影响": []}
2025-11-27 20:17:07,492 [INFO] 
📊 进度统计:
2025-11-27 20:17:07,492 [INFO]    已处理批次: 385/693 (55.6%)
2025-11-27 20:17:07,492 [INFO]    已处理段落: 1925/3465
2025-11-27 20:17:07,492 [INFO]    成功: 385, 失败: 0
2025-11-27 20:17:07,492 [INFO]    已用时: 53.4 分钟
2025-11-27 20:17:07,492 [INFO]    预计剩余: 42.7 分钟
2025-11-27 20:17:07,492 [INFO]    预计总时间: 96.1 分钟
2025-11-27 20:17:07,492 [INFO] 
================================================================================
2025-11-27 20:17:07,492 [INFO] 处理第 386/693 批 (段落 1926-1930)
2025-11-27 20:17:07,492 [INFO] ================================================================================
2025-11-27 20:17:07,492 [INFO] 📄 本批段落数: 5
2025-11-27 20:17:07,492 [INFO] 📄 合并文本长度: 153 字符
2025-11-27 20:17:07,492 [INFO] 📄 完整文本:
“不，我没生气。”她说，“我只是不想每次一张嘴说话都被你纠

此时，我意识到她并没有生气，而是有些不安。为了核实我的猜

测，我询问她：“你担心，我在场的话，有可能会评论你的沟通方式，

“没错！我可以想象，和你一起坐在冰激淋店里，而你会关注我说

这时我发现，对于我在课堂上给予学员反馈的方式，她感到不自
2025-11-27 20:17:07,492 [INFO] --------------------------------------------------------------------------------
2025-11-27 20:17:10,857 [INFO] ✅ 实体抽取成功: 共 1 个实体
2025-11-27 20:17:10,857 [INFO]    完整结果:
{"人物": [], "概念": [], "方法": [], "理论": [], "组织": [], "书籍": [], "情绪": ["不安"], "行为": []}
2025-11-27 20:17:14,022 [INFO] ✅ 关系抽取成功: 共 0 个关系
2025-11-27 20:17:14,022 [INFO]    完整结果:
{"提出": [], "包含": [], "应用": [], "来源": [], "解释": [], "相关": [], "导致": [], "影响": []}
2025-11-27 20:17:14,022 [INFO] 
📊 进度统计:
2025-11-27 20:17:14,022 [INFO]    已处理批次: 386/693 (55.7%)
2025-11-27 20:17:14,022 [INFO]    已处理段落: 1930/3465
2025-11-27 20:17:14,022 [INFO]    成功: 386, 失败: 0
2025-11-27 20:17:14,023 [INFO]    已用时: 53.5 分钟
2025-11-27 20:17:14,023 [INFO]    预计剩余: 42.5 分钟
2025-11-27 20:17:14,023 [INFO]    预计总时间: 96.0 分钟
2025-11-27 20:17:14,023 [INFO] 
================================================================================
2025-11-27 20:17:14,023 [INFO] 处理第 387/693 批 (段落 1931-1935)
2025-11-27 20:17:14,023 [INFO] ================================================================================
2025-11-27 20:17:14,023 [INFO] 📄 本批段落数: 5
2025-11-27 20:17:14,023 [INFO] 📄 合并文本长度: 154 字符
2025-11-27 20:17:14,023 [INFO] 📄 完整文本:
在，不想在公共场合出现那样的情境。因为体会到了她的感受和需要，

我也拔除了听见“不”时扎进我心中的那根刺。于是，我向她保证，在公

共场合不会评论她的沟通方式。同时，我们还讨论了什么样的反馈能够

让她感到安心。最后，她和我们一起享用了冰激淋。

我们都经历过乏味的谈话，也许是在某个社交场合中：我们无法从
2025-11-27 20:17:14,023 [INFO] --------------------------------------------------------------------------------
2025-11-27 20:17:17,727 [INFO] ✅ 实体抽取成功: 共 2 个实体
2025-11-27 20:17:17,727 [INFO]    完整结果:
{"人物": [], "概念": [], "方法": [], "理论": [], "组织": [], "书籍": [], "情绪": [], "行为": ["欣赏", "谈话"]}
2025-11-27 20:17:20,922 [INFO] ✅ 关系抽取成功: 共 0 个关系
2025-11-27 20:17:20,922 [INFO]    完整结果:
{"提出": [], "包含": [], "应用": [], "来源": [], "解释": [], "相关": [], "导致": [], "影响": []}
2025-11-27 20:17:20,922 [INFO] 
📊 进度统计:
2025-11-27 20:17:20,922 [INFO]    已处理批次: 387/693 (55.8%)
2025-11-27 20:17:20,923 [INFO]    已处理段落: 1935/3465
2025-11-27 20:17:20,923 [INFO]    成功: 387, 失败: 0
2025-11-27 20:17:20,923 [INFO]    已用时: 53.6 分钟
2025-11-27 20:17:20,923 [INFO]    预计剩余: 42.4 分钟
2025-11-27 20:17:20,923 [INFO]    预计总时间: 96.0 分钟
2025-11-27 20:17:20,923 [INFO] 
================================================================================
2025-11-27 20:17:20,923 [INFO] 处理第 388/693 批 (段落 1936-1940)
2025-11-27 20:17:20,923 [INFO] ================================================================================
2025-11-27 20:17:20,923 [INFO] 📄 本批段落数: 5
2025-11-27 20:17:20,923 [INFO] 📄 合并文本长度: 159 字符
2025-11-27 20:17:20,923 [INFO] 📄 完整文本:
说话的内容中感受到和讲述者的连结；还有些人一旦开始讲话便喋喋不

休，让听的人害怕对话会没完没了。当我们无法与讲述者的感受、需

要、请求建立连结时，对话便会失去生机。当讲述者不清楚自己的感

受、需要和请求时，说出来的话就会乏味。这时，我们非但无法与对方

那么，我们要怎么做以及在何时打破死气沉沉的对话呢？我建议，
2025-11-27 20:17:20,923 [INFO] --------------------------------------------------------------------------------
2025-11-27 20:17:26,394 [INFO] ✅ 实体抽取成功: 共 3 个实体
2025-11-27 20:17:26,394 [INFO]    完整结果:
{"人物": [], "概念": [], "方法": [], "理论": [], "组织": [], "书籍": [], "情绪": [], "行为": ["说话", "建立连结", "打破死气沉沉的对话"]}
2025-11-27 20:17:29,713 [INFO] ✅ 关系抽取成功: 共 0 个关系
2025-11-27 20:17:29,713 [INFO]    完整结果:
{"提出": [], "包含": [], "应用": [], "来源": [], "解释": [], "相关": [], "导致": [], "影响": []}
2025-11-27 20:17:29,713 [INFO] 
📊 进度统计:
2025-11-27 20:17:29,713 [INFO]    已处理批次: 388/693 (56.0%)
2025-11-27 20:17:29,713 [INFO]    已处理段落: 1940/3465
2025-11-27 20:17:29,713 [INFO]    成功: 388, 失败: 0
2025-11-27 20:17:29,713 [INFO]    已用时: 53.7 分钟
2025-11-27 20:17:29,713 [INFO]    预计剩余: 42.2 分钟
2025-11-27 20:17:29,713 [INFO]    预计总时间: 96.0 分钟
2025-11-27 20:17:29,713 [INFO] 
================================================================================
2025-11-27 20:17:29,713 [INFO] 处理第 389/693 批 (段落 1941-1945)
2025-11-27 20:17:29,713 [INFO] ================================================================================
2025-11-27 20:17:29,713 [INFO] 📄 本批段落数: 5
2025-11-27 20:17:29,713 [INFO] 📄 合并文本长度: 162 字符
2025-11-27 20:17:29,714 [INFO] 📄 完整文本:
当我们连一个字都听不下去时，就是打断的最好时机。我们等得越久，

就越难在这样做时保持礼貌。而打断的目的并非在于让自己发言，而是

做法便是去体会对方心中可能会有的感受和需要。例如，如果你的

阿姨再度讲起20年前她的丈夫如何抛弃了她和两个孩子，你可以试着打

断她，对她说：“阿姨，听起来，你现在依然感到愤愤不平，希望当年
2025-11-27 20:17:29,714 [INFO] --------------------------------------------------------------------------------
2025-11-27 20:17:33,890 [INFO] ✅ 实体抽取成功: 共 2 个实体
2025-11-27 20:17:33,890 [INFO]    完整结果:
{"人物": [], "概念": [], "方法": [], "理论": [], "组织": [], "书籍": [], "情绪": ["愤愤不平"], "行为": ["打断"]}
2025-11-27 20:17:37,106 [INFO] ✅ 关系抽取成功: 共 0 个关系
2025-11-27 20:17:37,106 [INFO]    完整结果:
{"提出": [], "包含": [], "应用": [], "来源": [], "解释": [], "相关": [], "导致": [], "影响": []}
2025-11-27 20:17:37,106 [INFO] 
📊 进度统计:
2025-11-27 20:17:37,106 [INFO]    已处理批次: 389/693 (56.1%)
2025-11-27 20:17:37,106 [INFO]    已处理段落: 1945/3465
2025-11-27 20:17:37,106 [INFO]    成功: 389, 失败: 0
2025-11-27 20:17:37,106 [INFO]    已用时: 53.9 分钟
2025-11-27 20:17:37,106 [INFO]    预计剩余: 42.1 分钟
2025-11-27 20:17:37,106 [INFO]    预计总时间: 96.0 分钟
2025-11-27 20:17:37,106 [INFO] 
================================================================================
2025-11-27 20:17:37,106 [INFO] 处理第 390/693 批 (段落 1946-1950)
2025-11-27 20:17:37,106 [INFO] ================================================================================
2025-11-27 20:17:37,106 [INFO] 📄 本批段落数: 5
2025-11-27 20:17:37,106 [INFO] 📄 合并文本长度: 151 字符
2025-11-27 20:17:37,106 [INFO] 📄 完整文本:
得到公平的对待。”人们往往没有意识到他们要的其实是别人的同理。

他们也不知道，与讲述过去所遭遇到的不公和困难相比，直接表达自己

的感受和需要，更有可能得到来自他人的同理。

使谈话变得生动有趣的另一种方法是，直接告诉对方我们想和他们

建立更多连结，并请求对方的支持。有一次，在一个酒会上，听着周围
2025-11-27 20:17:37,106 [INFO] --------------------------------------------------------------------------------
2025-11-27 20:17:41,898 [INFO] ✅ 实体抽取成功: 共 4 个实体
2025-11-27 20:17:41,898 [INFO]    完整结果:
{"人物": [], "概念": [], "方法": [], "理论": [], "组织": [], "书籍": [], "情绪": ["公平"], "行为": ["直接表达自己", "建立更多连结", "请求对方的支持"]}
2025-11-27 20:17:45,149 [INFO] ✅ 关系抽取成功: 共 0 个关系
2025-11-27 20:17:45,150 [INFO]    完整结果:
{"提出": [], "包含": [], "应用": [], "来源": [], "解释": [], "相关": [], "导致": [], "影响": []}
2025-11-27 20:17:45,150 [INFO] 
📊 进度统计:
2025-11-27 20:17:45,150 [INFO]    已处理批次: 390/693 (56.3%)
2025-11-27 20:17:45,150 [INFO]    已处理段落: 1950/3465
2025-11-27 20:17:45,150 [INFO]    成功: 390, 失败: 0
2025-11-27 20:17:45,150 [INFO]    已用时: 54.0 分钟
2025-11-27 20:17:45,150 [INFO]    预计剩余: 42.0 分钟
2025-11-27 20:17:45,150 [INFO]    预计总时间: 96.0 分钟
2025-11-27 20:17:45,150 [INFO] 
================================================================================
2025-11-27 20:17:45,150 [INFO] 处理第 391/693 批 (段落 1951-1955)
2025-11-27 20:17:45,150 [INFO] ================================================================================
2025-11-27 20:17:45,150 [INFO] 📄 本批段落数: 5
2025-11-27 20:17:45,150 [INFO] 📄 合并文本长度: 154 字符
2025-11-27 20:17:45,150 [INFO] 📄 完整文本:
人说的话，我感觉颇为无趣。于是，我打断了他们的谈话，对着其他9

个人说：“打扰了，我有点不耐烦，因为我想与你们加深联系，但我们

的对话无法带给我想要的连结。我想知道，刚才我们的谈话能否满足你

们的需要？如果能，你们的哪些需要得到了满足呢？”

刹时，那9个人都看向了我，仿佛我向鸡尾酒桶里扔了一只老鼠。
2025-11-27 20:17:45,150 [INFO] --------------------------------------------------------------------------------
2025-11-27 20:17:50,365 [INFO] ✅ 实体抽取成功: 共 3 个实体
2025-11-27 20:17:50,365 [INFO]    完整结果:
{"人物": [], "概念": [], "方法": [], "理论": [], "组织": [], "书籍": [], "情绪": ["无趣", "不耐烦"], "行为": ["打断了他们的谈话"]}
2025-11-27 20:17:53,721 [INFO] ✅ 关系抽取成功: 共 0 个关系
2025-11-27 20:17:53,721 [INFO]    完整结果:
{"提出": [], "包含": [], "应用": [], "来源": [], "解释": [], "相关": [], "导致": [], "影响": []}
2025-11-27 20:17:53,721 [INFO] 
📊 进度统计:
2025-11-27 20:17:53,721 [INFO]    已处理批次: 391/693 (56.4%)
2025-11-27 20:17:53,721 [INFO]    已处理段落: 1955/3465
2025-11-27 20:17:53,721 [INFO]    成功: 391, 失败: 0
2025-11-27 20:17:53,721 [INFO]    已用时: 54.1 分钟
2025-11-27 20:17:53,721 [INFO]    预计剩余: 41.8 分钟
2025-11-27 20:17:53,721 [INFO]    预计总时间: 96.0 分钟
2025-11-27 20:17:53,721 [INFO] 
================================================================================
2025-11-27 20:17:53,721 [INFO] 处理第 392/693 批 (段落 1956-1960)
2025-11-27 20:17:53,721 [INFO] ================================================================================
2025-11-27 20:17:53,721 [INFO] 📄 本批段落数: 5
2025-11-27 20:17:53,721 [INFO] 📄 合并文本长度: 158 字符
2025-11-27 20:17:53,722 [INFO] 📄 完整文本:
幸好，当时我还记得去体会他们透过沉默所传递的感受和需要。于是，

我同理他们说：“对于我的打断，你们是否有些不高兴，因为你们想继

又是一番沉默后，有个人回答道：“不，我没有不高兴。我刚才是

在思考你的问题。其实，我并不喜欢刚才的谈话，觉得无聊透了。”

听他这么说，我吃了一惊，因为他可是刚才话讲得最多的那个人！
2025-11-27 20:17:53,722 [INFO] --------------------------------------------------------------------------------
2025-11-27 20:17:57,139 [INFO] ✅ 实体抽取成功: 共 1 个实体
2025-11-27 20:17:57,140 [INFO]    完整结果:
{"人物": [], "概念": [], "方法": [], "理论": [], "组织": [], "书籍": [], "情绪": ["不高兴"], "行为": []}
2025-11-27 20:18:00,346 [INFO] ✅ 关系抽取成功: 共 0 个关系
2025-11-27 20:18:00,346 [INFO]    完整结果:
{"提出": [], "包含": [], "应用": [], "来源": [], "解释": [], "相关": [], "导致": [], "影响": []}
2025-11-27 20:18:00,346 [INFO] 
📊 进度统计:
2025-11-27 20:18:00,346 [INFO]    已处理批次: 392/693 (56.6%)
2025-11-27 20:18:00,346 [INFO]    已处理段落: 1960/3465
2025-11-27 20:18:00,346 [INFO]    成功: 392, 失败: 0
2025-11-27 20:18:00,346 [INFO]    已用时: 54.3 分钟
2025-11-27 20:18:00,346 [INFO]    预计剩余: 41.7 分钟
2025-11-27 20:18:00,347 [INFO]    预计总时间: 95.9 分钟
2025-11-27 20:18:00,347 [INFO] 
================================================================================
2025-11-27 20:18:00,347 [INFO] 处理第 393/693 批 (段落 1961-1965)
2025-11-27 20:18:00,347 [INFO] ================================================================================
2025-11-27 20:18:00,347 [INFO] 📄 本批段落数: 5
2025-11-27 20:18:00,347 [INFO] 📄 合并文本长度: 160 字符
2025-11-27 20:18:00,347 [INFO] 📄 完整文本:
不过如今，我已不会为此感到惊讶，因为我发现：如果听的人觉得很无

你可能想知道，如何鼓起勇气打断别人说了一半的话。有一次我做

了一项非正式调查。我的问题是：“如果你说的话别人不想听，你是希

望对方假装听下去，还是希望对方直接打断你的话呢？”我问了许多

人，结果只有一个人不希望被打断。因此，我更坚信，与其假装听别人
2025-11-27 20:18:00,347 [INFO] --------------------------------------------------------------------------------
2025-11-27 20:18:03,831 [INFO] ✅ 实体抽取成功: 共 1 个实体
2025-11-27 20:18:03,831 [INFO]    完整结果:
{"人物": [], "概念": [], "方法": [], "理论": [], "组织": [], "书籍": [], "情绪": [], "行为": ["打断"]}
2025-11-27 20:18:07,011 [INFO] ✅ 关系抽取成功: 共 0 个关系
2025-11-27 20:18:07,012 [INFO]    完整结果:
{"提出": [], "包含": [], "应用": [], "来源": [], "解释": [], "相关": [], "导致": [], "影响": []}
2025-11-27 20:18:07,012 [INFO] 
📊 进度统计:
2025-11-27 20:18:07,012 [INFO]    已处理批次: 393/693 (56.7%)
2025-11-27 20:18:07,012 [INFO]    已处理段落: 1965/3465
2025-11-27 20:18:07,012 [INFO]    成功: 393, 失败: 0
2025-11-27 20:18:07,012 [INFO]    已用时: 54.4 分钟
2025-11-27 20:18:07,012 [INFO]    预计剩余: 41.5 分钟
2025-11-27 20:18:07,012 [INFO]    预计总时间: 95.9 分钟
2025-11-27 20:18:07,012 [INFO] 
================================================================================
2025-11-27 20:18:07,012 [INFO] 处理第 394/693 批 (段落 1966-1970)
2025-11-27 20:18:07,012 [INFO] ================================================================================
2025-11-27 20:18:07,012 [INFO] 📄 本批段落数: 5
2025-11-27 20:18:07,012 [INFO] 📄 合并文本长度: 159 字符
2025-11-27 20:18:07,012 [INFO] 📄 完整文本:
说话，打断他们才是更体贴的做法。因为，所有人都希望自己的话对人

对许多人来说，在面对他人的沉默时做到同理是极为困难的。尤其

当我们已经表达了内心深处的脆弱，很想知道他人的回应，对方却沉默

不语时，我们会感到格外不安，容易把事情往坏处想，因而很难去体会

有一次，在为一家公司的员工上课时，我谈起一件对我深有触动的
2025-11-27 20:18:07,012 [INFO] --------------------------------------------------------------------------------
2025-11-27 20:18:10,958 [INFO] ✅ 实体抽取成功: 共 3 个实体
2025-11-27 20:18:10,958 [INFO]    完整结果:
{"人物": [], "概念": [], "方法": [], "理论": [], "组织": [], "书籍": [], "情绪": ["脆弱"], "行为": ["说话", "打断"]}
2025-11-27 20:18:14,100 [INFO] ✅ 关系抽取成功: 共 0 个关系
2025-11-27 20:18:14,100 [INFO]    完整结果:
{"提出": [], "包含": [], "应用": [], "来源": [], "解释": [], "相关": [], "导致": [], "影响": []}
2025-11-27 20:18:14,100 [INFO] 
📊 进度统计:
2025-11-27 20:18:14,100 [INFO]    已处理批次: 394/693 (56.9%)
2025-11-27 20:18:14,100 [INFO]    已处理段落: 1970/3465
2025-11-27 20:18:14,100 [INFO]    成功: 394, 失败: 0
2025-11-27 20:18:14,100 [INFO]    已用时: 54.5 分钟
2025-11-27 20:18:14,100 [INFO]    预计剩余: 41.3 分钟
2025-11-27 20:18:14,100 [INFO]    预计总时间: 95.8 分钟
2025-11-27 20:18:14,100 [INFO] 
================================================================================
2025-11-27 20:18:14,100 [INFO] 处理第 395/693 批 (段落 1971-1975)
2025-11-27 20:18:14,100 [INFO] ================================================================================
2025-11-27 20:18:14,100 [INFO] 📄 本批段落数: 5
2025-11-27 20:18:14,100 [INFO] 📄 合并文本长度: 161 字符
2025-11-27 20:18:14,100 [INFO] 📄 完整文本:
事，说着说着，我流泪了。当我抬起头时，看到公司的董事长转开了

脸，默不作声。面对沉默，我有些不知所措，甚至将他的动作理解为对

我的嫌弃。好在，我记得让自己将注意力关注在他的内心世界。于是，

我问他：“看到我流泪，你似乎有些厌恶，是不是你希望请来的顾问能

如果他当时回答“是”，那意味着我们对表达情感有不同的理解，我
2025-11-27 20:18:14,100 [INFO] --------------------------------------------------------------------------------
2025-11-27 20:18:18,881 [INFO] ✅ 实体抽取成功: 共 4 个实体
2025-11-27 20:18:18,881 [INFO]    完整结果:
{"人物": [], "概念": ["内心世界"], "方法": [], "理论": [], "组织": ["公司"], "书籍": [], "情绪": ["流泪"], "行为": ["默不作声"]}
2025-11-27 20:18:22,080 [INFO] ✅ 关系抽取成功: 共 0 个关系
2025-11-27 20:18:22,080 [INFO]    完整结果:
{"提出": [], "包含": [], "应用": [], "来源": [], "解释": [], "相关": [], "导致": [], "影响": []}
2025-11-27 20:18:22,080 [INFO] 
📊 进度统计:
2025-11-27 20:18:22,080 [INFO]    已处理批次: 395/693 (57.0%)
2025-11-27 20:18:22,080 [INFO]    已处理段落: 1975/3465
2025-11-27 20:18:22,080 [INFO]    成功: 395, 失败: 0
2025-11-27 20:18:22,080 [INFO]    已用时: 54.6 分钟
2025-11-27 20:18:22,080 [INFO]    预计剩余: 41.2 分钟
2025-11-27 20:18:22,080 [INFO]    预计总时间: 95.8 分钟
2025-11-27 20:18:22,080 [INFO] 
================================================================================
2025-11-27 20:18:22,080 [INFO] 处理第 396/693 批 (段落 1976-1980)
2025-11-27 20:18:22,080 [INFO] ================================================================================
2025-11-27 20:18:22,080 [INFO] 📄 本批段落数: 5
2025-11-27 20:18:22,080 [INFO] 📄 合并文本长度: 162 字符
2025-11-27 20:18:22,080 [INFO] 📄 完整文本:
也不会因此认为自己的情感表达方式有什么不对。然而，他却回答我

说：“不，不是这样。我只是在想我的太太多么希望我会流泪啊。”接着

他告诉我，他的太太正要和他离婚。很长时间以来，她一直抱怨与他生

记得我还在担任心理医生时，有一对父母联系了我。他们有一个20

岁的女儿，正在接受精神疾病治疗，经历了长达数月的服药、住院、休
2025-11-27 20:18:22,081 [INFO] --------------------------------------------------------------------------------
2025-11-27 20:18:25,423 [INFO] ✅ 实体抽取成功: 共 1 个实体
2025-11-27 20:18:25,423 [INFO]    完整结果:
{"人物": [], "概念": [], "方法": [], "理论": [], "组织": [], "书籍": [], "情绪": [], "行为": ["流泪"]}
2025-11-27 20:18:28,578 [INFO] ✅ 关系抽取成功: 共 0 个关系
2025-11-27 20:18:28,578 [INFO]    完整结果:
{"提出": [], "包含": [], "应用": [], "来源": [], "解释": [], "相关": [], "导致": [], "影响": []}
2025-11-27 20:18:28,578 [INFO] 
📊 进度统计:
2025-11-27 20:18:28,578 [INFO]    已处理批次: 396/693 (57.1%)
2025-11-27 20:18:28,578 [INFO]    已处理段落: 1980/3465
2025-11-27 20:18:28,578 [INFO]    成功: 396, 失败: 0
2025-11-27 20:18:28,578 [INFO]    已用时: 54.7 分钟
2025-11-27 20:18:28,578 [INFO]    预计剩余: 41.0 分钟
2025-11-27 20:18:28,578 [INFO]    预计总时间: 95.8 分钟
2025-11-27 20:18:28,578 [INFO] 
================================================================================
2025-11-27 20:18:28,578 [INFO] 处理第 397/693 批 (段落 1981-1985)
2025-11-27 20:18:28,578 [INFO] ================================================================================
2025-11-27 20:18:28,578 [INFO] 📄 本批段落数: 5
2025-11-27 20:18:28,578 [INFO] 📄 合并文本长度: 154 字符
2025-11-27 20:18:28,578 [INFO] 📄 完整文本:
克疗法。3个月前，她停止了讲话。她的父母搀扶着她来到我的办公

到了我的办公室后，她蜷缩在椅子上，全身不停地发抖，眼睛呆呆

地看着地板。我尝试着同理她通过肢体语言表达的感受和需要，对她

说：“你很害怕，希望确定你在这里能够安心地说话，对吗？”

眼见她没有反应，我便表达了自己的感受：“我很关心你。希望你
2025-11-27 20:18:28,578 [INFO] --------------------------------------------------------------------------------
2025-11-27 20:18:32,756 [INFO] ✅ 实体抽取成功: 共 3 个实体
2025-11-27 20:18:32,757 [INFO]    完整结果:
{"人物": [], "概念": ["克疗法"], "方法": [], "理论": ["肢体语言"], "组织": [], "书籍": [], "情绪": ["害怕"], "行为": []}
2025-11-27 20:18:35,951 [INFO] ✅ 关系抽取成功: 共 0 个关系
2025-11-27 20:18:35,951 [INFO]    完整结果:
{"提出": [], "包含": [], "应用": [], "来源": [], "解释": [], "相关": [], "导致": [], "影响": []}
2025-11-27 20:18:35,951 [INFO] 
📊 进度统计:
2025-11-27 20:18:35,951 [INFO]    已处理批次: 397/693 (57.3%)
2025-11-27 20:18:35,951 [INFO]    已处理段落: 1985/3465
2025-11-27 20:18:35,951 [INFO]    成功: 397, 失败: 0
2025-11-27 20:18:35,951 [INFO]    已用时: 54.8 分钟
2025-11-27 20:18:35,951 [INFO]    预计剩余: 40.9 分钟
2025-11-27 20:18:35,951 [INFO]    预计总时间: 95.7 分钟
2025-11-27 20:18:35,951 [INFO] 
================================================================================
2025-11-27 20:18:35,951 [INFO] 处理第 398/693 批 (段落 1986-1990)
2025-11-27 20:18:35,951 [INFO] ================================================================================
2025-11-27 20:18:35,951 [INFO] 📄 本批段落数: 5
2025-11-27 20:18:35,951 [INFO] 📄 合并文本长度: 162 字符
2025-11-27 20:18:35,951 [INFO] 📄 完整文本:
能告诉我，我要怎么说或怎么做，能让你觉得安全些呢？”依然没有回

应。在接下来的40分钟里，我继续揣摩着她的感受和需要，或是把我的

感受和需要说出来。她一直都没有任何明显的反应，仿佛根本没有意识

到我正试着和她沟通。最后，我告诉她我累了，并希望她第二天再来。

接下来的几天，情况和第一天没有什么不同。而我依然全然地关注
2025-11-27 20:18:35,951 [INFO] --------------------------------------------------------------------------------
2025-11-27 20:18:39,416 [INFO] ✅ 实体抽取成功: 共 1 个实体
2025-11-27 20:18:39,416 [INFO]    完整结果:
{"人物": [], "概念": [], "方法": [], "理论": [], "组织": [], "书籍": [], "情绪": [], "行为": ["揣摩"]}
2025-11-27 20:18:42,592 [INFO] ✅ 关系抽取成功: 共 0 个关系
2025-11-27 20:18:42,592 [INFO]    完整结果:
{"提出": [], "包含": [], "应用": [], "来源": [], "解释": [], "相关": [], "导致": [], "影响": []}
2025-11-27 20:18:42,592 [INFO] 
📊 进度统计:
2025-11-27 20:18:42,592 [INFO]    已处理批次: 398/693 (57.4%)
2025-11-27 20:18:42,592 [INFO]    已处理段落: 1990/3465
2025-11-27 20:18:42,592 [INFO]    成功: 398, 失败: 0
2025-11-27 20:18:42,592 [INFO]    已用时: 55.0 分钟
2025-11-27 20:18:42,592 [INFO]    预计剩余: 40.7 分钟
2025-11-27 20:18:42,592 [INFO]    预计总时间: 95.7 分钟
2025-11-27 20:18:42,592 [INFO] 
================================================================================
2025-11-27 20:18:42,592 [INFO] 处理第 399/693 批 (段落 1991-1995)
2025-11-27 20:18:42,592 [INFO] ================================================================================
2025-11-27 20:18:42,592 [INFO] 📄 本批段落数: 5
2025-11-27 20:18:42,592 [INFO] 📄 合并文本长度: 161 字符
2025-11-27 20:18:42,592 [INFO] 📄 完整文本:
她的感受和需要，有时说出我的理解，有时则默默体会。我也时不时会

表达自己的感受和需要。而她依然坐在椅子上，全身不停地颤抖，不说

到了第4天，她还是没有反应。由于不知道语言是否可以传递我对

她的关心，我寄希望于身体接触能更为有效。于是，我向她伸出手，想

要握住她的手。我的手一碰到她，她的肌肉立刻紧绷起来，人也越发缩
2025-11-27 20:18:42,592 [INFO] --------------------------------------------------------------------------------
2025-11-27 20:18:46,255 [INFO] ✅ 实体抽取成功: 共 1 个实体
2025-11-27 20:18:46,255 [INFO]    完整结果:
{"人物": [], "概念": [], "方法": [], "理论": [], "组织": [], "书籍": [], "情绪": [], "行为": ["颤抖"]}
2025-11-27 20:18:49,526 [INFO] ✅ 关系抽取成功: 共 0 个关系
2025-11-27 20:18:49,527 [INFO]    完整结果:
{"提出": [], "包含": [], "应用": [], "来源": [], "解释": [], "相关": [], "导致": [], "影响": []}
2025-11-27 20:18:49,527 [INFO] 
📊 进度统计:
2025-11-27 20:18:49,527 [INFO]    已处理批次: 399/693 (57.6%)
2025-11-27 20:18:49,527 [INFO]    已处理段落: 1995/3465
2025-11-27 20:18:49,527 [INFO]    成功: 399, 失败: 0
2025-11-27 20:18:49,527 [INFO]    已用时: 55.1 分钟
2025-11-27 20:18:49,527 [INFO]    预计剩余: 40.6 分钟
2025-11-27 20:18:49,527 [INFO]    预计总时间: 95.7 分钟
2025-11-27 20:18:49,527 [INFO] 
================================================================================
2025-11-27 20:18:49,527 [INFO] 处理第 400/693 批 (段落 1996-2000)
2025-11-27 20:18:49,527 [INFO] ================================================================================
2025-11-27 20:18:49,527 [INFO] 📄 本批段落数: 5
2025-11-27 20:18:49,527 [INFO] 📄 合并文本长度: 157 字符
2025-11-27 20:18:49,527 [INFO] 📄 完整文本:
进椅子里。我正要松开手时，突然感到她稍微放松了些，于是我继续握

着她的手。在接下来的几分钟内，我一边握着她的手，一边像前几天那

样和她说话。我发现她越来越放松。但她依然什么也没有说。

第5天，她再来的时候，整个人看起来甚至更紧绷了，然而不同的

是：她一边将脸转开，一边向我伸出一只握紧的拳头。一开始，我有些
2025-11-27 20:18:49,527 [INFO] --------------------------------------------------------------------------------
2025-11-27 20:18:53,448 [INFO] ✅ 实体抽取成功: 共 1 个实体
2025-11-27 20:18:53,448 [INFO]    完整结果:
{"人物": [], "概念": [], "方法": [], "理论": [], "组织": [], "书籍": [], "情绪": [], "行为": ["进椅子里"]}
2025-11-27 20:18:56,838 [INFO] ✅ 关系抽取成功: 共 0 个关系
2025-11-27 20:18:56,838 [INFO]    完整结果:
{"提出": [], "包含": [], "应用": [], "来源": [], "解释": [], "相关": [], "导致": [], "影响": []}
2025-11-27 20:18:56,838 [INFO] 
📊 进度统计:
2025-11-27 20:18:56,838 [INFO]    已处理批次: 400/693 (57.7%)
2025-11-27 20:18:56,838 [INFO]    已处理段落: 2000/3465
2025-11-27 20:18:56,838 [INFO]    成功: 400, 失败: 0
2025-11-27 20:18:56,838 [INFO]    已用时: 55.2 分钟
2025-11-27 20:18:56,838 [INFO]    预计剩余: 40.4 分钟
2025-11-27 20:18:56,838 [INFO]    预计总时间: 95.6 分钟
2025-11-27 20:18:56,839 [INFO] 💾 中间结果已保存: /root/projects/cwy/DeepKE/cwy/src/full_book_results/checkpoint_20251127_192319_batch400.pkl
2025-11-27 20:18:56,839 [INFO] 
================================================================================
2025-11-27 20:18:56,839 [INFO] 处理第 401/693 批 (段落 2001-2005)
2025-11-27 20:18:56,839 [INFO] ================================================================================
2025-11-27 20:18:56,839 [INFO] 📄 本批段落数: 5
2025-11-27 20:18:56,839 [INFO] 📄 合并文本长度: 161 字符
2025-11-27 20:18:56,839 [INFO] 📄 完整文本:
困惑，后来我意识到她的手中似乎有个东西要给我。我将她的拳头放在

我的手中，打开她的手指，在她的手掌中有一张皱巴巴的纸条，上面写

她终于向我发出了沟通的信号，我真是高兴极了！经过了1小时的

鼓励，她终于慢慢地、胆怯地说出了第一句话。当我复述她的意思时，

她看上去松了一口气，然后继续慢慢地、胆怯地说下去。一年后，她把
2025-11-27 20:18:56,839 [INFO] --------------------------------------------------------------------------------
2025-11-27 20:19:00,471 [INFO] ✅ 实体抽取成功: 共 1 个实体
2025-11-27 20:19:00,472 [INFO]    完整结果:
{"人物": [], "概念": [], "方法": [], "理论": [], "组织": [], "书籍": [], "情绪": ["困惑"], "行为": []}
2025-11-27 20:19:03,750 [INFO] ✅ 关系抽取成功: 共 0 个关系
2025-11-27 20:19:03,751 [INFO]    完整结果:
{"提出": [], "包含": [], "应用": [], "来源": [], "解释": [], "相关": [], "导致": [], "影响": []}
2025-11-27 20:19:03,751 [INFO] 
📊 进度统计:
2025-11-27 20:19:03,751 [INFO]    已处理批次: 401/693 (57.9%)
2025-11-27 20:19:03,751 [INFO]    已处理段落: 2005/3465
2025-11-27 20:19:03,751 [INFO]    成功: 401, 失败: 0
2025-11-27 20:19:03,751 [INFO]    已用时: 55.3 分钟
2025-11-27 20:19:03,751 [INFO]    预计剩余: 40.3 分钟
2025-11-27 20:19:03,751 [INFO]    预计总时间: 95.6 分钟
2025-11-27 20:19:03,751 [INFO] 
================================================================================
2025-11-27 20:19:03,751 [INFO] 处理第 402/693 批 (段落 2006-2010)
2025-11-27 20:19:03,751 [INFO] ================================================================================
2025-11-27 20:19:03,751 [INFO] 📄 本批段落数: 5
2025-11-27 20:19:03,751 [INFO] 📄 合并文本长度: 160 字符
2025-11-27 20:19:03,751 [INFO] 📄 完整文本:
我出院了，不用再接受休克疗法，也不用再服用强效的药物。那时

大概是四月。前3个月发生了什么，我头脑里一片空白；四月之前的3年

他们告诉我，我出院后有段时间呆在家里，什么也不吃，一句话也

不说，一直躺在床上。后来，他们把我送到了卢森堡博士那里。之后那

两三个月发生的事情，我都不太记得了，只记得我在他的办公室和他说
2025-11-27 20:19:03,751 [INFO] --------------------------------------------------------------------------------
2025-11-27 20:19:07,938 [INFO] ✅ 实体抽取成功: 共 2 个实体
2025-11-27 20:19:07,938 [INFO]    完整结果:
{"人物": ["卢森堡"], "概念": [], "方法": ["休克疗法"], "理论": [], "组织": [], "书籍": [], "情绪": [], "行为": []}
2025-11-27 20:19:11,156 [INFO] ✅ 关系抽取成功: 共 0 个关系
2025-11-27 20:19:11,157 [INFO]    完整结果:
{"提出": [], "包含": [], "应用": [], "来源": [], "解释": [], "相关": [], "导致": [], "影响": []}
2025-11-27 20:19:11,157 [INFO] 
📊 进度统计:
2025-11-27 20:19:11,157 [INFO]    已处理批次: 402/693 (58.0%)
2025-11-27 20:19:11,157 [INFO]    已处理段落: 2010/3465
2025-11-27 20:19:11,157 [INFO]    成功: 402, 失败: 0
2025-11-27 20:19:11,157 [INFO]    已用时: 55.4 分钟
2025-11-27 20:19:11,157 [INFO]    预计剩余: 40.1 分钟
2025-11-27 20:19:11,157 [INFO]    预计总时间: 95.6 分钟
2025-11-27 20:19:11,157 [INFO] 
================================================================================
2025-11-27 20:19:11,157 [INFO] 处理第 403/693 批 (段落 2011-2015)
2025-11-27 20:19:11,157 [INFO] ================================================================================
2025-11-27 20:19:11,157 [INFO] 📄 本批段落数: 5
2025-11-27 20:19:11,157 [INFO] 📄 合并文本长度: 161 字符
2025-11-27 20:19:11,157 [INFO] 📄 完整文本:
第一次与他会面后，我就开始“醒”了过来。之后我开始告诉他我

的烦恼，一些我从来没有想过会告诉别人的事。我记得这对我来说是多

么重要。那时，说话对我来说是困难的。但卢森堡博士关心我，我也感

受到他的关心，所以我愿意说给他听。当我把心事说出来后，总是觉得

很快乐。我记得每次见完他之后，就开始计算离下次见面还有多少天，
2025-11-27 20:19:11,157 [INFO] --------------------------------------------------------------------------------
2025-11-27 20:19:15,041 [INFO] ✅ 实体抽取成功: 共 2 个实体
2025-11-27 20:19:15,041 [INFO]    完整结果:
{"人物": ["卢森堡"], "概念": [], "方法": [], "理论": [], "组织": [], "书籍": [], "情绪": [], "行为": ["关心"]}
2025-11-27 20:19:18,242 [INFO] ✅ 关系抽取成功: 共 0 个关系
2025-11-27 20:19:18,242 [INFO]    完整结果:
{"提出": [], "包含": [], "应用": [], "来源": [], "解释": [], "相关": [], "导致": [], "影响": []}
2025-11-27 20:19:18,242 [INFO] 
📊 进度统计:
2025-11-27 20:19:18,242 [INFO]    已处理批次: 403/693 (58.2%)
2025-11-27 20:19:18,242 [INFO]    已处理段落: 2015/3465
2025-11-27 20:19:18,242 [INFO]    成功: 403, 失败: 0
2025-11-27 20:19:18,242 [INFO]    已用时: 55.6 分钟
2025-11-27 20:19:18,242 [INFO]    预计剩余: 40.0 分钟
2025-11-27 20:19:18,242 [INFO]    预计总时间: 95.5 分钟
2025-11-27 20:19:18,242 [INFO] 
================================================================================
2025-11-27 20:19:18,242 [INFO] 处理第 404/693 批 (段落 2016-2020)
2025-11-27 20:19:18,242 [INFO] ================================================================================
2025-11-27 20:19:18,242 [INFO] 📄 本批段落数: 5
2025-11-27 20:19:18,242 [INFO] 📄 合并文本长度: 153 字符
2025-11-27 20:19:18,242 [INFO] 📄 完整文本:
我认识到，面对现实并没有那么糟糕。我还越来越意识到，我需要

直面一些事情、放下一些事情，并且由我自己来承担一些事情。

这令人害怕，也很困难。有时我竭尽全力，却仍然惨遭失败，我会

感到气馁。但我发现，现实也有美好之处，因为事情总有好的一面。

过去一年来，我发现，和别人谈心，得到他人的聆听，有时甚至是
2025-11-27 20:19:18,242 [INFO] --------------------------------------------------------------------------------
2025-11-27 20:19:22,529 [INFO] ✅ 实体抽取成功: 共 4 个实体
2025-11-27 20:19:22,529 [INFO]    完整结果:
{"人物": [], "概念": [], "方法": [], "理论": [], "组织": [], "书籍": [], "情绪": ["气馁"], "行为": ["直面", "放下", "承担"]}
2025-11-27 20:19:25,671 [INFO] ✅ 关系抽取成功: 共 0 个关系
2025-11-27 20:19:25,671 [INFO]    完整结果:
{"提出": [], "包含": [], "应用": [], "来源": [], "解释": [], "相关": [], "导致": [], "影响": []}
2025-11-27 20:19:25,671 [INFO] 
📊 进度统计:
2025-11-27 20:19:25,671 [INFO]    已处理批次: 404/693 (58.3%)
2025-11-27 20:19:25,671 [INFO]    已处理段落: 2020/3465
2025-11-27 20:19:25,671 [INFO]    成功: 404, 失败: 0
2025-11-27 20:19:25,671 [INFO]    已用时: 55.7 分钟
2025-11-27 20:19:25,671 [INFO]    预计剩余: 39.8 分钟
2025-11-27 20:19:25,671 [INFO]    预计总时间: 95.5 分钟
2025-11-27 20:19:25,671 [INFO] 
================================================================================
2025-11-27 20:19:25,671 [INFO] 处理第 405/693 批 (段落 2021-2025)
2025-11-27 20:19:25,671 [INFO] ================================================================================
2025-11-27 20:19:25,671 [INFO] 📄 本批段落数: 5
2025-11-27 20:19:25,671 [INFO] 📄 合并文本长度: 159 字符
2025-11-27 20:19:25,671 [INFO] 📄 完整文本:
同理心的疗愈力量总是让我感到惊喜。一次又一次，我见证了，同

理心是如何帮助人们从伤痛和打击中走出来。作为一个倾听者，我们并

不需要懂得心理学理论或接受精神疗法的训练。关键是，我们能够与他

同理他人使得我们敢于呈现自己的脆弱，平息潜在的暴力，让乏味

的对话变得有趣，并了解“不”和沉默所传达的感受和需要。一次又一
2025-11-27 20:19:25,671 [INFO] --------------------------------------------------------------------------------
2025-11-27 20:19:30,869 [INFO] ✅ 实体抽取成功: 共 5 个实体
2025-11-27 20:19:30,869 [INFO]    完整结果:
{"人物": [], "概念": ["同理心", "疗愈", "心理学", "精神疗法"], "方法": [], "理论": [], "组织": [], "书籍": [], "情绪": [], "行为": ["倾听者"]}
2025-11-27 20:19:35,785 [INFO] ✅ 关系抽取成功: 共 1 个关系
2025-11-27 20:19:35,786 [INFO]    完整结果:
{"提出": [], "包含": [], "应用": [{"subject": "同理心", "object": "疗愈"}], "来源": [], "解释": [], "相关": [], "导致": [], "影响": []}
2025-11-27 20:19:35,786 [INFO] 
📊 进度统计:
2025-11-27 20:19:35,786 [INFO]    已处理批次: 405/693 (58.4%)
2025-11-27 20:19:35,786 [INFO]    已处理段落: 2025/3465
2025-11-27 20:19:35,786 [INFO]    成功: 405, 失败: 0
2025-11-27 20:19:35,786 [INFO]    已用时: 55.8 分钟
2025-11-27 20:19:35,786 [INFO]    预计剩余: 39.7 分钟
2025-11-27 20:19:35,786 [INFO]    预计总时间: 95.6 分钟
2025-11-27 20:19:35,786 [INFO] 
================================================================================
2025-11-27 20:19:35,786 [INFO] 处理第 406/693 批 (段落 2026-2030)
2025-11-27 20:19:35,786 [INFO] ================================================================================
2025-11-27 20:19:35,786 [INFO] 📄 本批段落数: 5
2025-11-27 20:19:35,786 [INFO] 📄 合并文本长度: 140 字符
2025-11-27 20:19:35,786 [INFO] 📄 完整文本:
次，我见证了同理倾听帮助人们疗愈心灵的伤痛。

若要寻求这个世界上的改变，就让自己成为改变。

我们已经看到非暴力沟通如何改善与朋友、亲人、同事乃至政治对

手之间的关系。然而，它最关键的应用或许在于改变我们对待自己的方

式。我们若用暴力的方式对待自己，就很难真正做到善待他人。
2025-11-27 20:19:35,786 [INFO] --------------------------------------------------------------------------------
2025-11-27 20:19:39,642 [INFO] ✅ 实体抽取成功: 共 2 个实体
2025-11-27 20:19:39,642 [INFO]    完整结果:
{"人物": [], "概念": [], "方法": ["同理倾听", "非暴力沟通"], "理论": [], "组织": [], "书籍": [], "情绪": [], "行为": []}
2025-11-27 20:19:49,041 [INFO] ✅ 关系抽取成功: 共 2 个关系
2025-11-27 20:19:49,041 [INFO]    完整结果:
{"提出": [], "包含": [], "应用": [{"subject": "非暴力沟通", "object": "改善与朋友、亲人、同事乃至政治对\n\n手之间的关系"}, {"subject": "非暴力沟通", "object": "改变我们对待自己的方\n\n式"}], "来源": [], "解释": [], "相关": [], "导致": [], "影响": []}
2025-11-27 20:19:49,041 [INFO] 
📊 进度统计:
2025-11-27 20:19:49,041 [INFO]    已处理批次: 406/693 (58.6%)
2025-11-27 20:19:49,041 [INFO]    已处理段落: 2030/3465
2025-11-27 20:19:49,041 [INFO]    成功: 406, 失败: 0
2025-11-27 20:19:49,041 [INFO]    已用时: 56.1 分钟
2025-11-27 20:19:49,041 [INFO]    预计剩余: 39.6 分钟
2025-11-27 20:19:49,041 [INFO]    预计总时间: 95.7 分钟
2025-11-27 20:19:49,041 [INFO] 
================================================================================
2025-11-27 20:19:49,041 [INFO] 处理第 407/693 批 (段落 2031-2035)
2025-11-27 20:19:49,041 [INFO] ================================================================================
2025-11-27 20:19:49,041 [INFO] 📄 本批段落数: 5
2025-11-27 20:19:49,041 [INFO] 📄 合并文本长度: 168 字符
2025-11-27 20:19:49,041 [INFO] 📄 完整文本:
在赫布·加德纳（Herb Gardner）创作的戏剧《一千个小丑》中，主

人公拒绝将他12岁的外甥交给儿童福利院，他郑重地说道：“我希望他

明明白白地知道自己是独一无二的。不然，这份独特会在不经意间离他

而去。我希望他对此保持清醒……希望他能尽情地拥抱各种奇妙的可

能。我想让他知道，一旦有机会，排除万难对这个世界做点什么是值得
2025-11-27 20:19:49,041 [INFO] --------------------------------------------------------------------------------
2025-11-27 20:19:55,707 [INFO] ✅ 实体抽取成功: 共 4 个实体
2025-11-27 20:19:55,707 [INFO]    完整结果:
{"人物": ["赫布·加德纳", "Herb Gardner"], "概念": [], "方法": [], "理论": [], "组织": ["儿童福利院"], "书籍": ["《一千个小丑》"], "情绪": [], "行为": []}
2025-11-27 20:19:59,275 [INFO] ✅ 关系抽取成功: 共 0 个关系
2025-11-27 20:19:59,275 [INFO]    完整结果:
{"提出": [], "包含": [], "应用": [], "来源": [], "解释": [], "相关": [], "导致": [], "影响": []}
2025-11-27 20:19:59,275 [INFO] 
📊 进度统计:
2025-11-27 20:19:59,275 [INFO]    已处理批次: 407/693 (58.7%)
2025-11-27 20:19:59,275 [INFO]    已处理段落: 2035/3465
2025-11-27 20:19:59,275 [INFO]    成功: 407, 失败: 0
2025-11-27 20:19:59,275 [INFO]    已用时: 56.2 分钟
2025-11-27 20:19:59,275 [INFO]    预计剩余: 39.5 分钟
2025-11-27 20:19:59,275 [INFO]    预计总时间: 95.8 分钟
2025-11-27 20:19:59,275 [INFO] 
================================================================================
2025-11-27 20:19:59,275 [INFO] 处理第 408/693 批 (段落 2036-2040)
2025-11-27 20:19:59,275 [INFO] ================================================================================
2025-11-27 20:19:59,275 [INFO] 📄 本批段落数: 5
2025-11-27 20:19:59,275 [INFO] 📄 合并文本长度: 157 字符
2025-11-27 20:19:59,275 [INFO] 📄 完整文本:
的。我还希望他明白，生而为人，而不是一把椅子，有着多么深刻又无

我非常担忧，许多人已经意识不到自己是“独一无二”的了，遗忘了

生而为人背后“深刻又无以言表的原因”。当看不见自身的美好，我们就

和生命的源头、那神圣的能量失去了连结。一旦我们将自己视为充满瑕

疵的丑陋物件，那么以暴力的方式来对待自己还奇怪吗？
2025-11-27 20:19:59,276 [INFO] --------------------------------------------------------------------------------
2025-11-27 20:20:02,730 [INFO] ✅ 实体抽取成功: 共 1 个实体
2025-11-27 20:20:02,730 [INFO]    完整结果:
{"人物": [], "概念": [], "方法": [], "理论": [], "组织": [], "书籍": [], "情绪": [], "行为": ["对待自己"]}
2025-11-27 20:20:05,902 [INFO] ✅ 关系抽取成功: 共 0 个关系
2025-11-27 20:20:05,903 [INFO]    完整结果:
{"提出": [], "包含": [], "应用": [], "来源": [], "解释": [], "相关": [], "导致": [], "影响": []}
2025-11-27 20:20:05,903 [INFO] 
📊 进度统计:
2025-11-27 20:20:05,903 [INFO]    已处理批次: 408/693 (58.9%)
2025-11-27 20:20:05,903 [INFO]    已处理段落: 2040/3465
2025-11-27 20:20:05,903 [INFO]    成功: 408, 失败: 0
2025-11-27 20:20:05,903 [INFO]    已用时: 56.3 分钟
2025-11-27 20:20:05,903 [INFO]    预计剩余: 39.4 分钟
2025-11-27 20:20:05,903 [INFO]    预计总时间: 95.7 分钟
2025-11-27 20:20:05,903 [INFO] 
================================================================================
2025-11-27 20:20:05,903 [INFO] 处理第 409/693 批 (段落 2041-2045)
2025-11-27 20:20:05,903 [INFO] ================================================================================
2025-11-27 20:20:05,903 [INFO] 📄 本批段落数: 5
2025-11-27 20:20:05,903 [INFO] 📄 合并文本长度: 159 字符
2025-11-27 20:20:05,903 [INFO] 📄 完整文本:
我们如何能以善意和友爱对待自己，而非以暴力相向呢？一个重要

的因素是转变每时每刻的自我评价。既然希望自己所做的每件事对生命

有益，那么，我们就要知道如何做出有助于生命成长的自我评价，进而

做出符合生命需要的选择。然而，不幸的是，我们长期以来所习得的评

在一次工作坊中，我请学员回忆一件最近让他们感到后悔的事情。
2025-11-27 20:20:05,903 [INFO] --------------------------------------------------------------------------------
2025-11-27 20:20:09,235 [INFO] ✅ 实体抽取成功: 共 1 个实体
2025-11-27 20:20:09,236 [INFO]    完整结果:
{"人物": [], "概念": [], "方法": [], "理论": [], "组织": [], "书籍": [], "情绪": [], "行为": ["暴力"]}
2025-11-27 20:20:12,379 [INFO] ✅ 关系抽取成功: 共 0 个关系
2025-11-27 20:20:12,379 [INFO]    完整结果:
{"提出": [], "包含": [], "应用": [], "来源": [], "解释": [], "相关": [], "导致": [], "影响": []}
2025-11-27 20:20:12,379 [INFO] 
📊 进度统计:
2025-11-27 20:20:12,379 [INFO]    已处理批次: 409/693 (59.0%)
2025-11-27 20:20:12,379 [INFO]    已处理段落: 2045/3465
2025-11-27 20:20:12,379 [INFO]    成功: 409, 失败: 0
2025-11-27 20:20:12,379 [INFO]    已用时: 56.5 分钟
2025-11-27 20:20:12,379 [INFO]    预计剩余: 39.2 分钟
2025-11-27 20:20:12,379 [INFO]    预计总时间: 95.7 分钟
2025-11-27 20:20:12,379 [INFO] 
================================================================================
2025-11-27 20:20:12,379 [INFO] 处理第 410/693 批 (段落 2046-2050)
2025-11-27 20:20:12,379 [INFO] ================================================================================
2025-11-27 20:20:12,379 [INFO] 📄 本批段落数: 5
2025-11-27 20:20:12,379 [INFO] 📄 合并文本长度: 158 字符
2025-11-27 20:20:12,379 [INFO] 📄 完整文本:
接着，我请他们留意，当认为自己“犯了错”“失误了”之后，他们会对自

己说什么。比较有代表性的说法是：“笨蛋！”“这种蠢事你也干得

出！”“你有毛病吗？”“你总是把事情搞砸！”“真自私！”

人们被教导的方式充满着好坏对错，也因此用这样的方式指责自

己，认为自己所做的事情是错的或不好的，活该受到惩罚。可悲的是，
2025-11-27 20:20:12,379 [INFO] --------------------------------------------------------------------------------
2025-11-27 20:20:16,114 [INFO] ✅ 实体抽取成功: 共 1 个实体
2025-11-27 20:20:16,114 [INFO]    完整结果:
{"人物": [], "概念": [], "方法": [], "理论": [], "组织": [], "书籍": [], "情绪": [], "行为": ["注意"]}
2025-11-27 20:20:19,588 [INFO] ✅ 关系抽取成功: 共 0 个关系
2025-11-27 20:20:19,588 [INFO]    完整结果:
{"提出": [], "包含": [], "应用": [], "来源": [], "解释": [], "相关": [], "导致": [], "影响": []}
2025-11-27 20:20:19,588 [INFO] 
📊 进度统计:
2025-11-27 20:20:19,588 [INFO]    已处理批次: 410/693 (59.2%)
2025-11-27 20:20:19,588 [INFO]    已处理段落: 2050/3465
2025-11-27 20:20:19,588 [INFO]    成功: 410, 失败: 0
2025-11-27 20:20:19,588 [INFO]    已用时: 56.6 分钟
2025-11-27 20:20:19,588 [INFO]    预计剩余: 39.1 分钟
2025-11-27 20:20:19,588 [INFO]    预计总时间: 95.6 分钟
2025-11-27 20:20:19,588 [INFO] 
================================================================================
2025-11-27 20:20:19,589 [INFO] 处理第 411/693 批 (段落 2051-2055)
2025-11-27 20:20:19,589 [INFO] ================================================================================
2025-11-27 20:20:19,589 [INFO] 📄 本批段落数: 5
2025-11-27 20:20:19,589 [INFO] 📄 合并文本长度: 160 字符
2025-11-27 20:20:19,589 [INFO] 📄 完整文本:
这样的方式只会让我们陷入自我憎恨，而无法从失误中学习——而失误

即使我们有时能从错误中“得到教训”并做出改变，但在我看来，那

背后的驱动力也不是正向的。我希望，我们的改变是出于想为自己和他

人创造更美好的生活，而并不是因为羞愧、内疚这样一些具有破坏性的

假如自我评价的方式让我们感到羞愧，并因而改变行为，即我们的
2025-11-27 20:20:19,589 [INFO] --------------------------------------------------------------------------------
2025-11-27 20:20:23,886 [INFO] ✅ 实体抽取成功: 共 3 个实体
2025-11-27 20:20:23,886 [INFO]    完整结果:
{"人物": [], "概念": [], "方法": [], "理论": [], "组织": [], "书籍": [], "情绪": ["憎恨", "羞愧", "内疚"], "行为": []}
2025-11-27 20:20:27,046 [INFO] ✅ 关系抽取成功: 共 0 个关系
2025-11-27 20:20:27,046 [INFO]    完整结果:
{"提出": [], "包含": [], "应用": [], "来源": [], "解释": [], "相关": [], "导致": [], "影响": []}
2025-11-27 20:20:27,046 [INFO] 
📊 进度统计:
2025-11-27 20:20:27,046 [INFO]    已处理批次: 411/693 (59.3%)
2025-11-27 20:20:27,046 [INFO]    已处理段落: 2055/3465
2025-11-27 20:20:27,046 [INFO]    成功: 411, 失败: 0
2025-11-27 20:20:27,046 [INFO]    已用时: 56.7 分钟
2025-11-27 20:20:27,046 [INFO]    预计剩余: 38.9 分钟
2025-11-27 20:20:27,046 [INFO]    预计总时间: 95.6 分钟
2025-11-27 20:20:27,046 [INFO] 
================================================================================
2025-11-27 20:20:27,046 [INFO] 处理第 412/693 批 (段落 2056-2060)
2025-11-27 20:20:27,046 [INFO] ================================================================================
2025-11-27 20:20:27,046 [INFO] 📄 本批段落数: 5
2025-11-27 20:20:27,046 [INFO] 📄 合并文本长度: 162 字符
2025-11-27 20:20:27,046 [INFO] 📄 完整文本:
学习和成长便会被“自我憎恨”主导。羞愧是自我憎恨的一种形式，出于

羞愧的行为不是自由和喜悦的行为。一旦人们意识到我们的行为是出于

羞愧或内疚，而非让生活更加美好，就算我们试图更加友善和体贴，他

在我们的语言中，有一个词拥有强大的威力激发人们的羞愧感和罪

恶感，并经常被我们用来评价自己。它充满暴力，并且根深蒂固地烙印
2025-11-27 20:20:27,046 [INFO] --------------------------------------------------------------------------------
2025-11-27 20:20:31,145 [INFO] ✅ 实体抽取成功: 共 2 个实体
2025-11-27 20:20:31,145 [INFO]    完整结果:
{"人物": [], "概念": [], "方法": [], "理论": [], "组织": [], "书籍": [], "情绪": ["羞愧", "内疚"], "行为": []}
2025-11-27 20:20:36,461 [INFO] ✅ 关系抽取成功: 共 1 个关系
2025-11-27 20:20:36,461 [INFO]    完整结果:
{"提出": [], "包含": [{"subject": "自我憎恨", "object": "羞愧"}], "应用": [], "来源": [], "解释": [], "相关": [], "导致": [], "影响": []}
2025-11-27 20:20:36,461 [INFO] 
📊 进度统计:
2025-11-27 20:20:36,461 [INFO]    已处理批次: 412/693 (59.5%)
2025-11-27 20:20:36,461 [INFO]    已处理段落: 2060/3465
2025-11-27 20:20:36,461 [INFO]    成功: 412, 失败: 0
2025-11-27 20:20:36,461 [INFO]    已用时: 56.9 分钟
2025-11-27 20:20:36,461 [INFO]    预计剩余: 38.8 分钟
2025-11-27 20:20:36,461 [INFO]    预计总时间: 95.6 分钟
2025-11-27 20:20:36,461 [INFO] 
================================================================================
2025-11-27 20:20:36,461 [INFO] 处理第 413/693 批 (段落 2061-2065)
2025-11-27 20:20:36,461 [INFO] ================================================================================
2025-11-27 20:20:36,461 [INFO] 📄 本批段落数: 5
2025-11-27 20:20:36,461 [INFO] 📄 合并文本长度: 166 字符
2025-11-27 20:20:36,461 [INFO] 📄 完整文本:
在我们的意识中，以致于许多人无法想象如果没有它要怎么生活。这个

词便是“应该”，例如，“我早应该知道的。”或“我不应该那么做”。通

常，当我们对自己说这个词时，我们会心生抗拒，因为“应该”暗示别无

选择。人类在听到任何形式的要求时，都会不由自主地抗拒，因为要求

威胁着我们作为人的自主性——我们有强烈的需要为自己做选择。不管
2025-11-27 20:20:36,461 [INFO] --------------------------------------------------------------------------------
2025-11-27 20:20:40,003 [INFO] ✅ 实体抽取成功: 共 1 个实体
2025-11-27 20:20:40,003 [INFO]    完整结果:
{"人物": [], "概念": ["自主性"], "方法": [], "理论": [], "组织": [], "书籍": [], "情绪": [], "行为": []}
2025-11-27 20:20:43,205 [INFO] ✅ 关系抽取成功: 共 0 个关系
2025-11-27 20:20:43,206 [INFO]    完整结果:
{"提出": [], "包含": [], "应用": [], "来源": [], "解释": [], "相关": [], "导致": [], "影响": []}
2025-11-27 20:20:43,206 [INFO] 
📊 进度统计:
2025-11-27 20:20:43,206 [INFO]    已处理批次: 413/693 (59.6%)
2025-11-27 20:20:43,206 [INFO]    已处理段落: 2065/3465
2025-11-27 20:20:43,206 [INFO]    成功: 413, 失败: 0
2025-11-27 20:20:43,206 [INFO]    已用时: 57.0 分钟
2025-11-27 20:20:43,206 [INFO]    预计剩余: 38.6 分钟
2025-11-27 20:20:43,206 [INFO]    预计总时间: 95.6 分钟
2025-11-27 20:20:43,206 [INFO] 
================================================================================
2025-11-27 20:20:43,206 [INFO] 处理第 414/693 批 (段落 2066-2070)
2025-11-27 20:20:43,206 [INFO] ================================================================================
2025-11-27 20:20:43,206 [INFO] 📄 本批段落数: 5
2025-11-27 20:20:43,206 [INFO] 📄 合并文本长度: 162 字符
2025-11-27 20:20:43,206 [INFO] 📄 完整文本:
是外在的强权还是内在的暴君对我们说“应该”，我们都会心生抵抗。

我们还会用一些别的说法来要求自己，例如：“我表现得太糟糕

了，必须改改了！”想一下，你是否常常会听到人们对自己说：“我真的

应该戒烟了。”或“我真的应该要多健身了。”虽然不断地对自己说“必

须”做这做那，却又始终抗拒着行动。那是因为，人天生就不想成为奴
2025-11-27 20:20:43,206 [INFO] --------------------------------------------------------------------------------
2025-11-27 20:20:47,299 [INFO] ✅ 实体抽取成功: 共 2 个实体
2025-11-27 20:20:47,299 [INFO]    完整结果:
{"人物": [], "概念": [], "方法": [], "理论": [], "组织": [], "书籍": [], "情绪": [], "行为": ["戒烟", "健身"]}
2025-11-27 20:20:50,713 [INFO] ✅ 关系抽取成功: 共 0 个关系
2025-11-27 20:20:50,713 [INFO]    完整结果:
{"提出": [], "包含": [], "应用": [], "来源": [], "解释": [], "相关": [], "导致": [], "影响": []}
2025-11-27 20:20:50,713 [INFO] 
📊 进度统计:
2025-11-27 20:20:50,713 [INFO]    已处理批次: 414/693 (59.7%)
2025-11-27 20:20:50,713 [INFO]    已处理段落: 2070/3465
2025-11-27 20:20:50,713 [INFO]    成功: 414, 失败: 0
2025-11-27 20:20:50,714 [INFO]    已用时: 57.1 分钟
2025-11-27 20:20:50,714 [INFO]    预计剩余: 38.5 分钟
2025-11-27 20:20:50,714 [INFO]    预计总时间: 95.6 分钟
2025-11-27 20:20:50,714 [INFO] 
================================================================================
2025-11-27 20:20:50,714 [INFO] 处理第 415/693 批 (段落 2071-2075)
2025-11-27 20:20:50,714 [INFO] ================================================================================
2025-11-27 20:20:50,714 [INFO] 📄 本批段落数: 5
2025-11-27 20:20:50,714 [INFO] 📄 合并文本长度: 163 字符
2025-11-27 20:20:50,714 [INFO] 📄 完整文本:
隶，不愿意服从于“应该”和“不得不”的支配——不论来自外部世界还是

我们自身。即使对要求屈服或让步，但我们的行动却无法为生命带来喜

如果我们经常以评判、指责、命令的方式与自己沟通，我们看待自

己便仿佛更像一个物件而不是一个人。非暴力沟通认为，每当我们认为

他人是错的或是不好的，我们真正的心声是——他人的行为与我们的需
2025-11-27 20:20:50,714 [INFO] --------------------------------------------------------------------------------
2025-11-27 20:20:54,386 [INFO] ✅ 实体抽取成功: 共 1 个实体
2025-11-27 20:20:54,386 [INFO]    完整结果:
{"人物": [], "概念": ["非暴力沟通"], "方法": [], "理论": [], "组织": [], "书籍": [], "情绪": [], "行为": []}
2025-11-27 20:20:57,590 [INFO] ✅ 关系抽取成功: 共 0 个关系
2025-11-27 20:20:57,590 [INFO]    完整结果:
{"提出": [], "包含": [], "应用": [], "来源": [], "解释": [], "相关": [], "导致": [], "影响": []}
2025-11-27 20:20:57,590 [INFO] 
📊 进度统计:
2025-11-27 20:20:57,590 [INFO]    已处理批次: 415/693 (59.9%)
2025-11-27 20:20:57,590 [INFO]    已处理段落: 2075/3465
2025-11-27 20:20:57,590 [INFO]    成功: 415, 失败: 0
2025-11-27 20:20:57,590 [INFO]    已用时: 57.2 分钟
2025-11-27 20:20:57,590 [INFO]    预计剩余: 38.3 分钟
2025-11-27 20:20:57,590 [INFO]    预计总时间: 95.5 分钟
2025-11-27 20:20:57,590 [INFO] 
================================================================================
2025-11-27 20:20:57,590 [INFO] 处理第 416/693 批 (段落 2076-2080)
2025-11-27 20:20:57,590 [INFO] ================================================================================
2025-11-27 20:20:57,590 [INFO] 📄 本批段落数: 5
2025-11-27 20:20:57,590 [INFO] 📄 合并文本长度: 153 字符
2025-11-27 20:20:57,590 [INFO] 📄 完整文本:
要有冲突；如果我们指责的人恰好是自己，我们真正的心声是——我的

所作所为没有满足我的需要。因而我坚信，如果我们以需要是否得到满

足来评价自己，就更有可能从自我评价的过程中获益。

因此，当我们意识到正在做的事情无法滋养生命时，我们的挑战

是，在这个当下要如何来评价自己——是否对自己怀有尊重与慈悲，而
2025-11-27 20:20:57,590 [INFO] --------------------------------------------------------------------------------
2025-11-27 20:21:00,959 [INFO] ✅ 实体抽取成功: 共 1 个实体
2025-11-27 20:21:00,959 [INFO]    完整结果:
{"人物": [], "概念": [], "方法": [], "理论": [], "组织": [], "书籍": [], "情绪": [], "行为": ["指责"]}
2025-11-27 20:21:04,137 [INFO] ✅ 关系抽取成功: 共 0 个关系
2025-11-27 20:21:04,138 [INFO]    完整结果:
{"提出": [], "包含": [], "应用": [], "来源": [], "解释": [], "相关": [], "导致": [], "影响": []}
2025-11-27 20:21:04,138 [INFO] 
📊 进度统计:
2025-11-27 20:21:04,138 [INFO]    已处理批次: 416/693 (60.0%)
2025-11-27 20:21:04,138 [INFO]    已处理段落: 2080/3465
2025-11-27 20:21:04,138 [INFO]    成功: 416, 失败: 0
2025-11-27 20:21:04,138 [INFO]    已用时: 57.3 分钟
2025-11-27 20:21:04,138 [INFO]    预计剩余: 38.2 分钟
2025-11-27 20:21:04,138 [INFO]    预计总时间: 95.5 分钟
2025-11-27 20:21:04,138 [INFO] 
================================================================================
2025-11-27 20:21:04,138 [INFO] 处理第 417/693 批 (段落 2081-2085)
2025-11-27 20:21:04,138 [INFO] ================================================================================
2025-11-27 20:21:04,138 [INFO] 📄 本批段落数: 5
2025-11-27 20:21:04,138 [INFO] 📄 合并文本长度: 161 字符
2025-11-27 20:21:04,138 [INFO] 📄 完整文本:
大多数人在经过长期的学校教育和社会教化后，已经很难时时刻刻

从“自己需要什么”的角度来思考了。然而，就像我们已经学习了用需要

来转化他人的评判那样，我们也可以培养对自我评判的觉察，并随即将

例如，如果意识到自己正为了某件事情谴责自己：“你看你，又把

事情搞砸了！”这时可以停下来问自己：“我这样指责自己，是因为什么
2025-11-27 20:21:04,138 [INFO] --------------------------------------------------------------------------------
2025-11-27 20:21:07,633 [INFO] ✅ 实体抽取成功: 共 1 个实体
2025-11-27 20:21:07,633 [INFO]    完整结果:
{"人物": [], "概念": [], "方法": [], "理论": [], "组织": [], "书籍": [], "情绪": [], "行为": ["指责自己"]}
2025-11-27 20:21:15,301 [INFO] ✅ 关系抽取成功: 共 2 个关系
2025-11-27 20:21:15,301 [INFO]    完整结果:
{"提出": [], "包含": [], "应用": [{"subject": "需要", "object": "转化他人的评判"}, {"subject": "需要", "object": "培养对自我评判的觉察"}], "来源": [], "解释": [], "相关": [], "导致": [], "影响": []}
2025-11-27 20:21:15,301 [INFO] 
📊 进度统计:
2025-11-27 20:21:15,301 [INFO]    已处理批次: 417/693 (60.2%)
2025-11-27 20:21:15,301 [INFO]    已处理段落: 2085/3465
2025-11-27 20:21:15,301 [INFO]    成功: 417, 失败: 0
2025-11-27 20:21:15,301 [INFO]    已用时: 57.5 分钟
2025-11-27 20:21:15,301 [INFO]    预计剩余: 38.1 分钟
2025-11-27 20:21:15,301 [INFO]    预计总时间: 95.6 分钟
2025-11-27 20:21:15,301 [INFO] 
================================================================================
2025-11-27 20:21:15,301 [INFO] 处理第 418/693 批 (段落 2086-2090)
2025-11-27 20:21:15,301 [INFO] ================================================================================
2025-11-27 20:21:15,301 [INFO] 📄 本批段落数: 5
2025-11-27 20:21:15,301 [INFO] 📄 合并文本长度: 162 字符
2025-11-27 20:21:15,301 [INFO] 📄 完整文本:
需要没有得到满足？”当我们和自己的需要（可能是多个层面的需要）

连结时，我们会在自己的身体上体会到明显的变化。这时，我们因自我

批评而产生的羞愧、内疚或压抑，便会被其他的感受取代。不论是难

过、挫败、失望、恐惧、悲伤或别的，这些都是我们与生俱来的感受，

其目的是推动我们去满足和追寻自己的价值观和需要；而内疚、羞愧和
2025-11-27 20:21:15,301 [INFO] --------------------------------------------------------------------------------
2025-11-27 20:21:20,764 [INFO] ✅ 实体抽取成功: 共 6 个实体
2025-11-27 20:21:20,764 [INFO]    完整结果:
{"人物": [], "概念": ["羞愧", "内疚", "压抑", "价值观"], "方法": [], "理论": [], "组织": [], "书籍": [], "情绪": ["恐惧", "悲伤"], "行为": []}
2025-11-27 20:21:23,978 [INFO] ✅ 关系抽取成功: 共 0 个关系
2025-11-27 20:21:23,979 [INFO]    完整结果:
{"提出": [], "包含": [], "应用": [], "来源": [], "解释": [], "相关": [], "导致": [], "影响": []}
2025-11-27 20:21:23,979 [INFO] 
📊 进度统计:
2025-11-27 20:21:23,979 [INFO]    已处理批次: 418/693 (60.3%)
2025-11-27 20:21:23,979 [INFO]    已处理段落: 2090/3465
2025-11-27 20:21:23,979 [INFO]    成功: 418, 失败: 0
2025-11-27 20:21:23,979 [INFO]    已用时: 57.7 分钟
2025-11-27 20:21:23,979 [INFO]    预计剩余: 37.9 分钟
2025-11-27 20:21:23,979 [INFO]    预计总时间: 95.6 分钟
2025-11-27 20:21:23,979 [INFO] 
================================================================================
2025-11-27 20:21:23,979 [INFO] 处理第 419/693 批 (段落 2091-2095)
2025-11-27 20:21:23,979 [INFO] ================================================================================
2025-11-27 20:21:23,979 [INFO] 📄 本批段落数: 5
2025-11-27 20:21:23,979 [INFO] 📄 合并文本长度: 166 字符
2025-11-27 20:21:23,979 [INFO] 📄 完整文本:
压抑则会切断我们与自己的连结。这两类感受对我们的身心影响可谓大

在非暴力沟通中，所谓“哀悼”（mourning）是充分连结未被满足的

需要以及因为自认为做得不够完美而引发的感受。哀悼，让我们不再以

指责或怨恨自己的方式来经验后悔，而是帮助我们从中学习。我们会看

见自己的行为如何与我们的需要和价值观产生冲突，并且接纳在这个过
2025-11-27 20:21:23,979 [INFO] --------------------------------------------------------------------------------
2025-11-27 20:21:28,093 [INFO] ✅ 实体抽取成功: 共 2 个实体
2025-11-27 20:21:28,093 [INFO]    完整结果:
{"人物": [], "概念": ["非暴力沟通", "哀悼"], "方法": [], "理论": [], "组织": [], "书籍": [], "情绪": [], "行为": []}
2025-11-27 20:21:33,845 [INFO] ✅ 关系抽取成功: 共 1 个关系
2025-11-27 20:21:33,845 [INFO]    完整结果:
{"提出": [], "包含": [], "应用": [], "来源": [], "解释": [{"subject": "哀悼", "object": "充分连结未被满足的"}], "相关": [], "导致": [], "影响": []}
2025-11-27 20:21:33,845 [INFO] 
📊 进度统计:
2025-11-27 20:21:33,845 [INFO]    已处理批次: 419/693 (60.5%)
2025-11-27 20:21:33,845 [INFO]    已处理段落: 2095/3465
2025-11-27 20:21:33,845 [INFO]    成功: 419, 失败: 0
2025-11-27 20:21:33,845 [INFO]    已用时: 57.8 分钟
2025-11-27 20:21:33,845 [INFO]    预计剩余: 37.8 分钟
2025-11-27 20:21:33,845 [INFO]    预计总时间: 95.6 分钟
2025-11-27 20:21:33,845 [INFO] 
================================================================================
2025-11-27 20:21:33,845 [INFO] 处理第 420/693 批 (段落 2096-2100)
2025-11-27 20:21:33,845 [INFO] ================================================================================
2025-11-27 20:21:33,845 [INFO] 📄 本批段落数: 5
2025-11-27 20:21:33,845 [INFO] 📄 合并文本长度: 157 字符
2025-11-27 20:21:33,845 [INFO] 📄 完整文本:
程中浮现的感受。当我们将注意力放在需要上，自然就能激发出充满创

造力的可能性来满足需要。相反，如果以道德评判来谴责自己，我们不

仅难以看到这些可能性，而且容易陷入自我惩罚的状态。

哀悼过后，我们可以尝试“自我宽恕”这一过程。想一想自己为何要

采取那个行动，问自己：“我当时那样做，是要满足什么需要呢？”我相
2025-11-27 20:21:33,845 [INFO] --------------------------------------------------------------------------------
2025-11-27 20:21:37,994 [INFO] ✅ 实体抽取成功: 共 3 个实体
2025-11-27 20:21:37,994 [INFO]    完整结果:
{"人物": ["程中"], "概念": [], "方法": [], "理论": [], "组织": [], "书籍": [], "情绪": ["哀悼"], "行为": ["道德评判"]}
2025-11-27 20:21:41,204 [INFO] ✅ 关系抽取成功: 共 0 个关系
2025-11-27 20:21:41,204 [INFO]    完整结果:
{"提出": [], "包含": [], "应用": [], "来源": [], "解释": [], "相关": [], "导致": [], "影响": []}
2025-11-27 20:21:41,205 [INFO] 
📊 进度统计:
2025-11-27 20:21:41,205 [INFO]    已处理批次: 420/693 (60.6%)
2025-11-27 20:21:41,205 [INFO]    已处理段落: 2100/3465
2025-11-27 20:21:41,205 [INFO]    成功: 420, 失败: 0
2025-11-27 20:21:41,205 [INFO]    已用时: 57.9 分钟
2025-11-27 20:21:41,205 [INFO]    预计剩余: 37.7 分钟
2025-11-27 20:21:41,205 [INFO]    预计总时间: 95.6 分钟
2025-11-27 20:21:41,205 [INFO] 
================================================================================
2025-11-27 20:21:41,205 [INFO] 处理第 421/693 批 (段落 2101-2105)
2025-11-27 20:21:41,205 [INFO] ================================================================================
2025-11-27 20:21:41,205 [INFO] 📄 本批段落数: 5
2025-11-27 20:21:41,205 [INFO] 📄 合并文本长度: 159 字符
2025-11-27 20:21:41,205 [INFO] 📄 完整文本:
信，人的行为都是为了满足需要所做的尝试，不论它是否能够实现目

以同理心倾听自己，我们就能听见行为背后那内心深处的需要。一

旦和自己建立了充满同理心的连结，我们就能宽恕自己。我们发现，尽

管过去的选择并不理想，需要为之哀悼，但那也是想让自己的生命更加

要善意地对待自己，关键在于带着同理心拥抱两个“自己”：对过去
2025-11-27 20:21:41,205 [INFO] --------------------------------------------------------------------------------
2025-11-27 20:21:45,064 [INFO] ✅ 实体抽取成功: 共 2 个实体
2025-11-27 20:21:45,064 [INFO]    完整结果:
{"人物": [], "概念": ["同理心"], "方法": [], "理论": [], "组织": [], "书籍": [], "情绪": [], "行为": ["倾听"]}
2025-11-27 20:21:50,097 [INFO] ✅ 关系抽取成功: 共 1 个关系
2025-11-27 20:21:50,097 [INFO]    完整结果:
{"提出": [], "包含": [], "应用": [{"subject": "同理心", "object": "宽恕"}], "来源": [], "解释": [], "相关": [], "导致": [], "影响": []}
2025-11-27 20:21:50,097 [INFO] 
📊 进度统计:
2025-11-27 20:21:50,097 [INFO]    已处理批次: 421/693 (60.8%)
2025-11-27 20:21:50,097 [INFO]    已处理段落: 2105/3465
2025-11-27 20:21:50,097 [INFO]    成功: 421, 失败: 0
2025-11-27 20:21:50,097 [INFO]    已用时: 58.1 分钟
2025-11-27 20:21:50,097 [INFO]    预计剩余: 37.5 分钟
2025-11-27 20:21:50,097 [INFO]    预计总时间: 95.6 分钟
2025-11-27 20:21:50,097 [INFO] 
================================================================================
2025-11-27 20:21:50,097 [INFO] 处理第 422/693 批 (段落 2106-2110)
2025-11-27 20:21:50,097 [INFO] ================================================================================
2025-11-27 20:21:50,097 [INFO] 📄 本批段落数: 5
2025-11-27 20:21:50,097 [INFO] 📄 合并文本长度: 163 字符
2025-11-27 20:21:50,097 [INFO] 📄 完整文本:
的行为感到懊恼的自己以及当初做了那件事的自己。通过“哀悼”和“自

我宽恕”，我们不再谴责自己，进而从中有所收获和成长，并因而获得

自由。如果能时时和自己的需要相连，我们就能采取更富有创造力的行

我想通过一个我的亲身经历来说明非暴力沟通的“哀悼”和“自我宽

恕”。有一回，我穿着一套新买的淡灰色夏季外衣去主持一个很重要的
2025-11-27 20:21:50,097 [INFO] --------------------------------------------------------------------------------
2025-11-27 20:21:55,258 [INFO] ✅ 实体抽取成功: 共 4 个实体
2025-11-27 20:21:55,259 [INFO]    完整结果:
{"人物": [], "概念": [], "方法": ["非暴力沟通"], "理论": [], "组织": [], "书籍": [], "情绪": ["懊恼"], "行为": ["哀悼", "宽恕"]}
2025-11-27 20:21:58,523 [INFO] ✅ 关系抽取成功: 共 0 个关系
2025-11-27 20:21:58,524 [INFO]    完整结果:
{"提出": [], "包含": [], "应用": [], "来源": [], "解释": [], "相关": [], "导致": [], "影响": []}
2025-11-27 20:21:58,524 [INFO] 
📊 进度统计:
2025-11-27 20:21:58,524 [INFO]    已处理批次: 422/693 (60.9%)
2025-11-27 20:21:58,524 [INFO]    已处理段落: 2110/3465
2025-11-27 20:21:58,524 [INFO]    成功: 422, 失败: 0
2025-11-27 20:21:58,524 [INFO]    已用时: 58.2 分钟
2025-11-27 20:21:58,524 [INFO]    预计剩余: 37.4 分钟
2025-11-27 20:21:58,524 [INFO]    预计总时间: 95.6 分钟
2025-11-27 20:21:58,524 [INFO] 
================================================================================
2025-11-27 20:21:58,524 [INFO] 处理第 423/693 批 (段落 2111-2115)
2025-11-27 20:21:58,524 [INFO] ================================================================================
2025-11-27 20:21:58,524 [INFO] 📄 本批段落数: 5
2025-11-27 20:21:58,524 [INFO] 📄 合并文本长度: 156 字符
2025-11-27 20:21:58,524 [INFO] 📄 完整文本:
工作坊。当天的学员很多，课程结束时，许多人围着我索取签名、询问

地址和其他资料。为了能赶上下一场会晤，我便加快速度回应参与者的

请求，仓促地在我面前的纸上签名、留言。当我飞快地走出门时，我将

钢笔插在了新衣口袋中，居然忘了盖上笔套！走到外面后，我赫然发现

那件好看的淡灰色上衣已经变成了一件圆点花纹衫了！
2025-11-27 20:21:58,524 [INFO] --------------------------------------------------------------------------------
2025-11-27 20:22:02,171 [INFO] ✅ 实体抽取成功: 共 1 个实体
2025-11-27 20:22:02,171 [INFO]    完整结果:
{"人物": [], "概念": [], "方法": [], "理论": [], "组织": [], "书籍": [], "情绪": [], "行为": ["签名"]}
2025-11-27 20:22:05,520 [INFO] ✅ 关系抽取成功: 共 0 个关系
2025-11-27 20:22:05,520 [INFO]    完整结果:
{"提出": [], "包含": [], "应用": [], "来源": [], "解释": [], "相关": [], "导致": [], "影响": []}
2025-11-27 20:22:05,520 [INFO] 
📊 进度统计:
2025-11-27 20:22:05,520 [INFO]    已处理批次: 423/693 (61.0%)
2025-11-27 20:22:05,520 [INFO]    已处理段落: 2115/3465
2025-11-27 20:22:05,520 [INFO]    成功: 423, 失败: 0
2025-11-27 20:22:05,520 [INFO]    已用时: 58.3 分钟
2025-11-27 20:22:05,520 [INFO]    预计剩余: 37.2 分钟
2025-11-27 20:22:05,520 [INFO]    预计总时间: 95.6 分钟
2025-11-27 20:22:05,520 [INFO] 
================================================================================
2025-11-27 20:22:05,520 [INFO] 处理第 424/693 批 (段落 2116-2120)
2025-11-27 20:22:05,520 [INFO] ================================================================================
2025-11-27 20:22:05,520 [INFO] 📄 本批段落数: 5
2025-11-27 20:22:05,520 [INFO] 📄 合并文本长度: 158 字符
2025-11-27 20:22:05,520 [INFO] 📄 完整文本:
在足足20分钟内，我不停地斥责自己：“你怎么可以这么粗心大

意？看看你干了什么蠢事！”我刚毁了一件崭新的外衣，这可能是我最

需要得到体谅的时刻，但我却不断地谴责自己，让自己愈发难受。

幸好， 20分钟后，我开始意识到自己正在做什么。于是，我停下

来去体会，在这件事上，我有哪些需要没有得到满足。我问自己：“我
2025-11-27 20:22:05,520 [INFO] --------------------------------------------------------------------------------
2025-11-27 20:22:09,170 [INFO] ✅ 实体抽取成功: 共 1 个实体
2025-11-27 20:22:09,170 [INFO]    完整结果:
{"人物": [], "概念": [], "方法": [], "理论": [], "组织": [], "书籍": [], "情绪": [], "行为": ["斥责"]}
2025-11-27 20:22:12,426 [INFO] ✅ 关系抽取成功: 共 0 个关系
2025-11-27 20:22:12,427 [INFO]    完整结果:
{"提出": [], "包含": [], "应用": [], "来源": [], "解释": [], "相关": [], "导致": [], "影响": []}
2025-11-27 20:22:12,427 [INFO] 
📊 进度统计:
2025-11-27 20:22:12,427 [INFO]    已处理批次: 424/693 (61.2%)
2025-11-27 20:22:12,427 [INFO]    已处理段落: 2120/3465
2025-11-27 20:22:12,427 [INFO]    成功: 424, 失败: 0
2025-11-27 20:22:12,427 [INFO]    已用时: 58.5 分钟
2025-11-27 20:22:12,427 [INFO]    预计剩余: 37.1 分钟
2025-11-27 20:22:12,427 [INFO]    预计总时间: 95.5 分钟
2025-11-27 20:22:12,427 [INFO] 
================================================================================
2025-11-27 20:22:12,427 [INFO] 处理第 425/693 批 (段落 2121-2125)
2025-11-27 20:22:12,427 [INFO] ================================================================================
2025-11-27 20:22:12,427 [INFO] 📄 本批段落数: 5
2025-11-27 20:22:12,427 [INFO] 📄 合并文本长度: 166 字符
2025-11-27 20:22:12,427 [INFO] 📄 完整文本:
指责自己‘粗心大意’和‘愚蠢’，是出于什么样的需要呢？”这时，我立刻

意识到我的需要是：好好地照顾自己——在匆忙回应他人需要的同时，

也能更多地关注自己的需要。当我听见内心深处的渴望（更多地觉察自

己和关心自己的需要），我的感受也立刻发生了转变。随着愤怒、羞愧

和内疚感逐渐消散，我的身体也不再那么紧绷了。我充分地哀悼着那件
2025-11-27 20:22:12,427 [INFO] --------------------------------------------------------------------------------
2025-11-27 20:22:16,208 [INFO] ✅ 实体抽取成功: 共 1 个实体
2025-11-27 20:22:16,208 [INFO]    完整结果:
{"人物": [], "概念": [], "方法": [], "理论": [], "组织": [], "书籍": [], "情绪": ["羞愧"], "行为": []}
2025-11-27 20:22:19,583 [INFO] ✅ 关系抽取成功: 共 0 个关系
2025-11-27 20:22:19,583 [INFO]    完整结果:
{"提出": [], "包含": [], "应用": [], "来源": [], "解释": [], "相关": [], "导致": [], "影响": []}
2025-11-27 20:22:19,583 [INFO] 
📊 进度统计:
2025-11-27 20:22:19,583 [INFO]    已处理批次: 425/693 (61.3%)
2025-11-27 20:22:19,583 [INFO]    已处理段落: 2125/3465
2025-11-27 20:22:19,583 [INFO]    成功: 425, 失败: 0
2025-11-27 20:22:19,583 [INFO]    已用时: 58.6 分钟
2025-11-27 20:22:19,583 [INFO]    预计剩余: 36.9 分钟
2025-11-27 20:22:19,583 [INFO]    预计总时间: 95.5 分钟
2025-11-27 20:22:19,583 [INFO] 
================================================================================
2025-11-27 20:22:19,583 [INFO] 处理第 426/693 批 (段落 2126-2130)
2025-11-27 20:22:19,583 [INFO] ================================================================================
2025-11-27 20:22:19,583 [INFO] 📄 本批段落数: 5
2025-11-27 20:22:19,583 [INFO] 📄 合并文本长度: 153 字符
2025-11-27 20:22:19,583 [INFO] 📄 完整文本:
毁掉的外衣和没有盖上笔套的行为，并且当我看到自己渴望更好地照顾

自己时，我全然地允许和体会着从中升起的难过之情。

接着，我开始思索，我将那支没套上笔盖的钢笔插在新衣口袋中是

为了满足什么需要。我发现，关心和体贴别人的需要，对我是多么重

要。我意识到，尽管我没有花时间好好照顾自己，但匆忙之中心不在焉
2025-11-27 20:22:19,583 [INFO] --------------------------------------------------------------------------------
2025-11-27 20:22:26,267 [INFO] ✅ 实体抽取成功: 共 5 个实体
2025-11-27 20:22:26,267 [INFO]    完整结果:
{"人物": [], "概念": [], "方法": [], "理论": [], "组织": [], "书籍": [], "情绪": ["难过"], "行为": ["毁掉的外衣", "没有盖上笔套", "照顾", "插在新衣口袋中"]}
2025-11-27 20:22:29,486 [INFO] ✅ 关系抽取成功: 共 0 个关系
2025-11-27 20:22:29,486 [INFO]    完整结果:
{"提出": [], "包含": [], "应用": [], "来源": [], "解释": [], "相关": [], "导致": [], "影响": []}
2025-11-27 20:22:29,486 [INFO] 
📊 进度统计:
2025-11-27 20:22:29,486 [INFO]    已处理批次: 426/693 (61.5%)
2025-11-27 20:22:29,486 [INFO]    已处理段落: 2130/3465
2025-11-27 20:22:29,486 [INFO]    成功: 426, 失败: 0
2025-11-27 20:22:29,486 [INFO]    已用时: 58.7 分钟
2025-11-27 20:22:29,486 [INFO]    预计剩余: 36.8 分钟
2025-11-27 20:22:29,486 [INFO]    预计总时间: 95.6 分钟
2025-11-27 20:22:29,486 [INFO] 
================================================================================
2025-11-27 20:22:29,486 [INFO] 处理第 427/693 批 (段落 2131-2135)
2025-11-27 20:22:29,486 [INFO] ================================================================================
2025-11-27 20:22:29,486 [INFO] 📄 本批段落数: 5
2025-11-27 20:22:29,486 [INFO] 📄 合并文本长度: 160 字符
2025-11-27 20:22:29,486 [INFO] 📄 完整文本:
地把笔塞进口袋，也是为了满足服务他人的需要。想到这里，我便不再

带着对自己的善意，我拥抱自己的两方面需要：一方面，服务他

人；另一方面，照顾好自己。我也因而能想象自己在类似的情境中做出

不一样的选择，并且更有可能找到解决方法，而没有在一味自责中失去

非暴力沟通的“哀悼”和“自我宽恕”是爱自己的重要方面。此外，还
2025-11-27 20:22:29,486 [INFO] --------------------------------------------------------------------------------
2025-11-27 20:22:33,285 [INFO] ✅ 实体抽取成功: 共 2 个实体
2025-11-27 20:22:33,285 [INFO]    完整结果:
{"人物": [], "概念": ["非暴力沟通"], "方法": [], "理论": [], "组织": [], "书籍": [], "情绪": [], "行为": ["拥抱"]}
2025-11-27 20:22:40,583 [INFO] ✅ 关系抽取成功: 共 2 个关系
2025-11-27 20:22:40,583 [INFO]    完整结果:
{"提出": [], "包含": [{"subject": "非暴力沟通", "object": "哀悼"}, {"subject": "非暴力沟通", "object": "自我宽恕"}], "应用": [], "来源": [], "解释": [], "相关": [], "导致": [], "影响": []}
2025-11-27 20:22:40,583 [INFO] 
📊 进度统计:
2025-11-27 20:22:40,583 [INFO]    已处理批次: 427/693 (61.6%)
2025-11-27 20:22:40,583 [INFO]    已处理段落: 2135/3465
2025-11-27 20:22:40,583 [INFO]    成功: 427, 失败: 0
2025-11-27 20:22:40,583 [INFO]    已用时: 58.9 分钟
2025-11-27 20:22:40,583 [INFO]    预计剩余: 36.7 分钟
2025-11-27 20:22:40,583 [INFO]    预计总时间: 95.6 分钟
2025-11-27 20:22:40,584 [INFO] 
================================================================================
2025-11-27 20:22:40,584 [INFO] 处理第 428/693 批 (段落 2136-2140)
2025-11-27 20:22:40,584 [INFO] ================================================================================
2025-11-27 20:22:40,584 [INFO] 📄 本批段落数: 5
2025-11-27 20:22:40,584 [INFO] 📄 合并文本长度: 163 字符
2025-11-27 20:22:40,584 [INFO] 📄 完整文本:
有一点也很重要，那就是：觉察自己每个行为举动背后的能量。当我建

议人们“不做任何没有乐趣的事”，有的人认为我太极端，甚至有些疯

狂。然而，我深信，出于对生命纯粹的爱，而不是出于恐惧、内疚、羞

愧、义务或者职责来做出选择，是我们爱自己的重要体现。当我们清楚

地知道自己的行动是为了滋养生命，当我们做事的动机纯粹只是为了让
2025-11-27 20:22:40,584 [INFO] --------------------------------------------------------------------------------
2025-11-27 20:22:44,918 [INFO] ✅ 实体抽取成功: 共 3 个实体
2025-11-27 20:22:44,918 [INFO]    完整结果:
{"人物": [], "概念": [], "方法": [], "理论": [], "组织": [], "书籍": [], "情绪": ["恐惧", "内疚", "羞愧"], "行为": []}
2025-11-27 20:22:48,090 [INFO] ✅ 关系抽取成功: 共 0 个关系
2025-11-27 20:22:48,091 [INFO]    完整结果:
{"提出": [], "包含": [], "应用": [], "来源": [], "解释": [], "相关": [], "导致": [], "影响": []}
2025-11-27 20:22:48,091 [INFO] 
📊 进度统计:
2025-11-27 20:22:48,091 [INFO]    已处理批次: 428/693 (61.8%)
2025-11-27 20:22:48,091 [INFO]    已处理段落: 2140/3465
2025-11-27 20:22:48,091 [INFO]    成功: 428, 失败: 0
2025-11-27 20:22:48,091 [INFO]    已用时: 59.1 分钟
2025-11-27 20:22:48,091 [INFO]    预计剩余: 36.6 分钟
2025-11-27 20:22:48,091 [INFO]    预计总时间: 95.6 分钟
2025-11-27 20:22:48,091 [INFO] 
================================================================================
2025-11-27 20:22:48,091 [INFO] 处理第 429/693 批 (段落 2141-2145)
2025-11-27 20:22:48,091 [INFO] ================================================================================
2025-11-27 20:22:48,091 [INFO] 📄 本批段落数: 5
2025-11-27 20:22:48,091 [INFO] 📄 合并文本长度: 156 字符
2025-11-27 20:22:48,091 [INFO] 📄 完整文本:
自己和他人的生命变得更加美好，即使工作辛苦，我们也会乐在其中。

反之，如果我们的行动是出于义务、职责、恐惧、内疚或羞愧，那么，

即使有意思的事情也会失去它的乐趣，最终让人心生抗拒。

在第二章，我们探讨了人们如何在语言表达中暗示自己缺乏选择，

并重新学会用语言认清我们是有选择的。许多年以前，有个练习给我带
2025-11-27 20:22:48,091 [INFO] --------------------------------------------------------------------------------
2025-11-27 20:22:51,726 [INFO] ✅ 实体抽取成功: 共 2 个实体
2025-11-27 20:22:51,726 [INFO]    完整结果:
{"人物": [], "概念": [], "方法": [], "理论": [], "组织": [], "书籍": [], "情绪": ["羞愧"], "行为": ["工作"]}
2025-11-27 20:23:00,543 [INFO] ✅ 关系抽取成功: 共 2 个关系
2025-11-27 20:23:00,543 [INFO]    完整结果:
{"提出": [], "包含": [{"subject": "第二章", "object": "人们如何在语言表达中暗示自己缺乏选择"}, {"subject": "第二章", "object": "重新学会用语言认清我们是有选择的"}], "应用": [], "来源": [], "解释": [], "相关": [], "导致": [], "影响": []}
2025-11-27 20:23:00,543 [INFO] 
📊 进度统计:
2025-11-27 20:23:00,543 [INFO]    已处理批次: 429/693 (61.9%)
2025-11-27 20:23:00,543 [INFO]    已处理段落: 2145/3465
2025-11-27 20:23:00,543 [INFO]    成功: 429, 失败: 0
2025-11-27 20:23:00,543 [INFO]    已用时: 59.3 分钟
2025-11-27 20:23:00,543 [INFO]    预计剩余: 36.5 分钟
2025-11-27 20:23:00,543 [INFO]    预计总时间: 95.7 分钟
2025-11-27 20:23:00,544 [INFO] 
================================================================================
2025-11-27 20:23:00,544 [INFO] 处理第 430/693 批 (段落 2146-2150)
2025-11-27 20:23:00,544 [INFO] ================================================================================
2025-11-27 20:23:00,544 [INFO] 📄 本批段落数: 5
2025-11-27 20:23:00,544 [INFO] 📄 合并文本长度: 160 字符
2025-11-27 20:23:00,544 [INFO] 📄 完整文本:
来了极大的喜悦和幸福感，并减少了我的压抑、内疚和羞愧感。这个练

习让我时刻清晰地觉知每个行动背后滋养生命的需要。我将在下文中介

绍这个练习，希望它能帮助我们善待自己，出于喜悦和乐趣来生活。

在你的生活中，哪些事情让你觉得无趣，却又不得不去做？你不想

做它们，但还是去做了，因为你认为自己没有选择。请将这些事情列在
2025-11-27 20:23:00,544 [INFO] --------------------------------------------------------------------------------
2025-11-27 20:23:05,864 [INFO] ✅ 实体抽取成功: 共 5 个实体
2025-11-27 20:23:05,864 [INFO]    完整结果:
{"人物": [], "概念": [], "方法": [], "理论": [], "组织": [], "书籍": [], "情绪": ["喜悦", "幸福感", "压抑", "内疚", "羞愧感"], "行为": []}
2025-11-27 20:23:09,049 [INFO] ✅ 关系抽取成功: 共 0 个关系
2025-11-27 20:23:09,049 [INFO]    完整结果:
{"提出": [], "包含": [], "应用": [], "来源": [], "解释": [], "相关": [], "导致": [], "影响": []}
2025-11-27 20:23:09,049 [INFO] 
📊 进度统计:
2025-11-27 20:23:09,049 [INFO]    已处理批次: 430/693 (62.0%)
2025-11-27 20:23:09,049 [INFO]    已处理段落: 2150/3465
2025-11-27 20:23:09,049 [INFO]    成功: 430, 失败: 0
2025-11-27 20:23:09,050 [INFO]    已用时: 59.4 分钟
2025-11-27 20:23:09,050 [INFO]    预计剩余: 36.3 分钟
2025-11-27 20:23:09,050 [INFO]    预计总时间: 95.7 分钟
2025-11-27 20:23:09,050 [INFO] 
================================================================================
2025-11-27 20:23:09,050 [INFO] 处理第 431/693 批 (段落 2151-2155)
2025-11-27 20:23:09,050 [INFO] ================================================================================
2025-11-27 20:23:09,050 [INFO] 📄 本批段落数: 5
2025-11-27 20:23:09,050 [INFO] 📄 合并文本长度: 148 字符
2025-11-27 20:23:09,050 [INFO] 📄 完整文本:
当我第一次审视我的清单时，发现上面的事情可真不少，我恍然大

悟自己为何常常无法享受生活。有许多事情，我之所以日复一日地去

做，是因为我糊弄自己去相信那是不得不做的。

清单上的第一项是：写临床报告。我痛恨撰写这些报告，但却每天

至少要花一个小时在上面，这让我苦不堪言。清单的第二项是：开车送
2025-11-27 20:23:09,050 [INFO] --------------------------------------------------------------------------------
2025-11-27 20:23:13,074 [INFO] ✅ 实体抽取成功: 共 3 个实体
2025-11-27 20:23:13,074 [INFO]    完整结果:
{"人物": [], "概念": [], "方法": [], "理论": [], "组织": [], "书籍": [], "情绪": [], "行为": ["审视", "写", "开车送"]}
2025-11-27 20:23:16,252 [INFO] ✅ 关系抽取成功: 共 0 个关系
2025-11-27 20:23:16,253 [INFO]    完整结果:
{"提出": [], "包含": [], "应用": [], "来源": [], "解释": [], "相关": [], "导致": [], "影响": []}
2025-11-27 20:23:16,253 [INFO] 
📊 进度统计:
2025-11-27 20:23:16,253 [INFO]    已处理批次: 431/693 (62.2%)
2025-11-27 20:23:16,253 [INFO]    已处理段落: 2155/3465
2025-11-27 20:23:16,253 [INFO]    成功: 431, 失败: 0
2025-11-27 20:23:16,253 [INFO]    已用时: 59.5 分钟
2025-11-27 20:23:16,253 [INFO]    预计剩余: 36.2 分钟
2025-11-27 20:23:16,253 [INFO]    预计总时间: 95.7 分钟
2025-11-27 20:23:16,253 [INFO] 
================================================================================
2025-11-27 20:23:16,253 [INFO] 处理第 432/693 批 (段落 2156-2160)
2025-11-27 20:23:16,253 [INFO] ================================================================================
2025-11-27 20:23:16,253 [INFO] 📄 本批段落数: 5
2025-11-27 20:23:16,253 [INFO] 📄 合并文本长度: 157 字符
2025-11-27 20:23:16,253 [INFO] 📄 完整文本:
写完清单后，清楚地告诉自己：你之所以做这些事情，是因为你选

择了它们，而非你不得不做。在你所列出的每一件事情前加上“我选择

我记得当时我对这一步有些抗拒。我一直信誓旦旦地认为：“写临

床报告不是我选择要做的事情，而是我不得不做的事。我是一名临床心

一旦你认同了之所以做某件事是出于自己的选择，请试着体会选择
2025-11-27 20:23:16,253 [INFO] --------------------------------------------------------------------------------
2025-11-27 20:23:21,467 [INFO] ✅ 实体抽取成功: 共 3 个实体
2025-11-27 20:23:21,467 [INFO]    完整结果:
{"人物": [], "概念": [], "方法": [], "理论": [], "组织": [], "书籍": [], "情绪": [], "行为": ["写完清单", "告诉自己", "写临\n\n床报告"]}
2025-11-27 20:23:24,632 [INFO] ✅ 关系抽取成功: 共 0 个关系
2025-11-27 20:23:24,632 [INFO]    完整结果:
{"提出": [], "包含": [], "应用": [], "来源": [], "解释": [], "相关": [], "导致": [], "影响": []}
2025-11-27 20:23:24,632 [INFO] 
📊 进度统计:
2025-11-27 20:23:24,632 [INFO]    已处理批次: 432/693 (62.3%)
2025-11-27 20:23:24,632 [INFO]    已处理段落: 2160/3465
2025-11-27 20:23:24,632 [INFO]    成功: 432, 失败: 0
2025-11-27 20:23:24,632 [INFO]    已用时: 59.7 分钟
2025-11-27 20:23:24,632 [INFO]    预计剩余: 36.0 分钟
2025-11-27 20:23:24,632 [INFO]    预计总时间: 95.7 分钟
2025-11-27 20:23:24,633 [INFO] 
================================================================================
2025-11-27 20:23:24,633 [INFO] 处理第 433/693 批 (段落 2161-2165)
2025-11-27 20:23:24,633 [INFO] ================================================================================
2025-11-27 20:23:24,633 [INFO] 📄 本批段落数: 5
2025-11-27 20:23:24,633 [INFO] 📄 合并文本长度: 160 字符
2025-11-27 20:23:24,633 [INFO] 📄 完整文本:
背后的意图是什么，然后以“我选择做……因为我想要……”来表述。

起初，我怎么也想不清楚到底为什么要写临床报告。几个月前，我

已经认定这些报告对我的咨询病人来说用处不大，不值得花那么多时

间。既然如此，为什么我还投入那么多精力在这上面呢？最终我发现，

我选择写这些报告，仅仅是因为想要获得这份工作带来的收入。意识到
2025-11-27 20:23:24,633 [INFO] --------------------------------------------------------------------------------
2025-11-27 20:23:28,179 [INFO] ✅ 实体抽取成功: 共 1 个实体
2025-11-27 20:23:28,179 [INFO]    完整结果:
{"人物": [], "概念": [], "方法": [], "理论": [], "组织": [], "书籍": [], "情绪": [], "行为": ["写临床报告"]}
2025-11-27 20:23:31,351 [INFO] ✅ 关系抽取成功: 共 0 个关系
2025-11-27 20:23:31,351 [INFO]    完整结果:
{"提出": [], "包含": [], "应用": [], "来源": [], "解释": [], "相关": [], "导致": [], "影响": []}
2025-11-27 20:23:31,351 [INFO] 
📊 进度统计:
2025-11-27 20:23:31,351 [INFO]    已处理批次: 433/693 (62.5%)
2025-11-27 20:23:31,352 [INFO]    已处理段落: 2165/3465
2025-11-27 20:23:31,352 [INFO]    成功: 433, 失败: 0
2025-11-27 20:23:31,352 [INFO]    已用时: 59.8 分钟
2025-11-27 20:23:31,352 [INFO]    预计剩余: 35.9 分钟
2025-11-27 20:23:31,352 [INFO]    预计总时间: 95.7 分钟
2025-11-27 20:23:31,352 [INFO] 
================================================================================
2025-11-27 20:23:31,352 [INFO] 处理第 434/693 批 (段落 2166-2170)
2025-11-27 20:23:31,352 [INFO] ================================================================================
2025-11-27 20:23:31,352 [INFO] 📄 本批段落数: 5
2025-11-27 20:23:31,352 [INFO] 📄 合并文本长度: 162 字符
2025-11-27 20:23:31,352 [INFO] 📄 完整文本:
这点，我再也没有写过任何临床报告了。想到这35年来，自己少写了无

数的报告，我就开心得不得了！当意识到金钱是我的首要驱动力时，我

立刻就想到可以用别的方式来获得收入。事实上，我宁愿在垃圾桶里觅

我列出的第二项不情愿做的事：开车送孩子们上学。当我仔细思索

为什么要这么做时，我发现，对于孩子们从学校收获的好处，我心怀感
2025-11-27 20:23:31,352 [INFO] --------------------------------------------------------------------------------
2025-11-27 20:23:35,041 [INFO] ✅ 实体抽取成功: 共 1 个实体
2025-11-27 20:23:35,041 [INFO]    完整结果:
{"人物": [], "概念": [], "方法": [], "理论": [], "组织": [], "书籍": [], "情绪": [], "行为": ["开车送孩子们上学"]}
2025-11-27 20:23:38,248 [INFO] ✅ 关系抽取成功: 共 0 个关系
2025-11-27 20:23:38,249 [INFO]    完整结果:
{"提出": [], "包含": [], "应用": [], "来源": [], "解释": [], "相关": [], "导致": [], "影响": []}
2025-11-27 20:23:38,249 [INFO] 
📊 进度统计:
2025-11-27 20:23:38,249 [INFO]    已处理批次: 434/693 (62.6%)
2025-11-27 20:23:38,249 [INFO]    已处理段落: 2170/3465
2025-11-27 20:23:38,249 [INFO]    成功: 434, 失败: 0
2025-11-27 20:23:38,249 [INFO]    已用时: 59.9 分钟
2025-11-27 20:23:38,249 [INFO]    预计剩余: 35.7 分钟
2025-11-27 20:23:38,249 [INFO]    预计总时间: 95.6 分钟
2025-11-27 20:23:38,249 [INFO] 
================================================================================
2025-11-27 20:23:38,249 [INFO] 处理第 435/693 批 (段落 2171-2175)
2025-11-27 20:23:38,249 [INFO] ================================================================================
2025-11-27 20:23:38,249 [INFO] 📄 本批段落数: 5
2025-11-27 20:23:38,249 [INFO] 📄 合并文本长度: 164 字符
2025-11-27 20:23:38,249 [INFO] 📄 完整文本:
恩。虽然他们可以步行到附近的学校上学，但现在的这所学校更符合我

的教育理念。于是，我还是继续开车送孩子们上学，不过心态已经不一

样了。我不再对自己说：“讨厌，今天我又必须做车夫了。”因为我已经

清楚地知道，这是为了让孩子们受到良好的教育，因为我很重视教育的

品质。当然，有时候我需要在开车时提醒自己好多次，重新关注这样做
2025-11-27 20:23:38,249 [INFO] --------------------------------------------------------------------------------
2025-11-27 20:23:42,884 [INFO] ✅ 实体抽取成功: 共 4 个实体
2025-11-27 20:23:42,884 [INFO]    完整结果:
{"人物": [], "概念": ["教育理念", "教育的品质"], "方法": [], "理论": [], "组织": [], "书籍": [], "情绪": [], "行为": ["步行", "开车"]}
2025-11-27 20:23:46,094 [INFO] ✅ 关系抽取成功: 共 0 个关系
2025-11-27 20:23:46,094 [INFO]    完整结果:
{"提出": [], "包含": [], "应用": [], "来源": [], "解释": [], "相关": [], "导致": [], "影响": []}
2025-11-27 20:23:46,094 [INFO] 
📊 进度统计:
2025-11-27 20:23:46,094 [INFO]    已处理批次: 435/693 (62.8%)
2025-11-27 20:23:46,094 [INFO]    已处理段落: 2175/3465
2025-11-27 20:23:46,094 [INFO]    成功: 435, 失败: 0
2025-11-27 20:23:46,094 [INFO]    已用时: 60.0 分钟
2025-11-27 20:23:46,094 [INFO]    预计剩余: 35.6 分钟
2025-11-27 20:23:46,094 [INFO]    预计总时间: 95.6 分钟
2025-11-27 20:23:46,094 [INFO] 
================================================================================
2025-11-27 20:23:46,094 [INFO] 处理第 436/693 批 (段落 2176-2180)
2025-11-27 20:23:46,094 [INFO] ================================================================================
2025-11-27 20:23:46,095 [INFO] 📄 本批段落数: 5
2025-11-27 20:23:46,095 [INFO] 📄 合并文本长度: 155 字符
2025-11-27 20:23:46,095 [INFO] 📄 完整文本:
当你在思考“我选择做……是因为我想要……”这样的陈述时，也许

会发现自己是基于一些重要的理念才会做出那样的决定，就像我问自己

为何要开车送孩子们上学。我相信，一旦意识到行为所服务的需要，即

使工作很艰苦、富有挑战，甚至举步维艰，我们仍然能乐在其中。

不过，你也许会在清单上发现，有的行为是出于以下动机。
2025-11-27 20:23:46,095 [INFO] --------------------------------------------------------------------------------
2025-11-27 20:23:49,959 [INFO] ✅ 实体抽取成功: 共 2 个实体
2025-11-27 20:23:49,959 [INFO]    完整结果:
{"人物": [], "概念": ["理念"], "方法": [], "理论": [], "组织": [], "书籍": [], "情绪": [], "行为": ["开车送孩子们上学"]}
2025-11-27 20:23:53,162 [INFO] ✅ 关系抽取成功: 共 0 个关系
2025-11-27 20:23:53,163 [INFO]    完整结果:
{"提出": [], "包含": [], "应用": [], "来源": [], "解释": [], "相关": [], "导致": [], "影响": []}
2025-11-27 20:23:53,163 [INFO] 
📊 进度统计:
2025-11-27 20:23:53,163 [INFO]    已处理批次: 436/693 (62.9%)
2025-11-27 20:23:53,163 [INFO]    已处理段落: 2180/3465
2025-11-27 20:23:53,163 [INFO]    成功: 436, 失败: 0
2025-11-27 20:23:53,163 [INFO]    已用时: 60.1 分钟
2025-11-27 20:23:53,163 [INFO]    预计剩余: 35.4 分钟
2025-11-27 20:23:53,163 [INFO]    预计总时间: 95.6 分钟
2025-11-27 20:23:53,163 [INFO] 
================================================================================
2025-11-27 20:23:53,163 [INFO] 处理第 437/693 批 (段落 2181-2185)
2025-11-27 20:23:53,163 [INFO] ================================================================================
2025-11-27 20:23:53,163 [INFO] 📄 本批段落数: 5
2025-11-27 20:23:53,163 [INFO] 📄 合并文本长度: 160 字符
2025-11-27 20:23:53,163 [INFO] 📄 完整文本:
金钱是我们社会中最主要的一种外在奖励形式。只是为了获得金钱

奖励而做的选择代价高昂，我们会因而失去生活的乐趣。而当我们清楚

地知道自己的行为是为了满足人的需要时，喜悦就会伴随着我们。“金

钱”并不是非暴力沟通所指的“需要”，而是可以用来满足某个需要的无

他人的认可和金钱一样，也是一种外在奖励形式。受社会文化的影
2025-11-27 20:23:53,163 [INFO] --------------------------------------------------------------------------------
2025-11-27 20:23:56,925 [INFO] ✅ 实体抽取成功: 共 2 个实体
2025-11-27 20:23:56,925 [INFO]    完整结果:
{"人物": [], "概念": ["非暴力沟通"], "方法": [], "理论": [], "组织": [], "书籍": [], "情绪": ["喜悦"], "行为": []}
2025-11-27 20:24:01,659 [INFO] ✅ 关系抽取成功: 共 1 个关系
2025-11-27 20:24:01,660 [INFO]    完整结果:
{"提出": [], "包含": [], "应用": [], "来源": [], "解释": [], "相关": [], "导致": [], "影响": [{"subject": "金钱", "object": "失去生活的乐趣"}]}
2025-11-27 20:24:01,660 [INFO] 
📊 进度统计:
2025-11-27 20:24:01,660 [INFO]    已处理批次: 437/693 (63.1%)
2025-11-27 20:24:01,660 [INFO]    已处理段落: 2185/3465
2025-11-27 20:24:01,660 [INFO]    成功: 437, 失败: 0
2025-11-27 20:24:01,660 [INFO]    已用时: 60.3 分钟
2025-11-27 20:24:01,660 [INFO]    预计剩余: 35.3 分钟
2025-11-27 20:24:01,660 [INFO]    预计总时间: 95.6 分钟
2025-11-27 20:24:01,660 [INFO] 
================================================================================
2025-11-27 20:24:01,660 [INFO] 处理第 438/693 批 (段落 2186-2190)
2025-11-27 20:24:01,660 [INFO] ================================================================================
2025-11-27 20:24:01,660 [INFO] 📄 本批段落数: 5
2025-11-27 20:24:01,660 [INFO] 📄 合并文本长度: 161 字符
2025-11-27 20:24:01,660 [INFO] 📄 完整文本:
响，我们如饥似渴般追求奖励。学校会以外在手段来激励我们学习；在

家里，如果我们当一个乖小孩，就会得到奖励，如果不乖，就会受到惩

罚。于是，长大以后，我们很容易误以为做事的目的就是为了获得奖

赏。我们渴望得到他人对我们的微笑、拍拍我们的背，夸我们是“好

人、好父母、好公民、好员工、好朋友”等等，好像上了瘾一般。我们
2025-11-27 20:24:01,660 [INFO] --------------------------------------------------------------------------------
2025-11-27 20:24:13,109 [INFO] ✅ 实体抽取成功: 共 8 个实体
2025-11-27 20:24:13,109 [INFO]    完整结果:
{"人物": [], "概念": [], "方法": [], "理论": [], "组织": [], "书籍": [], "情绪": [], "行为": ["追求奖励", "激励学习", "得到奖励", "受到惩罚", "误以为做事的目的是为了获得奖赏", "渴望得到他人对我们的微笑", "拍拍我们的背", "夸我们是“好人、好父母、好公民、好员工、好朋友”"]}
2025-11-27 20:24:16,293 [INFO] ✅ 关系抽取成功: 共 0 个关系
2025-11-27 20:24:16,293 [INFO]    完整结果:
{"提出": [], "包含": [], "应用": [], "来源": [], "解释": [], "相关": [], "导致": [], "影响": []}
2025-11-27 20:24:16,293 [INFO] 
📊 进度统计:
2025-11-27 20:24:16,293 [INFO]    已处理批次: 438/693 (63.2%)
2025-11-27 20:24:16,293 [INFO]    已处理段落: 2190/3465
2025-11-27 20:24:16,293 [INFO]    成功: 438, 失败: 0
2025-11-27 20:24:16,293 [INFO]    已用时: 60.5 分钟
2025-11-27 20:24:16,293 [INFO]    预计剩余: 35.2 分钟
2025-11-27 20:24:16,294 [INFO]    预计总时间: 95.8 分钟
2025-11-27 20:24:16,294 [INFO] 
================================================================================
2025-11-27 20:24:16,294 [INFO] 处理第 439/693 批 (段落 2191-2195)
2025-11-27 20:24:16,294 [INFO] ================================================================================
2025-11-27 20:24:16,294 [INFO] 📄 本批段落数: 5
2025-11-27 20:24:16,294 [INFO] 📄 合并文本长度: 161 字符
2025-11-27 20:24:16,294 [INFO] 📄 完整文本:
会去做讨他人喜欢的事，而避开做那些让他人不喜欢或可能会使自己受

我们如此努力地讨喜，并认为必须用牺牲自己的方式来做贡献才能

博得他人欢心，真让人感到悲哀啊。事实上，如果我们的行动只是为了

让生命更加美好，人们自然会来欣赏我们。不过，他人的赏识也只是一

项反馈机制，让我们知道自己的努力达到了预期的效果。当我们认识到
2025-11-27 20:24:16,294 [INFO] --------------------------------------------------------------------------------
2025-11-27 20:24:20,350 [INFO] ✅ 实体抽取成功: 共 2 个实体
2025-11-27 20:24:20,350 [INFO]    完整结果:
{"人物": [], "概念": [], "方法": [], "理论": [], "组织": [], "书籍": [], "情绪": [], "行为": ["讨他人喜欢", "让生命更加美好"]}
2025-11-27 20:24:23,468 [INFO] ✅ 关系抽取成功: 共 0 个关系
2025-11-27 20:24:23,468 [INFO]    完整结果:
{"提出": [], "包含": [], "应用": [], "来源": [], "解释": [], "相关": [], "导致": [], "影响": []}
2025-11-27 20:24:23,468 [INFO] 
📊 进度统计:
2025-11-27 20:24:23,468 [INFO]    已处理批次: 439/693 (63.3%)
2025-11-27 20:24:23,468 [INFO]    已处理段落: 2195/3465
2025-11-27 20:24:23,468 [INFO]    成功: 439, 失败: 0
2025-11-27 20:24:23,468 [INFO]    已用时: 60.6 分钟
2025-11-27 20:24:23,468 [INFO]    预计剩余: 35.1 分钟
2025-11-27 20:24:23,468 [INFO]    预计总时间: 95.7 分钟
2025-11-27 20:24:23,468 [INFO] 
================================================================================
2025-11-27 20:24:23,468 [INFO] 处理第 440/693 批 (段落 2196-2200)
2025-11-27 20:24:23,468 [INFO] ================================================================================
2025-11-27 20:24:23,468 [INFO] 📄 本批段落数: 5
2025-11-27 20:24:23,468 [INFO] 📄 合并文本长度: 161 字符
2025-11-27 20:24:23,468 [INFO] 📄 完整文本:
靠自身的力量让生命更加美好，由此而产生的喜悦是他人的肯定永远无

有些人之所以缴纳个人所得税，主要是为了免受惩罚。这使他们对

每年度例行的纳税心怀抵触情绪。但我却记得小时候父亲和祖父对于纳

税则有着全然不同的态度。他们从俄罗斯移民到美国，经历了沙皇的统

治后，真心渴望能支持一个在他们心中有能力保护人民的政府。想到许
2025-11-27 20:24:23,468 [INFO] --------------------------------------------------------------------------------
2025-11-27 20:24:27,154 [INFO] ✅ 实体抽取成功: 共 2 个实体
2025-11-27 20:24:27,154 [INFO]    完整结果:
{"人物": [], "概念": [], "方法": [], "理论": [], "组织": [], "书籍": [], "情绪": ["喜悦"], "行为": ["缴纳个人所得税"]}
2025-11-27 20:24:30,310 [INFO] ✅ 关系抽取成功: 共 0 个关系
2025-11-27 20:24:30,310 [INFO]    完整结果:
{"提出": [], "包含": [], "应用": [], "来源": [], "解释": [], "相关": [], "导致": [], "影响": []}
2025-11-27 20:24:30,310 [INFO] 
📊 进度统计:
2025-11-27 20:24:30,310 [INFO]    已处理批次: 440/693 (63.5%)
2025-11-27 20:24:30,310 [INFO]    已处理段落: 2200/3465
2025-11-27 20:24:30,310 [INFO]    成功: 440, 失败: 0
2025-11-27 20:24:30,310 [INFO]    已用时: 60.8 分钟
2025-11-27 20:24:30,310 [INFO]    预计剩余: 34.9 分钟
2025-11-27 20:24:30,310 [INFO]    预计总时间: 95.7 分钟
2025-11-27 20:24:30,310 [INFO] 
================================================================================
2025-11-27 20:24:30,310 [INFO] 处理第 441/693 批 (段落 2201-2205)
2025-11-27 20:24:30,310 [INFO] ================================================================================
2025-11-27 20:24:30,310 [INFO] 📄 本批段落数: 5
2025-11-27 20:24:30,310 [INFO] 📄 合并文本长度: 156 字符
2025-11-27 20:24:30,310 [INFO] 📄 完整文本:
多人会因为他们的税金获得福利，他们会满怀真挚的喜悦将支票寄给政

有时，我们会选择做某些事情，只是为了免于让自己感到羞愧。我

们知道如果不这样做，我们会严厉地抨击自己。然而，如果我们仅仅因

为不想让自己感到羞愧而做某件事，通常会以厌恶此事而告终。

还有些时候，我们也许会认为“如果我不做这件事，别人会对我失
2025-11-27 20:24:30,310 [INFO] --------------------------------------------------------------------------------
2025-11-27 20:24:35,022 [INFO] ✅ 实体抽取成功: 共 4 个实体
2025-11-27 20:24:35,022 [INFO]    完整结果:
{"人物": [], "概念": [], "方法": [], "理论": [], "组织": [], "书籍": [], "情绪": ["喜悦", "羞愧", "厌恶"], "行为": ["寄给政"]}
2025-11-27 20:24:38,189 [INFO] ✅ 关系抽取成功: 共 0 个关系
2025-11-27 20:24:38,190 [INFO]    完整结果:
{"提出": [], "包含": [], "应用": [], "来源": [], "解释": [], "相关": [], "导致": [], "影响": []}
2025-11-27 20:24:38,190 [INFO] 
📊 进度统计:
2025-11-27 20:24:38,190 [INFO]    已处理批次: 441/693 (63.6%)
2025-11-27 20:24:38,190 [INFO]    已处理段落: 2205/3465
2025-11-27 20:24:38,190 [INFO]    成功: 441, 失败: 0
2025-11-27 20:24:38,190 [INFO]    已用时: 60.9 分钟
2025-11-27 20:24:38,190 [INFO]    预计剩余: 34.8 分钟
2025-11-27 20:24:38,190 [INFO]    预计总时间: 95.7 分钟
2025-11-27 20:24:38,190 [INFO] 
================================================================================
2025-11-27 20:24:38,190 [INFO] 处理第 442/693 批 (段落 2206-2210)
2025-11-27 20:24:38,190 [INFO] ================================================================================
2025-11-27 20:24:38,190 [INFO] 📄 本批段落数: 5
2025-11-27 20:24:38,190 [INFO] 📄 合并文本长度: 167 字符
2025-11-27 20:24:38,190 [INFO] 📄 完整文本:
望”，这时我们往往会产生内疚感。同样做一件事情，不同的目的会给

我们带来截然不同的感受。如果仅仅是为了避免内疚，整个人会感到苦

不堪言；然而，如果是为了对他人的幸福做出贡献，整件事情也会充满

当我们以“应该”“不得不”“应当”“必须”“不能”“理应”这些暗示着别

无他选的语言来描述我们所采取的行动时，则意味着驱动我们的是某种
2025-11-27 20:24:38,190 [INFO] --------------------------------------------------------------------------------
2025-11-27 20:24:41,775 [INFO] ✅ 实体抽取成功: 共 1 个实体
2025-11-27 20:24:41,775 [INFO]    完整结果:
{"人物": [], "概念": [], "方法": [], "理论": [], "组织": [], "书籍": [], "情绪": ["内疚"], "行为": []}
2025-11-27 20:24:46,857 [INFO] ✅ 关系抽取成功: 共 1 个关系
2025-11-27 20:24:46,857 [INFO]    完整结果:
{"提出": [], "包含": [], "应用": [], "来源": [], "解释": [], "相关": [], "导致": [{"subject": "内疚", "object": "苦"}], "影响": []}
2025-11-27 20:24:46,858 [INFO] 
📊 进度统计:
2025-11-27 20:24:46,858 [INFO]    已处理批次: 442/693 (63.8%)
2025-11-27 20:24:46,858 [INFO]    已处理段落: 2210/3465
2025-11-27 20:24:46,858 [INFO]    成功: 442, 失败: 0
2025-11-27 20:24:46,858 [INFO]    已用时: 61.0 分钟
2025-11-27 20:24:46,858 [INFO]    预计剩余: 34.7 分钟
2025-11-27 20:24:46,858 [INFO]    预计总时间: 95.7 分钟
2025-11-27 20:24:46,858 [INFO] 
================================================================================
2025-11-27 20:24:46,858 [INFO] 处理第 443/693 批 (段落 2211-2215)
2025-11-27 20:24:46,858 [INFO] ================================================================================
2025-11-27 20:24:46,858 [INFO] 📄 本批段落数: 5
2025-11-27 20:24:46,858 [INFO] 📄 合并文本长度: 162 字符
2025-11-27 20:24:46,858 [INFO] 📄 完整文本:
无可奈何的职责或义务感，而没有与我们的需要连结。在我看来，若我

们的行动与生命的需要切断了连结，这对社会来说极其危险，对个人来

在第二章，我们看到了在“军官语言”的思维影响下，阿道夫·艾希

曼和他的部下使数以万计的人丧命，却毫不为之所动，也不认为个人对

此负有责任。当我们的语言否认了个人选择，我们就与自己失去了连结
2025-11-27 20:24:46,858 [INFO] --------------------------------------------------------------------------------
2025-11-27 20:24:53,273 [INFO] ✅ 实体抽取成功: 共 2 个实体
2025-11-27 20:24:53,273 [INFO]    完整结果:
{"人物": ["阿道夫·艾希\n\n曼"], "概念": [], "方法": [], "理论": [], "组织": [], "书籍": [], "情绪": [], "行为": ["使数以万计的人丧命"]}
2025-11-27 20:25:00,666 [INFO] ✅ 关系抽取成功: 共 1 个关系
2025-11-27 20:25:00,666 [INFO]    完整结果:
{"提出": [], "包含": [], "应用": [], "来源": [], "解释": [], "相关": [], "导致": [], "影响": [{"subject": "军官语言", "object": "阿道夫·艾希\n\n曼和他的部下"}]}
2025-11-27 20:25:00,666 [INFO] 
📊 进度统计:
2025-11-27 20:25:00,666 [INFO]    已处理批次: 443/693 (63.9%)
2025-11-27 20:25:00,666 [INFO]    已处理段落: 2215/3465
2025-11-27 20:25:00,666 [INFO]    成功: 443, 失败: 0
2025-11-27 20:25:00,666 [INFO]    已用时: 61.3 分钟
2025-11-27 20:25:00,666 [INFO]    预计剩余: 34.6 分钟
2025-11-27 20:25:00,666 [INFO]    预计总时间: 95.8 分钟
2025-11-27 20:25:00,666 [INFO] 
================================================================================
2025-11-27 20:25:00,666 [INFO] 处理第 444/693 批 (段落 2216-2220)
2025-11-27 20:25:00,666 [INFO] ================================================================================
2025-11-27 20:25:00,666 [INFO] 📄 本批段落数: 5
2025-11-27 20:25:00,666 [INFO] 📄 合并文本长度: 150 字符
2025-11-27 20:25:00,666 [INFO] 📄 完整文本:
而沦为机器，我们的内在便丧失了生命的价值。

在仔细审视清单上所列出的各项事情后，你也许会决定从此不再继

续做某些事，就像我决定不再写临床报告那样。即使这听起来有些激

进，然而只做有乐趣的事情还是有可能的。我相信，我们能时时刻刻地

感受到滋养生命所带来的乐趣，并选择只为滋养生命而行动，我们就是
2025-11-27 20:25:00,666 [INFO] --------------------------------------------------------------------------------
2025-11-27 20:25:04,203 [INFO] ✅ 实体抽取成功: 共 1 个实体
2025-11-27 20:25:04,203 [INFO]    完整结果:
{"人物": [], "概念": [], "方法": [], "理论": [], "组织": [], "书籍": [], "情绪": [], "行为": ["写临床报告"]}
2025-11-27 20:25:07,370 [INFO] ✅ 关系抽取成功: 共 0 个关系
2025-11-27 20:25:07,371 [INFO]    完整结果:
{"提出": [], "包含": [], "应用": [], "来源": [], "解释": [], "相关": [], "导致": [], "影响": []}
2025-11-27 20:25:07,371 [INFO] 
📊 进度统计:
2025-11-27 20:25:07,371 [INFO]    已处理批次: 444/693 (64.1%)
2025-11-27 20:25:07,371 [INFO]    已处理段落: 2220/3465
2025-11-27 20:25:07,371 [INFO]    成功: 444, 失败: 0
2025-11-27 20:25:07,371 [INFO]    已用时: 61.4 分钟
2025-11-27 20:25:07,371 [INFO]    预计剩余: 34.4 分钟
2025-11-27 20:25:07,371 [INFO]    预计总时间: 95.8 分钟
2025-11-27 20:25:07,371 [INFO] 
================================================================================
2025-11-27 20:25:07,371 [INFO] 处理第 445/693 批 (段落 2221-2225)
2025-11-27 20:25:07,371 [INFO] ================================================================================
2025-11-27 20:25:07,371 [INFO] 📄 本批段落数: 5
2025-11-27 20:25:07,371 [INFO] 📄 合并文本长度: 160 字符
2025-11-27 20:25:07,371 [INFO] 📄 完整文本:
非暴力沟通最关键的应用或许就是让我们学会善待自己。当犯了错

误，我们可以运用非暴力沟通的“哀悼”与“自我宽恕”来看清个人可以成

长的方向，而不会陷入对自己的道德评判。评价自己的行为时，若着眼

于“有哪些未被满足的需要”，我们的改变就能不受羞愧、内疚、愤怒或

压抑所驱动，而是由衷地想要对自己和他人的幸福做出贡献。
2025-11-27 20:25:07,371 [INFO] --------------------------------------------------------------------------------
2025-11-27 20:25:13,971 [INFO] ✅ 实体抽取成功: 共 7 个实体
2025-11-27 20:25:13,971 [INFO]    完整结果:
{"人物": [], "概念": ["非暴力沟通", "哀悼", "自我宽恕", "需要"], "方法": [], "理论": [], "组织": [], "书籍": [], "情绪": ["羞愧", "内疚", "愤怒"], "行为": []}
2025-11-27 20:25:19,624 [INFO] ✅ 关系抽取成功: 共 1 个关系
2025-11-27 20:25:19,625 [INFO]    完整结果:
{"提出": [], "包含": [], "应用": [{"subject": "非暴力沟通", "object": "让我们学会善待自己"}], "来源": [], "解释": [], "相关": [], "导致": [], "影响": []}
2025-11-27 20:25:19,625 [INFO] 
📊 进度统计:
2025-11-27 20:25:19,625 [INFO]    已处理批次: 445/693 (64.2%)
2025-11-27 20:25:19,625 [INFO]    已处理段落: 2225/3465
2025-11-27 20:25:19,625 [INFO]    成功: 445, 失败: 0
2025-11-27 20:25:19,625 [INFO]    已用时: 61.6 分钟
2025-11-27 20:25:19,625 [INFO]    预计剩余: 34.3 分钟
2025-11-27 20:25:19,625 [INFO]    预计总时间: 95.9 分钟
2025-11-27 20:25:19,625 [INFO] 
================================================================================
2025-11-27 20:25:19,625 [INFO] 处理第 446/693 批 (段落 2226-2230)
2025-11-27 20:25:19,625 [INFO] ================================================================================
2025-11-27 20:25:19,625 [INFO] 📄 本批段落数: 5
2025-11-27 20:25:19,625 [INFO] 📄 合并文本长度: 162 字符
2025-11-27 20:25:19,625 [INFO] 📄 完整文本:
同时，在日常生活中，有觉知地根据需要和价值观来选择行动，而

不是为了履行职责、获得外在的奖励，或是逃避内疚、羞愧和惩罚，我

们便是在培养对自己的爱。当我们重新检视那些无法带着乐趣来做的事

情，并将“我不得不做”的想法化为“我选择这么做”，我们将会在生活中

探索“愤怒”是我们深入学习非暴力沟通的独特机会。这个过程聚焦
2025-11-27 20:25:19,625 [INFO] --------------------------------------------------------------------------------
2025-11-27 20:25:25,235 [INFO] ✅ 实体抽取成功: 共 6 个实体
2025-11-27 20:25:25,236 [INFO]    完整结果:
{"人物": [], "概念": ["觉知", "价值观", "惩罚", "非暴力沟通"], "方法": [], "理论": [], "组织": [], "书籍": [], "情绪": ["羞愧", "愤怒"], "行为": []}
2025-11-27 20:25:30,183 [INFO] ✅ 关系抽取成功: 共 1 个关系
2025-11-27 20:25:30,183 [INFO]    完整结果:
{"提出": [], "包含": [], "应用": [{"subject": "非暴力沟通", "object": "愤怒"}], "来源": [], "解释": [], "相关": [], "导致": [], "影响": []}
2025-11-27 20:25:30,183 [INFO] 
📊 进度统计:
2025-11-27 20:25:30,183 [INFO]    已处理批次: 446/693 (64.4%)
2025-11-27 20:25:30,183 [INFO]    已处理段落: 2230/3465
2025-11-27 20:25:30,183 [INFO]    成功: 446, 失败: 0
2025-11-27 20:25:30,183 [INFO]    已用时: 61.8 分钟
2025-11-27 20:25:30,183 [INFO]    预计剩余: 34.2 分钟
2025-11-27 20:25:30,183 [INFO]    预计总时间: 96.0 分钟
2025-11-27 20:25:30,183 [INFO] 
================================================================================
2025-11-27 20:25:30,183 [INFO] 处理第 447/693 批 (段落 2231-2235)
2025-11-27 20:25:30,183 [INFO] ================================================================================
2025-11-27 20:25:30,183 [INFO] 📄 本批段落数: 5
2025-11-27 20:25:30,183 [INFO] 📄 合并文本长度: 159 字符
2025-11-27 20:25:30,183 [INFO] 📄 完整文本:
了非暴力沟通的许多方面，让我们清楚地了解非暴力沟通与其他沟通形

在我看来，通过打骂、指责或伤害他人的方式（无论是在身体或情

感上）来宣泄愤怒，只是肤浅地表达心声。如果真的很生气，我们需要

我与许多遭到过压迫与歧视的团体一起工作，听到这样的观点，他

们都会松口气。这些团体都希望提升能力、更有效地推动改变，但却时
2025-11-27 20:25:30,183 [INFO] --------------------------------------------------------------------------------
2025-11-27 20:25:35,204 [INFO] ✅ 实体抽取成功: 共 5 个实体
2025-11-27 20:25:35,205 [INFO]    完整结果:
{"人物": [], "概念": [], "方法": ["非暴力沟通"], "理论": [], "组织": [], "书籍": [], "情绪": ["愤怒"], "行为": ["打骂", "指责", "伤害"]}
2025-11-27 20:25:38,404 [INFO] ✅ 关系抽取成功: 共 0 个关系
2025-11-27 20:25:38,404 [INFO]    完整结果:
{"提出": [], "包含": [], "应用": [], "来源": [], "解释": [], "相关": [], "导致": [], "影响": []}
2025-11-27 20:25:38,404 [INFO] 
📊 进度统计:
2025-11-27 20:25:38,404 [INFO]    已处理批次: 447/693 (64.5%)
2025-11-27 20:25:38,404 [INFO]    已处理段落: 2235/3465
2025-11-27 20:25:38,404 [INFO]    成功: 447, 失败: 0
2025-11-27 20:25:38,404 [INFO]    已用时: 61.9 分钟
2025-11-27 20:25:38,404 [INFO]    预计剩余: 34.1 分钟
2025-11-27 20:25:38,404 [INFO]    预计总时间: 96.0 分钟
2025-11-27 20:25:38,404 [INFO] 
================================================================================
2025-11-27 20:25:38,404 [INFO] 处理第 448/693 批 (段落 2236-2240)
2025-11-27 20:25:38,404 [INFO] ================================================================================
2025-11-27 20:25:38,404 [INFO] 📄 本批段落数: 5
2025-11-27 20:25:38,404 [INFO] 📄 合并文本长度: 162 字符
2025-11-27 20:25:38,404 [INFO] 📄 完整文本:
常遭遇人们的劝说——要他们克制愤怒、保持冷静并接受现状。因而，

在初次听到“非暴力沟通”时，他们会感到不安，担心自己的愤怒被视为

负面情绪，需要被洗涤和净化。幸运的是，非暴力沟通并不鼓励我们忽

视、否定或压抑愤怒，而是通过了解让我们愤怒的核心本质来充分且诚

要充分表达愤怒，第一步是不再将愤怒的责任归咎于他人。带着类
2025-11-27 20:25:38,404 [INFO] --------------------------------------------------------------------------------
2025-11-27 20:25:42,580 [INFO] ✅ 实体抽取成功: 共 3 个实体
2025-11-27 20:25:42,580 [INFO]    完整结果:
{"人物": [], "概念": ["负面情绪"], "方法": ["非暴力沟通"], "理论": [], "组织": [], "书籍": [], "情绪": ["愤怒"], "行为": []}
2025-11-27 20:25:45,761 [INFO] ✅ 关系抽取成功: 共 0 个关系
2025-11-27 20:25:45,762 [INFO]    完整结果:
{"提出": [], "包含": [], "应用": [], "来源": [], "解释": [], "相关": [], "导致": [], "影响": []}
2025-11-27 20:25:45,762 [INFO] 
📊 进度统计:
2025-11-27 20:25:45,762 [INFO]    已处理批次: 448/693 (64.6%)
2025-11-27 20:25:45,762 [INFO]    已处理段落: 2240/3465
2025-11-27 20:25:45,762 [INFO]    成功: 448, 失败: 0
2025-11-27 20:25:45,762 [INFO]    已用时: 62.0 分钟
2025-11-27 20:25:45,762 [INFO]    预计剩余: 33.9 分钟
2025-11-27 20:25:45,762 [INFO]    预计总时间: 95.9 分钟
2025-11-27 20:25:45,762 [INFO] 
================================================================================
2025-11-27 20:25:45,762 [INFO] 处理第 449/693 批 (段落 2241-2245)
2025-11-27 20:25:45,762 [INFO] ================================================================================
2025-11-27 20:25:45,762 [INFO] 📄 本批段落数: 5
2025-11-27 20:25:45,762 [INFO] 📄 合并文本长度: 162 字符
2025-11-27 20:25:45,762 [INFO] 📄 完整文本:
似“我很生气，是因为他人做了什么”的想法，我们便会指责或惩罚他

人，而无法深入地表达让我们愤怒的核心。在前文中，我们已经探讨

了，别人的言行会引发我们的感受，却并非产生感受的根本原因。实际

上，我们之所以生气，绝非因为他人的言行，而是他人的行为刺激了我

我想举个例子来说明“刺激”与“原因”之间的区别。在瑞典的一座监
2025-11-27 20:25:45,762 [INFO] --------------------------------------------------------------------------------
2025-11-27 20:25:49,791 [INFO] ✅ 实体抽取成功: 共 3 个实体
2025-11-27 20:25:49,792 [INFO]    完整结果:
{"人物": [], "概念": [], "方法": [], "理论": [], "组织": [], "书籍": [], "情绪": ["生气"], "行为": ["指责", "惩罚"]}
2025-11-27 20:25:54,638 [INFO] ✅ 关系抽取成功: 共 1 个关系
2025-11-27 20:25:54,639 [INFO]    完整结果:
{"提出": [], "包含": [], "应用": [], "来源": [], "解释": [{"subject": "刺激", "object": "原因"}], "相关": [], "导致": [], "影响": []}
2025-11-27 20:25:54,639 [INFO] 
📊 进度统计:
2025-11-27 20:25:54,639 [INFO]    已处理批次: 449/693 (64.8%)
2025-11-27 20:25:54,639 [INFO]    已处理段落: 2245/3465
2025-11-27 20:25:54,639 [INFO]    成功: 449, 失败: 0
2025-11-27 20:25:54,639 [INFO]    已用时: 62.2 分钟
2025-11-27 20:25:54,639 [INFO]    预计剩余: 33.8 分钟
2025-11-27 20:25:54,639 [INFO]    预计总时间: 95.9 分钟
2025-11-27 20:25:54,639 [INFO] 
================================================================================
2025-11-27 20:25:54,639 [INFO] 处理第 450/693 批 (段落 2246-2250)
2025-11-27 20:25:54,639 [INFO] ================================================================================
2025-11-27 20:25:54,639 [INFO] 📄 本批段落数: 5
2025-11-27 20:25:54,639 [INFO] 📄 合并文本长度: 160 字符
2025-11-27 20:25:54,639 [INFO] 📄 完整文本:
狱，我曾经向那里的囚犯讲解如何不以杀人、打人或强奸的方式来表达

愤怒。在一次练习中，我让学员寻找是什么刺激了他们的愤怒。一名囚

犯写道：“3周前，我向监狱长官提出了一个请求，他们到现在还没有给

我回复。”他清楚地写下了他所观察到的刺激——他人做了什么。

接着，我请他说明愤怒的原因：“当事情发生时，因为什么原因你
2025-11-27 20:25:54,639 [INFO] --------------------------------------------------------------------------------
2025-11-27 20:25:59,354 [INFO] ✅ 实体抽取成功: 共 4 个实体
2025-11-27 20:25:59,354 [INFO]    完整结果:
{"人物": [], "概念": [], "方法": [], "理论": [], "组织": [], "书籍": [], "情绪": ["愤怒"], "行为": ["杀人", "打人", "强奸"]}
2025-11-27 20:26:04,617 [INFO] ✅ 关系抽取成功: 共 1 个关系
2025-11-27 20:26:04,617 [INFO]    完整结果:
{"提出": [], "包含": [], "应用": [], "来源": [], "解释": [{"subject": "愤怒", "object": "他人做了什么"}], "相关": [], "导致": [], "影响": []}
2025-11-27 20:26:04,617 [INFO] 
📊 进度统计:
2025-11-27 20:26:04,617 [INFO]    已处理批次: 450/693 (64.9%)
2025-11-27 20:26:04,617 [INFO]    已处理段落: 2250/3465
2025-11-27 20:26:04,617 [INFO]    成功: 450, 失败: 0
2025-11-27 20:26:04,617 [INFO]    已用时: 62.3 分钟
2025-11-27 20:26:04,617 [INFO]    预计剩余: 33.7 分钟
2025-11-27 20:26:04,617 [INFO]    预计总时间: 96.0 分钟
2025-11-27 20:26:04,618 [INFO] 💾 中间结果已保存: /root/projects/cwy/DeepKE/cwy/src/full_book_results/checkpoint_20251127_192319_batch450.pkl
2025-11-27 20:26:04,618 [INFO] 
================================================================================
2025-11-27 20:26:04,618 [INFO] 处理第 451/693 批 (段落 2251-2255)
2025-11-27 20:26:04,618 [INFO] ================================================================================
2025-11-27 20:26:04,618 [INFO] 📄 本批段落数: 5
2025-11-27 20:26:04,618 [INFO] 📄 合并文本长度: 164 字符
2025-11-27 20:26:04,618 [INFO] 📄 完整文本:
“我刚才已经和你说了，”他提高了嗓门说道，“我生气是因为他们

没有回应我的请求！”由于将“刺激”等同于“原因”，他误以为让自己生

气的是监狱长官的作为。我们很容易有这样的习惯思维，因为我们的文

化常以内疚感作为控制人的手段。对这样的文化来说，重要的是驱使人

们相信，一个人能操纵他人的感受。将刺激与原因混为一谈，成功地让
2025-11-27 20:26:04,618 [INFO] --------------------------------------------------------------------------------
2025-11-27 20:26:10,408 [INFO] ✅ 实体抽取成功: 共 5 个实体
2025-11-27 20:26:10,408 [INFO]    完整结果:
{"人物": [], "概念": ["文\n\n化", "控制人", "感觉", "文化"], "方法": [], "理论": [], "组织": [], "书籍": [], "情绪": ["生气"], "行为": []}
2025-11-27 20:26:13,630 [INFO] ✅ 关系抽取成功: 共 0 个关系
2025-11-27 20:26:13,630 [INFO]    完整结果:
{"提出": [], "包含": [], "应用": [], "来源": [], "解释": [], "相关": [], "导致": [], "影响": []}
2025-11-27 20:26:13,631 [INFO] 
📊 进度统计:
2025-11-27 20:26:13,631 [INFO]    已处理批次: 451/693 (65.1%)
2025-11-27 20:26:13,631 [INFO]    已处理段落: 2255/3465
2025-11-27 20:26:13,631 [INFO]    成功: 451, 失败: 0
2025-11-27 20:26:13,631 [INFO]    已用时: 62.5 分钟
2025-11-27 20:26:13,631 [INFO]    预计剩余: 33.5 分钟
2025-11-27 20:26:13,631 [INFO]    预计总时间: 96.0 分钟
2025-11-27 20:26:13,631 [INFO] 
================================================================================
2025-11-27 20:26:13,631 [INFO] 处理第 452/693 批 (段落 2256-2260)
2025-11-27 20:26:13,631 [INFO] ================================================================================
2025-11-27 20:26:13,631 [INFO] 📄 本批段落数: 5
2025-11-27 20:26:13,631 [INFO] 📄 合并文本长度: 154 字符
2025-11-27 20:26:13,631 [INFO] 📄 完整文本:
正如前文提到的，当孩子听到“你成绩不好让爸爸妈妈伤透了心”，

他们就会认为是自己的行为造成了父母的痛苦。许多伴侣也会相互制造

内疚感，例如说：“我生日你不在，让我好失望。”

语言助长着这种使人内疚的手段。我们会说“你让我生气”“你这样

做伤害了我”“你那样做让我很难过”。这些方式都让我们误认为是他人
2025-11-27 20:26:13,631 [INFO] --------------------------------------------------------------------------------
2025-11-27 20:26:17,887 [INFO] ✅ 实体抽取成功: 共 3 个实体
2025-11-27 20:26:17,888 [INFO]    完整结果:
{"人物": [], "概念": [], "方法": [], "理论": [], "组织": [], "书籍": [], "情绪": ["内疚", "生气", "伤心"], "行为": []}
2025-11-27 20:26:21,093 [INFO] ✅ 关系抽取成功: 共 0 个关系
2025-11-27 20:26:21,093 [INFO]    完整结果:
{"提出": [], "包含": [], "应用": [], "来源": [], "解释": [], "相关": [], "导致": [], "影响": []}
2025-11-27 20:26:21,094 [INFO] 
📊 进度统计:
2025-11-27 20:26:21,094 [INFO]    已处理批次: 452/693 (65.2%)
2025-11-27 20:26:21,094 [INFO]    已处理段落: 2260/3465
2025-11-27 20:26:21,094 [INFO]    成功: 452, 失败: 0
2025-11-27 20:26:21,094 [INFO]    已用时: 62.6 分钟
2025-11-27 20:26:21,094 [INFO]    预计剩余: 33.4 分钟
2025-11-27 20:26:21,094 [INFO]    预计总时间: 96.0 分钟
2025-11-27 20:26:21,094 [INFO] 
================================================================================
2025-11-27 20:26:21,094 [INFO] 处理第 453/693 批 (段落 2261-2265)
2025-11-27 20:26:21,094 [INFO] ================================================================================
2025-11-27 20:26:21,094 [INFO] 📄 本批段落数: 5
2025-11-27 20:26:21,094 [INFO] 📄 合并文本长度: 158 字符
2025-11-27 20:26:21,094 [INFO] 📄 完整文本:
的言行导致了我们的感受。而要学习如何充分表达愤怒，第一步就是要

认清：不论他人做了什么，都绝非自身感受的原因。

那么，到底是什么让我们生气呢？我们在第五章中曾经讨论过，当

面对不喜欢的言语或行为时，我们有四种回应的选择：1.指责自己；2.

指责他人；3.同理自己；4.同理他人。当我们选择第2种方式时，愤怒便
2025-11-27 20:26:21,094 [INFO] --------------------------------------------------------------------------------
2025-11-27 20:26:24,476 [INFO] ✅ 实体抽取成功: 共 1 个实体
2025-11-27 20:26:24,476 [INFO]    完整结果:
{"人物": [], "概念": [], "方法": [], "理论": [], "组织": [], "书籍": [], "情绪": ["愤怒"], "行为": []}
2025-11-27 20:26:29,231 [INFO] ✅ 关系抽取成功: 共 1 个关系
2025-11-27 20:26:29,231 [INFO]    完整结果:
{"提出": [], "包含": [], "应用": [], "来源": [], "解释": [{"subject": "言行", "object": "感受"}], "相关": [], "导致": [], "影响": []}
2025-11-27 20:26:29,231 [INFO] 
📊 进度统计:
2025-11-27 20:26:29,231 [INFO]    已处理批次: 453/693 (65.4%)
2025-11-27 20:26:29,231 [INFO]    已处理段落: 2265/3465
2025-11-27 20:26:29,231 [INFO]    成功: 453, 失败: 0
2025-11-27 20:26:29,231 [INFO]    已用时: 62.7 分钟
2025-11-27 20:26:29,231 [INFO]    预计剩余: 33.2 分钟
2025-11-27 20:26:29,231 [INFO]    预计总时间: 96.0 分钟
2025-11-27 20:26:29,231 [INFO] 
================================================================================
2025-11-27 20:26:29,231 [INFO] 处理第 454/693 批 (段落 2266-2270)
2025-11-27 20:26:29,231 [INFO] ================================================================================
2025-11-27 20:26:29,231 [INFO] 📄 本批段落数: 5
2025-11-27 20:26:29,231 [INFO] 📄 合并文本长度: 151 字符
2025-11-27 20:26:29,231 [INFO] 📄 完整文本:
产生了。每当我们在生气时将错误归咎于他人，我们就在选择扮演上帝

的角色，去评断或指责他人犯了过错或要受到惩罚。我认为，这才是我

们生气的原因，只是我们起初对此是无意识的。

当选择第3种反应时，我们觉察自己的感受与需要。这并非用脑袋

去分析别人的是非对错，而是与我们的内在生命连结。我们越是能聚焦
2025-11-27 20:26:29,231 [INFO] --------------------------------------------------------------------------------
2025-11-27 20:26:32,587 [INFO] ✅ 实体抽取成功: 共 1 个实体
2025-11-27 20:26:32,587 [INFO]    完整结果:
{"人物": [], "概念": [], "方法": [], "理论": [], "组织": [], "书籍": [], "情绪": ["生气"], "行为": []}
2025-11-27 20:26:35,740 [INFO] ✅ 关系抽取成功: 共 0 个关系
2025-11-27 20:26:35,740 [INFO]    完整结果:
{"提出": [], "包含": [], "应用": [], "来源": [], "解释": [], "相关": [], "导致": [], "影响": []}
2025-11-27 20:26:35,740 [INFO] 
📊 进度统计:
2025-11-27 20:26:35,740 [INFO]    已处理批次: 454/693 (65.5%)
2025-11-27 20:26:35,741 [INFO]    已处理段落: 2270/3465
2025-11-27 20:26:35,741 [INFO]    成功: 454, 失败: 0
2025-11-27 20:26:35,741 [INFO]    已用时: 62.8 分钟
2025-11-27 20:26:35,741 [INFO]    预计剩余: 33.1 分钟
2025-11-27 20:26:35,741 [INFO]    预计总时间: 95.9 分钟
2025-11-27 20:26:35,741 [INFO] 
================================================================================
2025-11-27 20:26:35,741 [INFO] 处理第 455/693 批 (段落 2271-2275)
2025-11-27 20:26:35,741 [INFO] ================================================================================
2025-11-27 20:26:35,741 [INFO] 📄 本批段落数: 5
2025-11-27 20:26:35,741 [INFO] 📄 合并文本长度: 155 字符
2025-11-27 20:26:35,741 [INFO] 📄 完整文本:
于每个当下的需要，就越是能触及和体会这股生命能量。

例如，我们约了个人，时间到了，对方却没来。若我们的需要是确

认对方是否在意自己，可能就会感到伤心。如果我们看重有意义和有效

地使用时间，也许就会感到恼火。但如果此刻我们正好希望有一些安静

独处的时间，可能反而会庆幸对方来晚了。可见，产生感受的原因在于
2025-11-27 20:26:35,741 [INFO] --------------------------------------------------------------------------------
2025-11-27 20:26:39,463 [INFO] ✅ 实体抽取成功: 共 2 个实体
2025-11-27 20:26:39,463 [INFO]    完整结果:
{"人物": [], "概念": [], "方法": [], "理论": [], "组织": [], "书籍": [], "情绪": ["伤心", "恼火"], "行为": []}
2025-11-27 20:26:42,602 [INFO] ✅ 关系抽取成功: 共 0 个关系
2025-11-27 20:26:42,602 [INFO]    完整结果:
{"提出": [], "包含": [], "应用": [], "来源": [], "解释": [], "相关": [], "导致": [], "影响": []}
2025-11-27 20:26:42,602 [INFO] 
📊 进度统计:
2025-11-27 20:26:42,602 [INFO]    已处理批次: 455/693 (65.7%)
2025-11-27 20:26:42,602 [INFO]    已处理段落: 2275/3465
2025-11-27 20:26:42,602 [INFO]    成功: 455, 失败: 0
2025-11-27 20:26:42,602 [INFO]    已用时: 63.0 分钟
2025-11-27 20:26:42,602 [INFO]    预计剩余: 32.9 分钟
2025-11-27 20:26:42,602 [INFO]    预计总时间: 95.9 分钟
2025-11-27 20:26:42,602 [INFO] 
================================================================================
2025-11-27 20:26:42,602 [INFO] 处理第 456/693 批 (段落 2276-2280)
2025-11-27 20:26:42,602 [INFO] ================================================================================
2025-11-27 20:26:42,602 [INFO] 📄 本批段落数: 5
2025-11-27 20:26:42,602 [INFO] 📄 合并文本长度: 154 字符
2025-11-27 20:26:42,602 [INFO] 📄 完整文本:
我们自身的需要，而非他人的言行。一旦意识到自己的需要——不论是

确定、意义或独处，我们就能触碰到自己的生命能量。此时，我们可能

会有强烈的感受，但绝不会生气。而导致我们愤怒的是那些指责的想

法，它们切断了我们和需要的连结。愤怒提醒我们正在用头脑分析和评

断他人，而没有关注自己有哪些需要没有得到满足。
2025-11-27 20:26:42,602 [INFO] --------------------------------------------------------------------------------
2025-11-27 20:26:46,221 [INFO] ✅ 实体抽取成功: 共 2 个实体
2025-11-27 20:26:46,221 [INFO]    完整结果:
{"人物": [], "概念": [], "方法": [], "理论": [], "组织": [], "书籍": [], "情绪": ["生气", "愤怒"], "行为": []}
2025-11-27 20:26:51,464 [INFO] ✅ 关系抽取成功: 共 1 个关系
2025-11-27 20:26:51,464 [INFO]    完整结果:
{"提出": [], "包含": [], "应用": [], "来源": [], "解释": [{"subject": "愤怒", "object": "用头脑分析和评断他人"}], "相关": [], "导致": [], "影响": []}
2025-11-27 20:26:51,465 [INFO] 
📊 进度统计:
2025-11-27 20:26:51,465 [INFO]    已处理批次: 456/693 (65.8%)
2025-11-27 20:26:51,465 [INFO]    已处理段落: 2280/3465
2025-11-27 20:26:51,465 [INFO]    成功: 456, 失败: 0
2025-11-27 20:26:51,465 [INFO]    已用时: 63.1 分钟
2025-11-27 20:26:51,465 [INFO]    预计剩余: 32.8 分钟
2025-11-27 20:26:51,465 [INFO]    预计总时间: 95.9 分钟
2025-11-27 20:26:51,465 [INFO] 
================================================================================
2025-11-27 20:26:51,465 [INFO] 处理第 457/693 批 (段落 2281-2285)
2025-11-27 20:26:51,465 [INFO] ================================================================================
2025-11-27 20:26:51,465 [INFO] 📄 本批段落数: 5
2025-11-27 20:26:51,465 [INFO] 📄 合并文本长度: 161 字符
2025-11-27 20:26:51,465 [INFO] 📄 完整文本:
除了关注自己的感受和需要，我们还可以选择在任何时刻去觉察和

体会对方的感受和需要，也就是第4种选择。这时，我们也不会感到生

气。这并非在压抑愤怒，而是当我们全然地与他人的感受和需要同在

“但是，”有人问我，“在有些情况下，愤怒不是理所当然的吗？例

如，看到有人随意破坏环境，‘义愤填膺’不正是有良知的表现吗？”我的
2025-11-27 20:26:51,465 [INFO] --------------------------------------------------------------------------------
2025-11-27 20:26:54,936 [INFO] ✅ 实体抽取成功: 共 1 个实体
2025-11-27 20:26:54,936 [INFO]    完整结果:
{"人物": [], "概念": [], "方法": [], "理论": [], "组织": [], "书籍": [], "情绪": ["愤怒"], "行为": []}
2025-11-27 20:26:58,164 [INFO] ✅ 关系抽取成功: 共 0 个关系
2025-11-27 20:26:58,164 [INFO]    完整结果:
{"提出": [], "包含": [], "应用": [], "来源": [], "解释": [], "相关": [], "导致": [], "影响": []}
2025-11-27 20:26:58,164 [INFO] 
📊 进度统计:
2025-11-27 20:26:58,165 [INFO]    已处理批次: 457/693 (65.9%)
2025-11-27 20:26:58,165 [INFO]    已处理段落: 2285/3465
2025-11-27 20:26:58,165 [INFO]    成功: 457, 失败: 0
2025-11-27 20:26:58,165 [INFO]    已用时: 63.2 分钟
2025-11-27 20:26:58,165 [INFO]    预计剩余: 32.6 分钟
2025-11-27 20:26:58,165 [INFO]    预计总时间: 95.9 分钟
2025-11-27 20:26:58,165 [INFO] 
================================================================================
2025-11-27 20:26:58,165 [INFO] 处理第 458/693 批 (段落 2286-2290)
2025-11-27 20:26:58,165 [INFO] ================================================================================
2025-11-27 20:26:58,165 [INFO] 📄 本批段落数: 5
2025-11-27 20:26:58,165 [INFO] 📄 合并文本长度: 164 字符
2025-11-27 20:26:58,165 [INFO] 📄 完整文本:
回答是：我坚信，不论在什么情况下，只要我有意识地将有的行为看

作“不负责的”或“有良知的”，将有的人看作“贪婪的”或“道德的”，便是

在助长这个地球上的暴力。如果我们想让生命更美好，与其去论断那些

杀害、强暴他人或污染环境者们是什么样的人，不如将注意力放在我们

在我看来，愤怒是疏离生命、引发暴力的思维方式造成的。所有的
2025-11-27 20:26:58,165 [INFO] --------------------------------------------------------------------------------
2025-11-27 20:27:03,052 [INFO] ✅ 实体抽取成功: 共 4 个实体
2025-11-27 20:27:03,052 [INFO]    完整结果:
{"人物": [], "概念": [], "方法": [], "理论": [], "组织": [], "书籍": [], "情绪": ["愤怒"], "行为": ["杀害", "强暴", "污染环境"]}
2025-11-27 20:27:09,029 [INFO] ✅ 关系抽取成功: 共 1 个关系
2025-11-27 20:27:09,029 [INFO]    完整结果:
{"提出": [], "包含": [], "应用": [], "来源": [], "解释": [{"subject": "愤怒", "object": "疏离生命、引发暴力的思维方式"}], "相关": [], "导致": [], "影响": []}
2025-11-27 20:27:09,029 [INFO] 
📊 进度统计:
2025-11-27 20:27:09,029 [INFO]    已处理批次: 458/693 (66.1%)
2025-11-27 20:27:09,029 [INFO]    已处理段落: 2290/3465
2025-11-27 20:27:09,029 [INFO]    成功: 458, 失败: 0
2025-11-27 20:27:09,029 [INFO]    已用时: 63.4 分钟
2025-11-27 20:27:09,029 [INFO]    预计剩余: 32.5 分钟
2025-11-27 20:27:09,029 [INFO]    预计总时间: 95.9 分钟
2025-11-27 20:27:09,030 [INFO] 
================================================================================
2025-11-27 20:27:09,030 [INFO] 处理第 459/693 批 (段落 2291-2295)
2025-11-27 20:27:09,030 [INFO] ================================================================================
2025-11-27 20:27:09,030 [INFO] 📄 本批段落数: 5
2025-11-27 20:27:09,030 [INFO] 📄 合并文本长度: 162 字符
2025-11-27 20:27:09,030 [INFO] 📄 完整文本:
怒气背后，都有一个没有被满足的需要。如果我们能善用愤怒，视之为

唤醒自己的报警器，意识到自己有一个需要没有得到满足，而导致我们

生气的思维方式并无法使我们的需要得到满足，那愤怒就是有价值的。

为了充分表达愤怒，我们要明了自己的需要，并且花费力气来满足需

要。愤怒往往驱使着我们把能量用于惩罚他人，而非满足需要。因此，
2025-11-27 20:27:09,030 [INFO] --------------------------------------------------------------------------------
2025-11-27 20:27:12,743 [INFO] ✅ 实体抽取成功: 共 2 个实体
2025-11-27 20:27:12,743 [INFO]    完整结果:
{"人物": [], "概念": [], "方法": [], "理论": [], "组织": [], "书籍": [], "情绪": ["怒气", "愤怒"], "行为": []}
2025-11-27 20:27:17,685 [INFO] ✅ 关系抽取成功: 共 1 个关系
2025-11-27 20:27:17,685 [INFO]    完整结果:
{"提出": [], "包含": [], "应用": [], "来源": [], "解释": [{"subject": "愤怒", "object": "唤醒自己的报警器"}], "相关": [], "导致": [], "影响": []}
2025-11-27 20:27:17,685 [INFO] 
📊 进度统计:
2025-11-27 20:27:17,685 [INFO]    已处理批次: 459/693 (66.2%)
2025-11-27 20:27:17,685 [INFO]    已处理段落: 2295/3465
2025-11-27 20:27:17,685 [INFO]    成功: 459, 失败: 0
2025-11-27 20:27:17,685 [INFO]    已用时: 63.5 分钟
2025-11-27 20:27:17,685 [INFO]    预计剩余: 32.4 分钟
2025-11-27 20:27:17,685 [INFO]    预计总时间: 95.9 分钟
2025-11-27 20:27:17,685 [INFO] 
================================================================================
2025-11-27 20:27:17,685 [INFO] 处理第 460/693 批 (段落 2296-2300)
2025-11-27 20:27:17,685 [INFO] ================================================================================
2025-11-27 20:27:17,685 [INFO] 📄 本批段落数: 5
2025-11-27 20:27:17,685 [INFO] 📄 合并文本长度: 160 字符
2025-11-27 20:27:17,686 [INFO] 📄 完整文本:
我建议，与其沉浸在“义愤填膺”中，不如带着同理心与自己和他人的需

要连结。这也许需要一些时间，但通过反复的练习，我们的思维将会有

意识地以“我生气，因为我需要……”来取代“我生气，是因为他

我在威斯康辛州一所儿童矫正学校辅导孩童时，收获了一个宝贵的

教训。接连两天，我的鼻子都被学生打到。第一天，为阻止两个学生打
2025-11-27 20:27:17,686 [INFO] --------------------------------------------------------------------------------
2025-11-27 20:27:21,548 [INFO] ✅ 实体抽取成功: 共 1 个实体
2025-11-27 20:27:21,548 [INFO]    完整结果:
{"人物": [], "概念": [], "方法": [], "理论": [], "组织": [], "书籍": [], "情绪": ["义愤填膺"], "行为": []}
2025-11-27 20:27:24,752 [INFO] ✅ 关系抽取成功: 共 0 个关系
2025-11-27 20:27:24,753 [INFO]    完整结果:
{"提出": [], "包含": [], "应用": [], "来源": [], "解释": [], "相关": [], "导致": [], "影响": []}
2025-11-27 20:27:24,753 [INFO] 
📊 进度统计:
2025-11-27 20:27:24,753 [INFO]    已处理批次: 460/693 (66.4%)
2025-11-27 20:27:24,753 [INFO]    已处理段落: 2300/3465
2025-11-27 20:27:24,753 [INFO]    成功: 460, 失败: 0
2025-11-27 20:27:24,753 [INFO]    已用时: 63.7 分钟
2025-11-27 20:27:24,753 [INFO]    预计剩余: 32.2 分钟
2025-11-27 20:27:24,753 [INFO]    预计总时间: 95.9 分钟
2025-11-27 20:27:24,753 [INFO] 
================================================================================
2025-11-27 20:27:24,753 [INFO] 处理第 461/693 批 (段落 2301-2305)
2025-11-27 20:27:24,753 [INFO] ================================================================================
2025-11-27 20:27:24,753 [INFO] 📄 本批段落数: 5
2025-11-27 20:27:24,753 [INFO] 📄 合并文本长度: 161 字符
2025-11-27 20:27:24,753 [INFO] 📄 完整文本:
架，我的鼻子被其中一个孩子的肘部击中。我生气极了，竭尽全力让自

己不还击。在我长大的底特律街头，要挑起我的愤怒，可用不着这一

肘！第二天，类似的事情又发生了，我的鼻子因为再次被击中痛得更厉

当我回想起那两天的经历，我发现，我一开始就把第一个孩子看作

是“被宠坏的小鬼”。他的手肘还没碰到我的鼻子之前，这个标签就已经
2025-11-27 20:27:24,753 [INFO] --------------------------------------------------------------------------------
2025-11-27 20:27:28,209 [INFO] ✅ 实体抽取成功: 共 1 个实体
2025-11-27 20:27:28,210 [INFO]    完整结果:
{"人物": [], "概念": [], "方法": [], "理论": [], "组织": [], "书籍": [], "情绪": ["生气"], "行为": []}
2025-11-27 20:27:31,420 [INFO] ✅ 关系抽取成功: 共 0 个关系
2025-11-27 20:27:31,420 [INFO]    完整结果:
{"提出": [], "包含": [], "应用": [], "来源": [], "解释": [], "相关": [], "导致": [], "影响": []}
2025-11-27 20:27:31,420 [INFO] 
📊 进度统计:
2025-11-27 20:27:31,420 [INFO]    已处理批次: 461/693 (66.5%)
2025-11-27 20:27:31,420 [INFO]    已处理段落: 2305/3465
2025-11-27 20:27:31,420 [INFO]    成功: 461, 失败: 0
2025-11-27 20:27:31,420 [INFO]    已用时: 63.8 分钟
2025-11-27 20:27:31,420 [INFO]    预计剩余: 32.1 分钟
2025-11-27 20:27:31,420 [INFO]    预计总时间: 95.9 分钟
2025-11-27 20:27:31,420 [INFO] 
================================================================================
2025-11-27 20:27:31,420 [INFO] 处理第 462/693 批 (段落 2306-2310)
2025-11-27 20:27:31,421 [INFO] ================================================================================
2025-11-27 20:27:31,421 [INFO] 📄 本批段落数: 5
2025-11-27 20:27:31,421 [INFO] 📄 合并文本长度: 165 字符
2025-11-27 20:27:31,421 [INFO] 📄 完整文本:
烙在了我的脑海中。因此，当一切发生时，对我来说便不仅仅是被他的

手肘打到了鼻子，而是想着：“这讨厌的小鬼太猖狂了！”相较之下，我

对第二个孩子的看法则不同，我认为他是个“可怜的孩子”，更关心这个

孩子。因此，尽管我的鼻子被他打伤，感觉远比前一天更痛，流了更多

血，我却丝毫没有怒气。这段经历对我而言真是一个宝贵的教训，它让
2025-11-27 20:27:31,421 [INFO] --------------------------------------------------------------------------------
2025-11-27 20:27:35,490 [INFO] ✅ 实体抽取成功: 共 2 个实体
2025-11-27 20:27:35,491 [INFO]    完整结果:
{"人物": [], "概念": [], "方法": [], "理论": [], "组织": [], "书籍": [], "情绪": ["怒气"], "行为": ["打"]}
2025-11-27 20:27:38,892 [INFO] ✅ 关系抽取成功: 共 0 个关系
2025-11-27 20:27:38,892 [INFO]    完整结果:
{"提出": [], "包含": [], "应用": [], "来源": [], "解释": [], "相关": [], "导致": [], "影响": []}
2025-11-27 20:27:38,892 [INFO] 
📊 进度统计:
2025-11-27 20:27:38,892 [INFO]    已处理批次: 462/693 (66.7%)
2025-11-27 20:27:38,892 [INFO]    已处理段落: 2310/3465
2025-11-27 20:27:38,892 [INFO]    成功: 462, 失败: 0
2025-11-27 20:27:38,892 [INFO]    已用时: 63.9 分钟
2025-11-27 20:27:38,892 [INFO]    预计剩余: 31.9 分钟
2025-11-27 20:27:38,892 [INFO]    预计总时间: 95.8 分钟
2025-11-27 20:27:38,892 [INFO] 
================================================================================
2025-11-27 20:27:38,892 [INFO] 处理第 463/693 批 (段落 2311-2315)
2025-11-27 20:27:38,892 [INFO] ================================================================================
2025-11-27 20:27:38,892 [INFO] 📄 本批段落数: 5
2025-11-27 20:27:38,892 [INFO] 📄 合并文本长度: 152 字符
2025-11-27 20:27:38,892 [INFO] 📄 完整文本:
我认清，让我愤怒的并非他人的行为，而是我在头脑中对他人及其行为

无论从实践、技巧还是理论角度，感受的“刺激”和“根源”都不相

同。我将继续以和那位瑞典囚犯约翰的对话为例，来加以说明。

约 翰：3个星期前，我向监狱长官提出了一个请求，但他们到现在都

马歇尔：这件事情发生时，使你生气的原因是什么呢？
2025-11-27 20:27:38,892 [INFO] --------------------------------------------------------------------------------
2025-11-27 20:27:43,122 [INFO] ✅ 实体抽取成功: 共 3 个实体
2025-11-27 20:27:43,122 [INFO]    完整结果:
{"人物": ["约翰", "马歇尔"], "概念": [], "方法": [], "理论": [], "组织": [], "书籍": [], "情绪": ["愤怒"], "行为": []}
2025-11-27 20:27:48,150 [INFO] ✅ 关系抽取成功: 共 1 个关系
2025-11-27 20:27:48,151 [INFO]    完整结果:
{"提出": [{"subject": "请求", "object": "监狱长官"}], "包含": [], "应用": [], "来源": [], "解释": [], "相关": [], "导致": [], "影响": []}
2025-11-27 20:27:48,151 [INFO] 
📊 进度统计:
2025-11-27 20:27:48,151 [INFO]    已处理批次: 463/693 (66.8%)
2025-11-27 20:27:48,151 [INFO]    已处理段落: 2315/3465
2025-11-27 20:27:48,151 [INFO]    成功: 463, 失败: 0
2025-11-27 20:27:48,151 [INFO]    已用时: 64.1 分钟
2025-11-27 20:27:48,151 [INFO]    预计剩余: 31.8 分钟
2025-11-27 20:27:48,151 [INFO]    预计总时间: 95.9 分钟
2025-11-27 20:27:48,151 [INFO] 
================================================================================
2025-11-27 20:27:48,151 [INFO] 处理第 464/693 批 (段落 2316-2320)
2025-11-27 20:27:48,151 [INFO] ================================================================================
2025-11-27 20:27:48,151 [INFO] 📄 本批段落数: 5
2025-11-27 20:27:48,151 [INFO] 📄 合并文本长度: 143 字符
2025-11-27 20:27:48,151 [INFO] 📄 完整文本:
约 翰：我刚刚不是告诉你了吗，他们一直都没有回应我的请求！

马歇尔：等一下。在你说“我生气是因为他们……”时，请停下来想一

想，觉察你对自己说了什么话，让你如此生气。

马歇尔：等一下，慢下来，你要聆听的是内心的声音。

约 翰：（默默地沉思了一会儿后）我告诉自己：他们一点都不尊重
2025-11-27 20:27:48,151 [INFO] --------------------------------------------------------------------------------
2025-11-27 20:27:52,377 [INFO] ✅ 实体抽取成功: 共 3 个实体
2025-11-27 20:27:52,378 [INFO]    完整结果:
{"人物": ["约 翰", "马歇尔"], "概念": [], "方法": [], "理论": [], "组织": [], "书籍": [], "情绪": ["生气"], "行为": []}
2025-11-27 20:27:55,506 [INFO] ✅ 关系抽取成功: 共 0 个关系
2025-11-27 20:27:55,506 [INFO]    完整结果:
{"提出": [], "包含": [], "应用": [], "来源": [], "解释": [], "相关": [], "导致": [], "影响": []}
2025-11-27 20:27:55,506 [INFO] 
📊 进度统计:
2025-11-27 20:27:55,506 [INFO]    已处理批次: 464/693 (67.0%)
2025-11-27 20:27:55,506 [INFO]    已处理段落: 2320/3465
2025-11-27 20:27:55,506 [INFO]    成功: 464, 失败: 0
2025-11-27 20:27:55,506 [INFO]    已用时: 64.2 分钟
2025-11-27 20:27:55,506 [INFO]    预计剩余: 31.7 分钟
2025-11-27 20:27:55,506 [INFO]    预计总时间: 95.8 分钟
2025-11-27 20:27:55,506 [INFO] 
================================================================================
2025-11-27 20:27:55,506 [INFO] 处理第 465/693 批 (段落 2321-2325)
2025-11-27 20:27:55,506 [INFO] ================================================================================
2025-11-27 20:27:55,506 [INFO] 📄 本批段落数: 5
2025-11-27 20:27:55,507 [INFO] 📄 合并文本长度: 163 字符
2025-11-27 20:27:55,507 [INFO] 📄 完整文本:
人！他们是一群冷血的官僚，一点人味儿也没有，只在乎自己，对其他

马歇尔：谢谢，这足够了。现在你知道你为什么会生气了吗？是因为你

马歇尔：我不是说这样想有什么不对。请注意，如果我告诉你这样想是

不对的，那我看待你的方式，和你看待狱方是一样的。我不是说评判他

人、称他们为“冷血的官僚”或认为他们“只在乎自己”等等是错的。
2025-11-27 20:27:55,507 [INFO] --------------------------------------------------------------------------------
2025-11-27 20:27:59,645 [INFO] ✅ 实体抽取成功: 共 2 个实体
2025-11-27 20:27:59,645 [INFO]    完整结果:
{"人物": ["马歇尔"], "概念": [], "方法": [], "理论": [], "组织": [], "书籍": [], "情绪": ["生气"], "行为": []}
2025-11-27 20:28:02,988 [INFO] ✅ 关系抽取成功: 共 0 个关系
2025-11-27 20:28:02,988 [INFO]    完整结果:
{"提出": [], "包含": [], "应用": [], "来源": [], "解释": [], "相关": [], "导致": [], "影响": []}
2025-11-27 20:28:02,988 [INFO] 
📊 进度统计:
2025-11-27 20:28:02,988 [INFO]    已处理批次: 465/693 (67.1%)
2025-11-27 20:28:02,988 [INFO]    已处理段落: 2325/3465
2025-11-27 20:28:02,988 [INFO]    成功: 465, 失败: 0
2025-11-27 20:28:02,988 [INFO]    已用时: 64.3 分钟
2025-11-27 20:28:02,988 [INFO]    预计剩余: 31.5 分钟
2025-11-27 20:28:02,988 [INFO]    预计总时间: 95.8 分钟
2025-11-27 20:28:02,988 [INFO] 
================================================================================
2025-11-27 20:28:02,988 [INFO] 处理第 466/693 批 (段落 2326-2330)
2025-11-27 20:28:02,988 [INFO] ================================================================================
2025-11-27 20:28:02,988 [INFO] 📄 本批段落数: 5
2025-11-27 20:28:02,988 [INFO] 📄 合并文本长度: 153 字符
2025-11-27 20:28:02,988 [INFO] 📄 完整文本:
然而，让你生气的正是这些想法。现在，请你把注意力放在自己的需要

约 翰：（沉默了很久后）马歇尔，我希望他们能让我参加我需要的培

训。否则，出狱后，我迟早还是会像现在这样回到这里。

马歇尔：现在你已经把注意力放在你的需要上了，你的心情如何？

马歇尔：现在，假定你是监狱官，而我是犯人。我走到你跟前对你
2025-11-27 20:28:02,988 [INFO] --------------------------------------------------------------------------------
2025-11-27 20:28:07,246 [INFO] ✅ 实体抽取成功: 共 3 个实体
2025-11-27 20:28:07,246 [INFO]    完整结果:
{"人物": ["约翰", "马歇尔"], "概念": [], "方法": [], "理论": [], "组织": [], "书籍": [], "情绪": ["生气"], "行为": []}
2025-11-27 20:28:10,412 [INFO] ✅ 关系抽取成功: 共 0 个关系
2025-11-27 20:28:10,412 [INFO]    完整结果:
{"提出": [], "包含": [], "应用": [], "来源": [], "解释": [], "相关": [], "导致": [], "影响": []}
2025-11-27 20:28:10,412 [INFO] 
📊 进度统计:
2025-11-27 20:28:10,412 [INFO]    已处理批次: 466/693 (67.2%)
2025-11-27 20:28:10,412 [INFO]    已处理段落: 2330/3465
2025-11-27 20:28:10,413 [INFO]    成功: 466, 失败: 0
2025-11-27 20:28:10,413 [INFO]    已用时: 64.4 分钟
2025-11-27 20:28:10,413 [INFO]    预计剩余: 31.4 分钟
2025-11-27 20:28:10,413 [INFO]    预计总时间: 95.8 分钟
2025-11-27 20:28:10,413 [INFO] 
================================================================================
2025-11-27 20:28:10,413 [INFO] 处理第 467/693 批 (段落 2331-2335)
2025-11-27 20:28:10,413 [INFO] ================================================================================
2025-11-27 20:28:10,413 [INFO] 📄 本批段落数: 5
2025-11-27 20:28:10,413 [INFO] 📄 合并文本长度: 156 字符
2025-11-27 20:28:10,413 [INFO] 📄 完整文本:
说：“我真的很需要那个培训。如果不能参加，我很害怕，不知道未来

会发生什么。”这样说的话，是不是我的需要更有可能得到满足呢？如

果我把你看作冷血的官僚，即使没有这样说出来，我的眼睛也会有所流

露。你认为，哪种方式更有可能使我的愿望得到满足呢？

3个小时后，约翰过来和我说：“马歇尔，我真希望，两年前就学到
2025-11-27 20:28:10,413 [INFO] --------------------------------------------------------------------------------
2025-11-27 20:28:14,468 [INFO] ✅ 实体抽取成功: 共 3 个实体
2025-11-27 20:28:14,468 [INFO]    完整结果:
{"人物": ["约翰", "马歇尔"], "概念": [], "方法": [], "理论": [], "组织": [], "书籍": [], "情绪": ["害怕"], "行为": []}
2025-11-27 20:28:17,626 [INFO] ✅ 关系抽取成功: 共 0 个关系
2025-11-27 20:28:17,626 [INFO]    完整结果:
{"提出": [], "包含": [], "应用": [], "来源": [], "解释": [], "相关": [], "导致": [], "影响": []}
2025-11-27 20:28:17,626 [INFO] 
📊 进度统计:
2025-11-27 20:28:17,626 [INFO]    已处理批次: 467/693 (67.4%)
2025-11-27 20:28:17,626 [INFO]    已处理段落: 2335/3465
2025-11-27 20:28:17,626 [INFO]    成功: 467, 失败: 0
2025-11-27 20:28:17,626 [INFO]    已用时: 64.5 分钟
2025-11-27 20:28:17,626 [INFO]    预计剩余: 31.2 分钟
2025-11-27 20:28:17,626 [INFO]    预计总时间: 95.8 分钟
2025-11-27 20:28:17,626 [INFO] 
================================================================================
2025-11-27 20:28:17,626 [INFO] 处理第 468/693 批 (段落 2336-2340)
2025-11-27 20:28:17,626 [INFO] ================================================================================
2025-11-27 20:28:17,626 [INFO] 📄 本批段落数: 5
2025-11-27 20:28:17,626 [INFO] 📄 合并文本长度: 148 字符
2025-11-27 20:28:17,626 [INFO] 📄 完整文本:
你今天上午所教会我的。那样，我就不会杀了我最好的朋友。”

暴力之所以产生，都是因为人们误以为自己的痛苦是由他人造成

的，他人应当受到惩罚，就像这位年轻男子所做的。

一次，我看到小儿子从她姐姐的房间拿了一枚50美分硬币。我问

他：“布莱特，你问过姐姐可以拿她的硬币吗？”他回答：“我不是从她
2025-11-27 20:28:17,626 [INFO] --------------------------------------------------------------------------------
2025-11-27 20:28:21,235 [INFO] ✅ 实体抽取成功: 共 2 个实体
2025-11-27 20:28:21,235 [INFO]    完整结果:
{"人物": ["布莱特"], "概念": [], "方法": [], "理论": [], "组织": [], "书籍": [], "情绪": [], "行为": ["杀了"]}
2025-11-27 20:28:26,724 [INFO] ✅ 关系抽取成功: 共 1 个关系
2025-11-27 20:28:26,724 [INFO]    完整结果:
{"提出": [], "包含": [], "应用": [], "来源": [], "解释": [{"subject": "暴力之所以产生", "object": "人们误以为自己的痛苦是由他人造成"}], "相关": [], "导致": [], "影响": []}
2025-11-27 20:28:26,724 [INFO] 
📊 进度统计:
2025-11-27 20:28:26,724 [INFO]    已处理批次: 468/693 (67.5%)
2025-11-27 20:28:26,724 [INFO]    已处理段落: 2340/3465
2025-11-27 20:28:26,724 [INFO]    成功: 468, 失败: 0
2025-11-27 20:28:26,724 [INFO]    已用时: 64.7 分钟
2025-11-27 20:28:26,724 [INFO]    预计剩余: 31.1 分钟
2025-11-27 20:28:26,724 [INFO]    预计总时间: 95.8 分钟
2025-11-27 20:28:26,724 [INFO] 
================================================================================
2025-11-27 20:28:26,724 [INFO] 处理第 469/693 批 (段落 2341-2345)
2025-11-27 20:28:26,725 [INFO] ================================================================================
2025-11-27 20:28:26,725 [INFO] 📄 本批段落数: 5
2025-11-27 20:28:26,725 [INFO] 📄 合并文本长度: 157 字符
2025-11-27 20:28:26,725 [INFO] 📄 完整文本:
那里拿的。”这时，我便面临之前提到的4种选择。关键在于，我在这个

当下把注意力放在哪里。如果评断他在撒谎，我会有某种反应；如果认

为他不尊重我，所以没有告诉我实话，我则会有另外一种反应。可是，

指责他人往往使我们的愿望更难得到满足。但如果我选择同理他或诚实

表达我的感受和需要，我的需要就更有可能得到满足。
2025-11-27 20:28:26,725 [INFO] --------------------------------------------------------------------------------
2025-11-27 20:28:30,163 [INFO] ✅ 实体抽取成功: 共 1 个实体
2025-11-27 20:28:30,164 [INFO]    完整结果:
{"人物": [], "概念": [], "方法": [], "理论": [], "组织": [], "书籍": [], "情绪": [], "行为": ["指责他人"]}
2025-11-27 20:28:33,322 [INFO] ✅ 关系抽取成功: 共 0 个关系
2025-11-27 20:28:33,322 [INFO]    完整结果:
{"提出": [], "包含": [], "应用": [], "来源": [], "解释": [], "相关": [], "导致": [], "影响": []}
2025-11-27 20:28:33,322 [INFO] 
📊 进度统计:
2025-11-27 20:28:33,322 [INFO]    已处理批次: 469/693 (67.7%)
2025-11-27 20:28:33,322 [INFO]    已处理段落: 2345/3465
2025-11-27 20:28:33,322 [INFO]    成功: 469, 失败: 0
2025-11-27 20:28:33,322 [INFO]    已用时: 64.8 分钟
2025-11-27 20:28:33,322 [INFO]    预计剩余: 31.0 分钟
2025-11-27 20:28:33,322 [INFO]    预计总时间: 95.8 分钟
2025-11-27 20:28:33,322 [INFO] 
================================================================================
2025-11-27 20:28:33,322 [INFO] 处理第 470/693 批 (段落 2346-2350)
2025-11-27 20:28:33,322 [INFO] ================================================================================
2025-11-27 20:28:33,322 [INFO] 📄 本批段落数: 5
2025-11-27 20:28:33,322 [INFO] 📄 合并文本长度: 160 字符
2025-11-27 20:28:33,322 [INFO] 📄 完整文本:
于是我决定同理他。事实证明，这个决定是对的。而发挥作用的并

非在于我说了什么，而是同理的做法。我试着聆听他的感受：他很害

怕；他的需要是保护自己免于惩罚。通过同理他的感受和需要，让我有

机会和他建立情感上的连结。这样，双方的需要都得到了满足。然而，

如果我在心里认定他在撒谎，就算我没有说出来，他也很难感到足够安
2025-11-27 20:28:33,322 [INFO] --------------------------------------------------------------------------------
2025-11-27 20:28:36,686 [INFO] ✅ 实体抽取成功: 共 1 个实体
2025-11-27 20:28:36,687 [INFO]    完整结果:
{"人物": [], "概念": [], "方法": ["同理"], "理论": [], "组织": [], "书籍": [], "情绪": [], "行为": []}
2025-11-27 20:28:39,847 [INFO] ✅ 关系抽取成功: 共 0 个关系
2025-11-27 20:28:39,847 [INFO]    完整结果:
{"提出": [], "包含": [], "应用": [], "来源": [], "解释": [], "相关": [], "导致": [], "影响": []}
2025-11-27 20:28:39,847 [INFO] 
📊 进度统计:
2025-11-27 20:28:39,847 [INFO]    已处理批次: 470/693 (67.8%)
2025-11-27 20:28:39,847 [INFO]    已处理段落: 2350/3465
2025-11-27 20:28:39,847 [INFO]    成功: 470, 失败: 0
2025-11-27 20:28:39,847 [INFO]    已用时: 64.9 分钟
2025-11-27 20:28:39,847 [INFO]    预计剩余: 30.8 分钟
2025-11-27 20:28:39,847 [INFO]    预计总时间: 95.7 分钟
2025-11-27 20:28:39,847 [INFO] 
================================================================================
2025-11-27 20:28:39,847 [INFO] 处理第 471/693 批 (段落 2351-2355)
2025-11-27 20:28:39,847 [INFO] ================================================================================
2025-11-27 20:28:39,847 [INFO] 📄 本批段落数: 5
2025-11-27 20:28:39,847 [INFO] 📄 合并文本长度: 161 字符
2025-11-27 20:28:39,847 [INFO] 📄 完整文本:
全来真实表达自己。我对于他不诚实的预言很可能就会成真——他真的

不得不用说谎来逃避惩罚。试想，人们要是知道自己会因为说真话而受

如果我们满脑子的是非对错、评判和分析，认为别人不好、贪婪、

不负责任、说谎、作弊、污染环境、要钱不要命或做了不对的事……他

人就不太可能对我们的需要有兴趣。例如，为了保护环境，我们和一家
2025-11-27 20:28:39,847 [INFO] --------------------------------------------------------------------------------
2025-11-27 20:28:43,974 [INFO] ✅ 实体抽取成功: 共 2 个实体
2025-11-27 20:28:43,974 [INFO]    完整结果:
{"人物": [], "概念": [], "方法": [], "理论": [], "组织": [], "书籍": [], "情绪": [], "行为": ["说谎", "保护环境"]}
2025-11-27 20:28:47,205 [INFO] ✅ 关系抽取成功: 共 0 个关系
2025-11-27 20:28:47,205 [INFO]    完整结果:
{"提出": [], "包含": [], "应用": [], "来源": [], "解释": [], "相关": [], "导致": [], "影响": []}
2025-11-27 20:28:47,205 [INFO] 
📊 进度统计:
2025-11-27 20:28:47,205 [INFO]    已处理批次: 471/693 (68.0%)
2025-11-27 20:28:47,205 [INFO]    已处理段落: 2355/3465
2025-11-27 20:28:47,205 [INFO]    成功: 471, 失败: 0
2025-11-27 20:28:47,205 [INFO]    已用时: 65.0 分钟
2025-11-27 20:28:47,205 [INFO]    预计剩余: 30.7 分钟
2025-11-27 20:28:47,205 [INFO]    预计总时间: 95.7 分钟
2025-11-27 20:28:47,205 [INFO] 
================================================================================
2025-11-27 20:28:47,205 [INFO] 处理第 472/693 批 (段落 2356-2360)
2025-11-27 20:28:47,205 [INFO] ================================================================================
2025-11-27 20:28:47,205 [INFO] 📄 本批段落数: 5
2025-11-27 20:28:47,205 [INFO] 📄 合并文本长度: 164 字符
2025-11-27 20:28:47,205 [INFO] 📄 完整文本:
企业的高管对话，说：“你知道吗？你们真是地球的刽子手，你们无权

糟蹋我们的土地。”很明显，这样的沟通很难让我们的需要得到满足。

在受到指责时，很少有人还能把注意力放在对方的需要上。当然，也许

这样的评判可以成功地胁迫他人满足我们的需要，他人会出于害怕、内

疚或羞愧而改变行为，我们会就此以为指责他人能让自己“取得胜利”。
2025-11-27 20:28:47,205 [INFO] --------------------------------------------------------------------------------
2025-11-27 20:28:51,505 [INFO] ✅ 实体抽取成功: 共 3 个实体
2025-11-27 20:28:51,505 [INFO]    完整结果:
{"人物": [], "概念": [], "方法": [], "理论": [], "组织": [], "书籍": [], "情绪": ["羞愧"], "行为": ["糟蹋", "改变行为"]}
2025-11-27 20:28:54,690 [INFO] ✅ 关系抽取成功: 共 0 个关系
2025-11-27 20:28:54,691 [INFO]    完整结果:
{"提出": [], "包含": [], "应用": [], "来源": [], "解释": [], "相关": [], "导致": [], "影响": []}
2025-11-27 20:28:54,691 [INFO] 
📊 进度统计:
2025-11-27 20:28:54,691 [INFO]    已处理批次: 472/693 (68.1%)
2025-11-27 20:28:54,691 [INFO]    已处理段落: 2360/3465
2025-11-27 20:28:54,691 [INFO]    成功: 472, 失败: 0
2025-11-27 20:28:54,691 [INFO]    已用时: 65.2 分钟
2025-11-27 20:28:54,691 [INFO]    预计剩余: 30.5 分钟
2025-11-27 20:28:54,691 [INFO]    预计总时间: 95.7 分钟
2025-11-27 20:28:54,691 [INFO] 
================================================================================
2025-11-27 20:28:54,691 [INFO] 处理第 473/693 批 (段落 2361-2365)
2025-11-27 20:28:54,691 [INFO] ================================================================================
2025-11-27 20:28:54,691 [INFO] 📄 本批段落数: 5
2025-11-27 20:28:54,691 [INFO] 📄 合并文本长度: 160 字符
2025-11-27 20:28:54,691 [INFO] 📄 完整文本:
然而，以更长远的眼光来看，我们就会发现，若每一次都以这样的

方式来满足需要，我们不仅无法胜利，还会助长地球上的暴力。为了解

决眼前的问题，我们制造了新的问题。指责和评判使人倾向于自我保护

并变得更有攻击性，日后也不可能关心我们的需要。因此，即便他人照

着我们的意思满足了我们眼下的需要，之后我们也会为此付出代价。
2025-11-27 20:28:54,691 [INFO] --------------------------------------------------------------------------------
2025-11-27 20:28:58,527 [INFO] ✅ 实体抽取成功: 共 2 个实体
2025-11-27 20:28:58,528 [INFO]    完整结果:
{"人物": [], "概念": [], "方法": [], "理论": [], "组织": [], "书籍": [], "情绪": [], "行为": ["满足需要", "攻击性"]}
2025-11-27 20:29:03,458 [INFO] ✅ 关系抽取成功: 共 1 个关系
2025-11-27 20:29:03,458 [INFO]    完整结果:
{"提出": [], "包含": [], "应用": [], "来源": [], "解释": [], "相关": [], "导致": [], "影响": [{"subject": "满足需要", "object": "地球上的暴力"}]}
2025-11-27 20:29:03,458 [INFO] 
📊 进度统计:
2025-11-27 20:29:03,458 [INFO]    已处理批次: 473/693 (68.3%)
2025-11-27 20:29:03,458 [INFO]    已处理段落: 2365/3465
2025-11-27 20:29:03,458 [INFO]    成功: 473, 失败: 0
2025-11-27 20:29:03,458 [INFO]    已用时: 65.3 分钟
2025-11-27 20:29:03,458 [INFO]    预计剩余: 30.4 分钟
2025-11-27 20:29:03,458 [INFO]    预计总时间: 95.7 分钟
2025-11-27 20:29:03,458 [INFO] 
================================================================================
2025-11-27 20:29:03,458 [INFO] 处理第 474/693 批 (段落 2366-2370)
2025-11-27 20:29:03,458 [INFO] ================================================================================
2025-11-27 20:29:03,458 [INFO] 📄 本批段落数: 5
2025-11-27 20:29:03,458 [INFO] 📄 合并文本长度: 161 字符
2025-11-27 20:29:03,459 [INFO] 📄 完整文本:
来看看充分表达愤怒的具体步骤。首先，停下来，除了深呼吸，什

么都别做；不去指责或惩罚他人，只是保持安静。接着，看一看是什么

想法让我们生气。例如，无意中听到某人说了一些话，使我们相信自己

由于种族的缘故遭到了排斥。感知到自己的怒气时，如果停下来，便会

看到头脑中盘旋的想法：“这太不公平了！她这是种族歧视！”我们知
2025-11-27 20:29:03,459 [INFO] --------------------------------------------------------------------------------
2025-11-27 20:29:07,174 [INFO] ✅ 实体抽取成功: 共 2 个实体
2025-11-27 20:29:07,174 [INFO]    完整结果:
{"人物": [], "概念": [], "方法": [], "理论": [], "组织": [], "书籍": [], "情绪": ["愤怒"], "行为": ["深呼吸"]}
2025-11-27 20:29:10,362 [INFO] ✅ 关系抽取成功: 共 0 个关系
2025-11-27 20:29:10,362 [INFO]    完整结果:
{"提出": [], "包含": [], "应用": [], "来源": [], "解释": [], "相关": [], "导致": [], "影响": []}
2025-11-27 20:29:10,362 [INFO] 
📊 进度统计:
2025-11-27 20:29:10,362 [INFO]    已处理批次: 474/693 (68.4%)
2025-11-27 20:29:10,362 [INFO]    已处理段落: 2370/3465
2025-11-27 20:29:10,362 [INFO]    成功: 474, 失败: 0
2025-11-27 20:29:10,362 [INFO]    已用时: 65.4 分钟
2025-11-27 20:29:10,362 [INFO]    预计剩余: 30.2 分钟
2025-11-27 20:29:10,362 [INFO]    预计总时间: 95.7 分钟
2025-11-27 20:29:10,362 [INFO] 
================================================================================
2025-11-27 20:29:10,362 [INFO] 处理第 475/693 批 (段落 2371-2375)
2025-11-27 20:29:10,362 [INFO] ================================================================================
2025-11-27 20:29:10,362 [INFO] 📄 本批段落数: 5
2025-11-27 20:29:10,362 [INFO] 📄 合并文本长度: 152 字符
2025-11-27 20:29:10,362 [INFO] 📄 完整文本:
道，所有的评判都在用可悲的方式表达未满足的需要。于是，接下来的

第3步是：与这些想法背后的需要连结。如果指责某人是种族主义者，

我们的需要也许是融合、平等、尊重或者与人连结。

为了充分表达自己，我们要采取的第4步是开口表达愤怒——怒火

此时已被转化为感受和需要。然而，表达此时的感受也许要很大的勇
2025-11-27 20:29:10,362 [INFO] --------------------------------------------------------------------------------
2025-11-27 20:29:14,633 [INFO] ✅ 实体抽取成功: 共 4 个实体
2025-11-27 20:29:14,634 [INFO]    完整结果:
{"人物": [], "概念": [], "方法": [], "理论": [], "组织": [], "书籍": [], "情绪": ["愤怒"], "行为": ["指责", "表达", "开口表达"]}
2025-11-27 20:29:17,796 [INFO] ✅ 关系抽取成功: 共 0 个关系
2025-11-27 20:29:17,796 [INFO]    完整结果:
{"提出": [], "包含": [], "应用": [], "来源": [], "解释": [], "相关": [], "导致": [], "影响": []}
2025-11-27 20:29:17,796 [INFO] 
📊 进度统计:
2025-11-27 20:29:17,796 [INFO]    已处理批次: 475/693 (68.5%)
2025-11-27 20:29:17,796 [INFO]    已处理段落: 2375/3465
2025-11-27 20:29:17,796 [INFO]    成功: 475, 失败: 0
2025-11-27 20:29:17,796 [INFO]    已用时: 65.5 分钟
2025-11-27 20:29:17,796 [INFO]    预计剩余: 30.1 分钟
2025-11-27 20:29:17,796 [INFO]    预计总时间: 95.6 分钟
2025-11-27 20:29:17,796 [INFO] 
================================================================================
2025-11-27 20:29:17,796 [INFO] 处理第 476/693 批 (段落 2376-2380)
2025-11-27 20:29:17,796 [INFO] ================================================================================
2025-11-27 20:29:17,796 [INFO] 📄 本批段落数: 5
2025-11-27 20:29:17,796 [INFO] 📄 合并文本长度: 164 字符
2025-11-27 20:29:17,796 [INFO] 📄 完整文本:
气。对我来说，生气并冲着人们嚷“你这样做是种族歧视”是很容易的，

甚至还会感到很畅快。然而，要说出内心深处的感受和需要，却可能令

人却步。为了充分表达愤怒，我们也许可以试着和对方说：“你走进房

间后，开始与其他人聊天，却没有和我说话。接着，你开始议论有关白

人的种种。当注意到这些时，我的胃非常不舒服，我也很害怕。这使我
2025-11-27 20:29:17,796 [INFO] --------------------------------------------------------------------------------
2025-11-27 20:29:21,709 [INFO] ✅ 实体抽取成功: 共 2 个实体
2025-11-27 20:29:21,709 [INFO]    完整结果:
{"人物": [], "概念": [], "方法": [], "理论": [], "组织": [], "书籍": [], "情绪": ["气", "生气"], "行为": []}
2025-11-27 20:29:28,879 [INFO] ✅ 关系抽取成功: 共 2 个关系
2025-11-27 20:29:28,879 [INFO]    完整结果:
{"提出": [], "包含": [], "应用": [], "来源": [], "解释": [], "相关": [], "导致": [], "影响": [{"subject": "种族歧视", "object": "胃非常不舒服"}, {"subject": "种族歧视", "object": "害怕"}]}
2025-11-27 20:29:28,879 [INFO] 
📊 进度统计:
2025-11-27 20:29:28,879 [INFO]    已处理批次: 476/693 (68.7%)
2025-11-27 20:29:28,879 [INFO]    已处理段落: 2380/3465
2025-11-27 20:29:28,879 [INFO]    成功: 476, 失败: 0
2025-11-27 20:29:28,879 [INFO]    已用时: 65.7 分钟
2025-11-27 20:29:28,879 [INFO]    预计剩余: 30.0 分钟
2025-11-27 20:29:28,879 [INFO]    预计总时间: 95.7 分钟
2025-11-27 20:29:28,879 [INFO] 
================================================================================
2025-11-27 20:29:28,879 [INFO] 处理第 477/693 批 (段落 2381-2385)
2025-11-27 20:29:28,879 [INFO] ================================================================================
2025-11-27 20:29:28,879 [INFO] 📄 本批段落数: 5
2025-11-27 20:29:28,879 [INFO] 📄 合并文本长度: 159 字符
2025-11-27 20:29:28,879 [INFO] 📄 完整文本:
意识到，我非常希望受到平等的对待。我想请你告诉我，听到这些话，

在大多数情况下，如果希望他人听见我们的心声，与我们的内心产

生连结，我们需要先同理对方。如果对方还处于某种情绪中，他们就很

难平静下来体会我们的感受和需要。我们越能用心同理对方，理解对方

为何做出那些不符合我们需要的行为，对方就越有可能同理我们。
2025-11-27 20:29:28,879 [INFO] --------------------------------------------------------------------------------
2025-11-27 20:29:32,418 [INFO] ✅ 实体抽取成功: 共 2 个实体
2025-11-27 20:29:32,418 [INFO]    完整结果:
{"人物": [], "概念": ["平等"], "方法": ["同理"], "理论": [], "组织": [], "书籍": [], "情绪": [], "行为": []}
2025-11-27 20:29:35,582 [INFO] ✅ 关系抽取成功: 共 0 个关系
2025-11-27 20:29:35,582 [INFO]    完整结果:
{"提出": [], "包含": [], "应用": [], "来源": [], "解释": [], "相关": [], "导致": [], "影响": []}
2025-11-27 20:29:35,582 [INFO] 
📊 进度统计:
2025-11-27 20:29:35,582 [INFO]    已处理批次: 477/693 (68.8%)
2025-11-27 20:29:35,582 [INFO]    已处理段落: 2385/3465
2025-11-27 20:29:35,582 [INFO]    成功: 477, 失败: 0
2025-11-27 20:29:35,582 [INFO]    已用时: 65.8 分钟
2025-11-27 20:29:35,582 [INFO]    预计剩余: 29.8 分钟
2025-11-27 20:29:35,582 [INFO]    预计总时间: 95.7 分钟
2025-11-27 20:29:35,582 [INFO] 
================================================================================
2025-11-27 20:29:35,582 [INFO] 处理第 478/693 批 (段落 2386-2390)
2025-11-27 20:29:35,582 [INFO] ================================================================================
2025-11-27 20:29:35,582 [INFO] 📄 本批段落数: 5
2025-11-27 20:29:35,582 [INFO] 📄 合并文本长度: 155 字符
2025-11-27 20:29:35,582 [INFO] 📄 完整文本:
过去30年来，我以非暴力沟通的方式与许许多多持有强烈种族偏见

的人们展开交流。有一天清早，我从机场搭乘了一辆出租车进城。突

然，车上的喇叭传来车辆调度员发给司机的消息：“请到主大街的犹太

教堂接费希曼先生。”接着，坐在我旁边的一位先生开始嘀咕：“这些犹

太佬起那么早，还不是为了要把所有人的钱都榨干。”
2025-11-27 20:29:35,582 [INFO] --------------------------------------------------------------------------------
2025-11-27 20:29:39,842 [INFO] ✅ 实体抽取成功: 共 2 个实体
2025-11-27 20:29:39,842 [INFO]    完整结果:
{"人物": ["费希曼"], "概念": [], "方法": ["非暴力沟通"], "理论": [], "组织": [], "书籍": [], "情绪": [], "行为": []}
2025-11-27 20:29:45,064 [INFO] ✅ 关系抽取成功: 共 1 个关系
2025-11-27 20:29:45,064 [INFO]    完整结果:
{"提出": [], "包含": [], "应用": [{"subject": "非暴力沟通", "object": "交流"}], "来源": [], "解释": [], "相关": [], "导致": [], "影响": []}
2025-11-27 20:29:45,064 [INFO] 
📊 进度统计:
2025-11-27 20:29:45,064 [INFO]    已处理批次: 478/693 (69.0%)
2025-11-27 20:29:45,064 [INFO]    已处理段落: 2390/3465
2025-11-27 20:29:45,064 [INFO]    成功: 478, 失败: 0
2025-11-27 20:29:45,064 [INFO]    已用时: 66.0 分钟
2025-11-27 20:29:45,064 [INFO]    预计剩余: 29.7 分钟
2025-11-27 20:29:45,064 [INFO]    预计总时间: 95.7 分钟
2025-11-27 20:29:45,064 [INFO] 
================================================================================
2025-11-27 20:29:45,064 [INFO] 处理第 479/693 批 (段落 2391-2395)
2025-11-27 20:29:45,064 [INFO] ================================================================================
2025-11-27 20:29:45,064 [INFO] 📄 本批段落数: 5
2025-11-27 20:29:45,064 [INFO] 📄 合并文本长度: 162 字符
2025-11-27 20:29:45,064 [INFO] 📄 完整文本:
整整有20秒钟的时间，我气得仿佛耳朵冒烟。若是在年轻时，听到

这样的话，我的第一反应可能就是揍他一顿。而当时，我选择了做几次

深呼吸，并且开始同理自己心中涌现的痛苦、恐惧和愤怒。我一边觉察

着自己的感受，一边提醒自己：让我生气的并不是身旁的那位乘客，也

不是他说的话。尽管他的言论点燃了我内在的火山，但我知道，我的愤
2025-11-27 20:29:45,064 [INFO] --------------------------------------------------------------------------------
2025-11-27 20:29:49,441 [INFO] ✅ 实体抽取成功: 共 4 个实体
2025-11-27 20:29:49,441 [INFO]    完整结果:
{"人物": [], "概念": [], "方法": [], "理论": [], "组织": [], "书籍": [], "情绪": ["疼痛", "恐惧", "愤怒"], "行为": ["揍"]}
2025-11-27 20:29:52,650 [INFO] ✅ 关系抽取成功: 共 0 个关系
2025-11-27 20:29:52,651 [INFO]    完整结果:
{"提出": [], "包含": [], "应用": [], "来源": [], "解释": [], "相关": [], "导致": [], "影响": []}
2025-11-27 20:29:52,651 [INFO] 
📊 进度统计:
2025-11-27 20:29:52,651 [INFO]    已处理批次: 479/693 (69.1%)
2025-11-27 20:29:52,651 [INFO]    已处理段落: 2395/3465
2025-11-27 20:29:52,651 [INFO]    成功: 479, 失败: 0
2025-11-27 20:29:52,651 [INFO]    已用时: 66.1 分钟
2025-11-27 20:29:52,651 [INFO]    预计剩余: 29.5 分钟
2025-11-27 20:29:52,651 [INFO]    预计总时间: 95.7 分钟
2025-11-27 20:29:52,651 [INFO] 
================================================================================
2025-11-27 20:29:52,651 [INFO] 处理第 480/693 批 (段落 2396-2400)
2025-11-27 20:29:52,651 [INFO] ================================================================================
2025-11-27 20:29:52,651 [INFO] 📄 本批段落数: 5
2025-11-27 20:29:52,651 [INFO] 📄 合并文本长度: 160 字符
2025-11-27 20:29:52,651 [INFO] 📄 完整文本:
怒和恐惧来自一个更深的地方。于是，我靠后坐了坐，让自己在脑海中

把所有的暴力想法倾泻而出。看到自己揪着他的头痛揍他的画面，我甚

在得到了我需要的同理后，我开始能够试着去体会他的内心。于

是，我对他说的第一句话是：“你是感到……？”我尝试去同理这个男

人，聆听他的痛苦。为什么？因为我想要看见他的美好，也希望让他充
2025-11-27 20:29:52,651 [INFO] --------------------------------------------------------------------------------
2025-11-27 20:29:56,549 [INFO] ✅ 实体抽取成功: 共 2 个实体
2025-11-27 20:29:56,549 [INFO]    完整结果:
{"人物": [], "概念": [], "方法": [], "理论": [], "组织": [], "书籍": [], "情绪": ["怒", "恐惧"], "行为": []}
2025-11-27 20:29:59,779 [INFO] ✅ 关系抽取成功: 共 0 个关系
2025-11-27 20:29:59,779 [INFO]    完整结果:
{"提出": [], "包含": [], "应用": [], "来源": [], "解释": [], "相关": [], "导致": [], "影响": []}
2025-11-27 20:29:59,779 [INFO] 
📊 进度统计:
2025-11-27 20:29:59,779 [INFO]    已处理批次: 480/693 (69.3%)
2025-11-27 20:29:59,779 [INFO]    已处理段落: 2400/3465
2025-11-27 20:29:59,779 [INFO]    成功: 480, 失败: 0
2025-11-27 20:29:59,779 [INFO]    已用时: 66.2 分钟
2025-11-27 20:29:59,779 [INFO]    预计剩余: 29.4 分钟
2025-11-27 20:29:59,779 [INFO]    预计总时间: 95.6 分钟
2025-11-27 20:29:59,779 [INFO] 
================================================================================
2025-11-27 20:29:59,779 [INFO] 处理第 481/693 批 (段落 2401-2405)
2025-11-27 20:29:59,779 [INFO] ================================================================================
2025-11-27 20:29:59,779 [INFO] 📄 本批段落数: 5
2025-11-27 20:29:59,779 [INFO] 📄 合并文本长度: 162 字符
2025-11-27 20:29:59,779 [INFO] 📄 完整文本:
分体会我对他那番话的感受。但我知道，如果他的内心正狂风大作，那

么，这样的理解就不会发生。因而，我的意图是与他连结，带着尊重和

同理心，聆听他在说那番话背后的心声。过去的经历告诉我，如果我能

够同理他，最终他也能够听见我。虽然这并不容易，但相信他会做到这

“你是感到恼怒吗？”我问他，“听起来，似乎你在和犹太人打交道
2025-11-27 20:29:59,779 [INFO] --------------------------------------------------------------------------------
2025-11-27 20:30:03,468 [INFO] ✅ 实体抽取成功: 共 1 个实体
2025-11-27 20:30:03,468 [INFO]    完整结果:
{"人物": [], "概念": [], "方法": [], "理论": [], "组织": [], "书籍": [], "情绪": ["恼怒"], "行为": []}
2025-11-27 20:30:06,771 [INFO] ✅ 关系抽取成功: 共 0 个关系
2025-11-27 20:30:06,772 [INFO]    完整结果:
{"提出": [], "包含": [], "应用": [], "来源": [], "解释": [], "相关": [], "导致": [], "影响": []}
2025-11-27 20:30:06,772 [INFO] 
📊 进度统计:
2025-11-27 20:30:06,772 [INFO]    已处理批次: 481/693 (69.4%)
2025-11-27 20:30:06,772 [INFO]    已处理段落: 2405/3465
2025-11-27 20:30:06,772 [INFO]    成功: 481, 失败: 0
2025-11-27 20:30:06,772 [INFO]    已用时: 66.4 分钟
2025-11-27 20:30:06,772 [INFO]    预计剩余: 29.2 分钟
2025-11-27 20:30:06,772 [INFO]    预计总时间: 95.6 分钟
2025-11-27 20:30:06,772 [INFO] 
================================================================================
2025-11-27 20:30:06,772 [INFO] 处理第 482/693 批 (段落 2406-2410)
2025-11-27 20:30:06,772 [INFO] ================================================================================
2025-11-27 20:30:06,772 [INFO] 📄 本批段落数: 5
2025-11-27 20:30:06,772 [INFO] 📄 合并文本长度: 157 字符
2025-11-27 20:30:06,772 [INFO] 📄 完整文本:
他打量了我一番，说：“是的！这些人令人作呕。为了钱，他们什

“所以，你在和他们有金钱往来时很难相信他们，想要保护好自

“没错！”他大声说道，接着继续发表他对犹太人的看法。我则试着

体会在每一个评判背后他的感受和需要。若将注意力放在他人的感受和

需要上，我们就能体会彼此生而为人的共同点。听到他说感到害怕、想
2025-11-27 20:30:06,772 [INFO] --------------------------------------------------------------------------------
2025-11-27 20:30:10,475 [INFO] ✅ 实体抽取成功: 共 2 个实体
2025-11-27 20:30:10,475 [INFO]    完整结果:
{"人物": [], "概念": [], "方法": [], "理论": ["犹太"], "组织": [], "书籍": [], "情绪": ["害怕"], "行为": []}
2025-11-27 20:30:13,680 [INFO] ✅ 关系抽取成功: 共 0 个关系
2025-11-27 20:30:13,680 [INFO]    完整结果:
{"提出": [], "包含": [], "应用": [], "来源": [], "解释": [], "相关": [], "导致": [], "影响": []}
2025-11-27 20:30:13,680 [INFO] 
📊 进度统计:
2025-11-27 20:30:13,680 [INFO]    已处理批次: 482/693 (69.6%)
2025-11-27 20:30:13,680 [INFO]    已处理段落: 2410/3465
2025-11-27 20:30:13,680 [INFO]    成功: 482, 失败: 0
2025-11-27 20:30:13,680 [INFO]    已用时: 66.5 分钟
2025-11-27 20:30:13,680 [INFO]    预计剩余: 29.1 分钟
2025-11-27 20:30:13,680 [INFO]    预计总时间: 95.6 分钟
2025-11-27 20:30:13,680 [INFO] 
================================================================================
2025-11-27 20:30:13,680 [INFO] 处理第 483/693 批 (段落 2411-2415)
2025-11-27 20:30:13,680 [INFO] ================================================================================
2025-11-27 20:30:13,680 [INFO] 📄 本批段落数: 5
2025-11-27 20:30:13,680 [INFO] 📄 合并文本长度: 160 字符
2025-11-27 20:30:13,680 [INFO] 📄 完整文本:
要保护自己，我意识到我也有保护自己的需要，也明白害怕的感受。当

专注在他的感受和需要时，我们的体验是相通的。虽然我极不认同他的

观点，但我已经学会了，如果不去听别人的想法，我会更乐于和他们相

处。特别是在遇到有着像这个男人那样想法的人时，只要专心关注对方

的心声，而非受困于他们的想法，我的生活就会变得愉快得多。
2025-11-27 20:30:13,680 [INFO] --------------------------------------------------------------------------------
2025-11-27 20:30:17,048 [INFO] ✅ 实体抽取成功: 共 1 个实体
2025-11-27 20:30:17,048 [INFO]    完整结果:
{"人物": [], "概念": [], "方法": [], "理论": [], "组织": [], "书籍": [], "情绪": ["害怕"], "行为": []}
2025-11-27 20:30:20,233 [INFO] ✅ 关系抽取成功: 共 0 个关系
2025-11-27 20:30:20,233 [INFO]    完整结果:
{"提出": [], "包含": [], "应用": [], "来源": [], "解释": [], "相关": [], "导致": [], "影响": []}
2025-11-27 20:30:20,233 [INFO] 
📊 进度统计:
2025-11-27 20:30:20,233 [INFO]    已处理批次: 483/693 (69.7%)
2025-11-27 20:30:20,233 [INFO]    已处理段落: 2415/3465
2025-11-27 20:30:20,233 [INFO]    成功: 483, 失败: 0
2025-11-27 20:30:20,233 [INFO]    已用时: 66.6 分钟
2025-11-27 20:30:20,233 [INFO]    预计剩余: 29.0 分钟
2025-11-27 20:30:20,233 [INFO]    预计总时间: 95.5 分钟
2025-11-27 20:30:20,233 [INFO] 
================================================================================
2025-11-27 20:30:20,233 [INFO] 处理第 484/693 批 (段落 2416-2420)
2025-11-27 20:30:20,233 [INFO] ================================================================================
2025-11-27 20:30:20,234 [INFO] 📄 本批段落数: 5
2025-11-27 20:30:20,234 [INFO] 📄 合并文本长度: 153 字符
2025-11-27 20:30:20,234 [INFO] 📄 完整文本:
这个男人一直诉说着他的悲哀与恼怒。不经意间，话题已经从犹太

人转移到了黑人身上。他的内心装满了许多苦痛。我静静地聆听着他，

大概10分钟后，他停了下来——他感觉得到了理解。

马歇尔：你知道吗？最初听到你说犹太人的那些话时，我很生气，也很

难过和沮丧，因为我和犹太人相处的经验和你很不一样。而我多么希
2025-11-27 20:30:20,234 [INFO] --------------------------------------------------------------------------------
2025-11-27 20:30:27,066 [INFO] ✅ 实体抽取成功: 共 9 个实体
2025-11-27 20:30:27,067 [INFO]    完整结果:
{"人物": ["马歇尔"], "概念": ["犹太", "黑人"], "方法": [], "理论": [], "组织": [], "书籍": [], "情绪": ["悲哀", "恼怒", "苦痛", "生气", "难过", "沮丧"], "行为": []}
2025-11-27 20:30:30,237 [INFO] ✅ 关系抽取成功: 共 0 个关系
2025-11-27 20:30:30,237 [INFO]    完整结果:
{"提出": [], "包含": [], "应用": [], "来源": [], "解释": [], "相关": [], "导致": [], "影响": []}
2025-11-27 20:30:30,237 [INFO] 
📊 进度统计:
2025-11-27 20:30:30,238 [INFO]    已处理批次: 484/693 (69.8%)
2025-11-27 20:30:30,238 [INFO]    已处理段落: 2420/3465
2025-11-27 20:30:30,238 [INFO]    成功: 484, 失败: 0
2025-11-27 20:30:30,238 [INFO]    已用时: 66.8 分钟
2025-11-27 20:30:30,238 [INFO]    预计剩余: 28.8 分钟
2025-11-27 20:30:30,238 [INFO]    预计总时间: 95.6 分钟
2025-11-27 20:30:30,238 [INFO] 
================================================================================
2025-11-27 20:30:30,238 [INFO] 处理第 485/693 批 (段落 2421-2425)
2025-11-27 20:30:30,238 [INFO] ================================================================================
2025-11-27 20:30:30,238 [INFO] 📄 本批段落数: 5
2025-11-27 20:30:30,238 [INFO] 📄 合并文本长度: 160 字符
2025-11-27 20:30:30,238 [INFO] 📄 完整文本:
望，你能有更多不同的体验。你能告诉我，你听见我说了什么吗？

马歇尔：抱歉，等一下，你可以告诉我，你刚才听到我在说什么吗？

马歇尔：让我再说一次吧。我真的希望你能了解，当我听到你之前讲的

那些话，心里有多么难受。你听到我的痛苦对我很重要。我很难过，因

为我和犹太人相处的经验和你大不相同。我很希望，你能有一些不一样
2025-11-27 20:30:30,238 [INFO] --------------------------------------------------------------------------------
2025-11-27 20:30:33,739 [INFO] ✅ 实体抽取成功: 共 1 个实体
2025-11-27 20:30:33,739 [INFO]    完整结果:
{"人物": ["马歇尔"], "概念": [], "方法": [], "理论": [], "组织": [], "书籍": [], "情绪": [], "行为": []}
2025-11-27 20:30:36,872 [INFO] ✅ 关系抽取成功: 共 0 个关系
2025-11-27 20:30:36,872 [INFO]    完整结果:
{"提出": [], "包含": [], "应用": [], "来源": [], "解释": [], "相关": [], "导致": [], "影响": []}
2025-11-27 20:30:36,872 [INFO] 
📊 进度统计:
2025-11-27 20:30:36,872 [INFO]    已处理批次: 485/693 (70.0%)
2025-11-27 20:30:36,872 [INFO]    已处理段落: 2425/3465
2025-11-27 20:30:36,872 [INFO]    成功: 485, 失败: 0
2025-11-27 20:30:36,872 [INFO]    已用时: 66.9 分钟
2025-11-27 20:30:36,872 [INFO]    预计剩余: 28.7 分钟
2025-11-27 20:30:36,872 [INFO]    预计总时间: 95.5 分钟
2025-11-27 20:30:36,872 [INFO] 
================================================================================
2025-11-27 20:30:36,872 [INFO] 处理第 486/693 批 (段落 2426-2430)
2025-11-27 20:30:36,872 [INFO] ================================================================================
2025-11-27 20:30:36,872 [INFO] 📄 本批段落数: 5
2025-11-27 20:30:36,872 [INFO] 📄 合并文本长度: 142 字符
2025-11-27 20:30:36,872 [INFO] 📄 完整文本:
的经验。你可以告诉我，你听到我说了什么吗？

男 子：你的意思是，我刚才没有权利说那些话。

马歇尔：不，我希望你对我的话有不同的理解。我真的不想指责你，我

于是，我试着放慢对话的节奏。根据我的经验，只要人们在我们的

话中听到指责，哪怕只有一点点，便很难转向体会我们的痛苦。如果这
2025-11-27 20:30:36,872 [INFO] --------------------------------------------------------------------------------
2025-11-27 20:30:40,333 [INFO] ✅ 实体抽取成功: 共 1 个实体
2025-11-27 20:30:40,333 [INFO]    完整结果:
{"人物": ["马歇尔"], "概念": [], "方法": [], "理论": [], "组织": [], "书籍": [], "情绪": [], "行为": []}
2025-11-27 20:30:43,419 [INFO] ✅ 关系抽取成功: 共 0 个关系
2025-11-27 20:30:43,419 [INFO]    完整结果:
{"提出": [], "包含": [], "应用": [], "来源": [], "解释": [], "相关": [], "导致": [], "影响": []}
2025-11-27 20:30:43,419 [INFO] 
📊 进度统计:
2025-11-27 20:30:43,419 [INFO]    已处理批次: 486/693 (70.1%)
2025-11-27 20:30:43,419 [INFO]    已处理段落: 2430/3465
2025-11-27 20:30:43,419 [INFO]    成功: 486, 失败: 0
2025-11-27 20:30:43,419 [INFO]    已用时: 67.0 分钟
2025-11-27 20:30:43,419 [INFO]    预计剩余: 28.5 分钟
2025-11-27 20:30:43,419 [INFO]    预计总时间: 95.5 分钟
2025-11-27 20:30:43,419 [INFO] 
================================================================================
2025-11-27 20:30:43,419 [INFO] 处理第 487/693 批 (段落 2431-2435)
2025-11-27 20:30:43,419 [INFO] ================================================================================
2025-11-27 20:30:43,419 [INFO] 📄 本批段落数: 5
2025-11-27 20:30:43,419 [INFO] 📄 合并文本长度: 159 字符
2025-11-27 20:30:43,419 [INFO] 📄 完整文本:
位先生的回应是“我那样说真的很糟糕，我真不该说那些种族歧视的

话”，那就表示他并没有听见我。人们一旦认为自己做错了事，便无法

我不希望他听到的是指责，我希望他听见我的心声。指责别人是很

容易的，人们也习惯了听见指责。有时，他们会认同这些指责，因而自

责。有时，他们会痛恨我们批评他们——但这样都无法令他们做出改
2025-11-27 20:30:43,419 [INFO] --------------------------------------------------------------------------------
2025-11-27 20:30:47,051 [INFO] ✅ 实体抽取成功: 共 2 个实体
2025-11-27 20:30:47,051 [INFO]    完整结果:
{"人物": ["位"], "概念": [], "方法": [], "理论": [], "组织": [], "书籍": [], "情绪": [], "行为": ["种族歧视"]}
2025-11-27 20:30:50,178 [INFO] ✅ 关系抽取成功: 共 0 个关系
2025-11-27 20:30:50,178 [INFO]    完整结果:
{"提出": [], "包含": [], "应用": [], "来源": [], "解释": [], "相关": [], "导致": [], "影响": []}
2025-11-27 20:30:50,178 [INFO] 
📊 进度统计:
2025-11-27 20:30:50,178 [INFO]    已处理批次: 487/693 (70.3%)
2025-11-27 20:30:50,178 [INFO]    已处理段落: 2435/3465
2025-11-27 20:30:50,178 [INFO]    成功: 487, 失败: 0
2025-11-27 20:30:50,178 [INFO]    已用时: 67.1 分钟
2025-11-27 20:30:50,178 [INFO]    预计剩余: 28.4 分钟
2025-11-27 20:30:50,178 [INFO]    预计总时间: 95.5 分钟
2025-11-27 20:30:50,178 [INFO] 
================================================================================
2025-11-27 20:30:50,178 [INFO] 处理第 488/693 批 (段落 2436-2440)
2025-11-27 20:30:50,178 [INFO] ================================================================================
2025-11-27 20:30:50,178 [INFO] 📄 本批段落数: 5
2025-11-27 20:30:50,178 [INFO] 📄 合并文本长度: 159 字符
2025-11-27 20:30:50,178 [INFO] 📄 完整文本:
变。一旦我们注意到他们认为自己受到了指责，就像出租车里的那位先

生一样，我们也许就需要慢下来，再花点时间去聆听他们的痛苦。

学习在日常生活中运用非暴力沟通，最重要的也许是——慢下来。

在社会的制约下，我们养成了许多习惯性反应。要从中跳脱出来，或许

会让人感到别扭。然而，如果想要清醒地活出自己的价值观，我们就要
2025-11-27 20:30:50,178 [INFO] --------------------------------------------------------------------------------
2025-11-27 20:30:53,662 [INFO] ✅ 实体抽取成功: 共 1 个实体
2025-11-27 20:30:53,662 [INFO]    完整结果:
{"人物": [], "概念": [], "方法": ["非暴力沟通"], "理论": [], "组织": [], "书籍": [], "情绪": [], "行为": []}
2025-11-27 20:30:58,261 [INFO] ✅ 关系抽取成功: 共 1 个关系
2025-11-27 20:30:58,262 [INFO]    完整结果:
{"提出": [], "包含": [], "应用": [{"subject": "非暴力沟通", "object": "日常生活中"}], "来源": [], "解释": [], "相关": [], "导致": [], "影响": []}
2025-11-27 20:30:58,262 [INFO] 
📊 进度统计:
2025-11-27 20:30:58,262 [INFO]    已处理批次: 488/693 (70.4%)
2025-11-27 20:30:58,262 [INFO]    已处理段落: 2440/3465
2025-11-27 20:30:58,262 [INFO]    成功: 488, 失败: 0
2025-11-27 20:30:58,262 [INFO]    已用时: 67.2 分钟
2025-11-27 20:30:58,262 [INFO]    预计剩余: 28.2 分钟
2025-11-27 20:30:58,262 [INFO]    预计总时间: 95.5 分钟
2025-11-27 20:30:58,262 [INFO] 
================================================================================
2025-11-27 20:30:58,262 [INFO] 处理第 489/693 批 (段落 2441-2445)
2025-11-27 20:30:58,262 [INFO] ================================================================================
2025-11-27 20:30:58,262 [INFO] 📄 本批段落数: 5
2025-11-27 20:30:58,262 [INFO] 📄 合并文本长度: 163 字符
2025-11-27 20:30:58,262 [INFO] 📄 完整文本:
我的一位朋友山姆曾将非暴力沟通的基本要素写在了一张3英寸x5

英寸的卡片上，当成他在上班时使用的“小妙招”。每当老板批评他时，

山姆就会停下来，看看手中的卡片，并且花点时间想一下如何回应。我

问他，这样时不时盯着自己的手心，慢慢组织语句，同事们会不会觉得

奇怪。山姆回答说：“其实也没花太多时间，就算时间长了点，我认为
2025-11-27 20:30:58,262 [INFO] --------------------------------------------------------------------------------
2025-11-27 20:31:02,433 [INFO] ✅ 实体抽取成功: 共 2 个实体
2025-11-27 20:31:02,433 [INFO]    完整结果:
{"人物": ["山姆"], "概念": [], "方法": ["非暴力沟通"], "理论": [], "组织": [], "书籍": [], "情绪": [], "行为": []}
2025-11-27 20:31:07,811 [INFO] ✅ 关系抽取成功: 共 1 个关系
2025-11-27 20:31:07,811 [INFO]    完整结果:
{"提出": [], "包含": [], "应用": [{"subject": "非暴力沟通", "object": "山姆"}], "来源": [], "解释": [], "相关": [], "导致": [], "影响": []}
2025-11-27 20:31:07,811 [INFO] 
📊 进度统计:
2025-11-27 20:31:07,811 [INFO]    已处理批次: 489/693 (70.6%)
2025-11-27 20:31:07,811 [INFO]    已处理段落: 2445/3465
2025-11-27 20:31:07,811 [INFO]    成功: 489, 失败: 0
2025-11-27 20:31:07,811 [INFO]    已用时: 67.4 分钟
2025-11-27 20:31:07,811 [INFO]    预计剩余: 28.1 分钟
2025-11-27 20:31:07,811 [INFO]    预计总时间: 95.5 分钟
2025-11-27 20:31:07,811 [INFO] 
================================================================================
2025-11-27 20:31:07,811 [INFO] 处理第 490/693 批 (段落 2446-2450)
2025-11-27 20:31:07,811 [INFO] ================================================================================
2025-11-27 20:31:07,811 [INFO] 📄 本批段落数: 5
2025-11-27 20:31:07,811 [INFO] 📄 合并文本长度: 163 字符
2025-11-27 20:31:07,811 [INFO] 📄 完整文本:
也是值得的。因为，对我来说，重要的是，用我真正想要的方式回应他

人。”在家里，他会更加开诚布公地使用卡片，并向太太和孩子们解释

为什么要不嫌麻烦地花时间这样做。每当和家人发生争执，他就拿出卡

片，认真考虑如何做出回应。1个月之后，他就不需要再用卡片来提醒

自己了。有天晚上，为了看电视的事情他和4岁的儿子斯科特发生了争
2025-11-27 20:31:07,811 [INFO] --------------------------------------------------------------------------------
2025-11-27 20:31:11,317 [INFO] ✅ 实体抽取成功: 共 2 个实体
2025-11-27 20:31:11,317 [INFO]    完整结果:
{"人物": ["斯科特"], "概念": [], "方法": [], "理论": [], "组织": [], "书籍": [], "情绪": [], "行为": ["回应"]}
2025-11-27 20:31:14,448 [INFO] ✅ 关系抽取成功: 共 0 个关系
2025-11-27 20:31:14,449 [INFO]    完整结果:
{"提出": [], "包含": [], "应用": [], "来源": [], "解释": [], "相关": [], "导致": [], "影响": []}
2025-11-27 20:31:14,449 [INFO] 
📊 进度统计:
2025-11-27 20:31:14,449 [INFO]    已处理批次: 490/693 (70.7%)
2025-11-27 20:31:14,449 [INFO]    已处理段落: 2450/3465
2025-11-27 20:31:14,449 [INFO]    成功: 490, 失败: 0
2025-11-27 20:31:14,449 [INFO]    已用时: 67.5 分钟
2025-11-27 20:31:14,449 [INFO]    预计剩余: 28.0 分钟
2025-11-27 20:31:14,449 [INFO]    预计总时间: 95.5 分钟
2025-11-27 20:31:14,449 [INFO] 
================================================================================
2025-11-27 20:31:14,449 [INFO] 处理第 491/693 批 (段落 2451-2455)
2025-11-27 20:31:14,449 [INFO] ================================================================================
2025-11-27 20:31:14,449 [INFO] 📄 本批段落数: 5
2025-11-27 20:31:14,449 [INFO] 📄 合并文本长度: 160 字符
2025-11-27 20:31:14,449 [INFO] 📄 完整文本:
执，眼看争吵要升级了，孩子着急地说道：“爸爸，快拿卡片！”

如果你希望自己在诸如生气这样的艰难时刻也能运用非暴力沟通，

不妨来做以下练习。诚如我们已经探讨过的，愤怒来自我们对他人持有

的评判、标签、指责——认为他人“应该”怎样做、“活该”遭受什么等

等。将你头脑中时常浮现的评判列出来，你可以参考“我不喜欢……的
2025-11-27 20:31:14,449 [INFO] --------------------------------------------------------------------------------
2025-11-27 20:31:18,369 [INFO] ✅ 实体抽取成功: 共 2 个实体
2025-11-27 20:31:18,369 [INFO]    完整结果:
{"人物": [], "概念": [], "方法": ["非暴力沟通"], "理论": [], "组织": [], "书籍": [], "情绪": ["生气"], "行为": []}
2025-11-27 20:31:23,492 [INFO] ✅ 关系抽取成功: 共 1 个关系
2025-11-27 20:31:23,493 [INFO]    完整结果:
{"提出": [], "包含": [], "应用": [{"subject": "非暴力沟通", "object": "生气"}], "来源": [], "解释": [], "相关": [], "导致": [], "影响": []}
2025-11-27 20:31:23,493 [INFO] 
📊 进度统计:
2025-11-27 20:31:23,493 [INFO]    已处理批次: 491/693 (70.9%)
2025-11-27 20:31:23,493 [INFO]    已处理段落: 2455/3465
2025-11-27 20:31:23,493 [INFO]    成功: 491, 失败: 0
2025-11-27 20:31:23,493 [INFO]    已用时: 67.6 分钟
2025-11-27 20:31:23,493 [INFO]    预计剩余: 27.8 分钟
2025-11-27 20:31:23,493 [INFO]    预计总时间: 95.5 分钟
2025-11-27 20:31:23,493 [INFO] 
================================================================================
2025-11-27 20:31:23,493 [INFO] 处理第 492/693 批 (段落 2456-2460)
2025-11-27 20:31:23,493 [INFO] ================================================================================
2025-11-27 20:31:23,493 [INFO] 📄 本批段落数: 5
2025-11-27 20:31:23,493 [INFO] 📄 合并文本长度: 163 字符
2025-11-27 20:31:23,493 [INFO] 📄 完整文本:
人”这样的句子。收集所有的负面评判，接着问自己：“当我对他人有这

番评判时，我有什么样的需要没有得到满足？”通过这样的方式，我们

可以训练自己从“我有什么需要没有得到满足”的角度来思考，而非评判

练习是关键。大多数人的成长环境和我小时候生活的底特律街头相

比，也许会少一些暴力，但也相差不远。评判和指责已成为我们的第二
2025-11-27 20:31:23,493 [INFO] --------------------------------------------------------------------------------
2025-11-27 20:31:26,820 [INFO] ✅ 实体抽取成功: 共 1 个实体
2025-11-27 20:31:26,820 [INFO]    完整结果:
{"人物": [], "概念": [], "方法": [], "理论": [], "组织": [], "书籍": [], "情绪": [], "行为": ["训练"]}
2025-11-27 20:31:29,950 [INFO] ✅ 关系抽取成功: 共 0 个关系
2025-11-27 20:31:29,950 [INFO]    完整结果:
{"提出": [], "包含": [], "应用": [], "来源": [], "解释": [], "相关": [], "导致": [], "影响": []}
2025-11-27 20:31:29,950 [INFO] 
📊 进度统计:
2025-11-27 20:31:29,950 [INFO]    已处理批次: 492/693 (71.0%)
2025-11-27 20:31:29,950 [INFO]    已处理段落: 2460/3465
2025-11-27 20:31:29,950 [INFO]    成功: 492, 失败: 0
2025-11-27 20:31:29,950 [INFO]    已用时: 67.7 分钟
2025-11-27 20:31:29,950 [INFO]    预计剩余: 27.7 分钟
2025-11-27 20:31:29,950 [INFO]    预计总时间: 95.4 分钟
2025-11-27 20:31:29,950 [INFO] 
================================================================================
2025-11-27 20:31:29,950 [INFO] 处理第 493/693 批 (段落 2461-2465)
2025-11-27 20:31:29,950 [INFO] ================================================================================
2025-11-27 20:31:29,950 [INFO] 📄 本批段落数: 5
2025-11-27 20:31:29,950 [INFO] 📄 合并文本长度: 160 字符
2025-11-27 20:31:29,950 [INFO] 📄 完整文本:
天性。因此，要运用非暴力沟通，需要慢慢推进，先想清楚再开口。有

时，甚至只要深吸一口气，什么都不说就足够了。学习以及运用这个过

生气时，指责和惩罚他人都无法真正传达我们的心声。如果想充分

表达愤怒，首先要认识到他人并不需要对我们的愤怒负责。取而代之的

是，把注意力放在自己的感受和需要上。相较于评判、指责或惩罚他
2025-11-27 20:31:29,950 [INFO] --------------------------------------------------------------------------------
2025-11-27 20:31:34,109 [INFO] ✅ 实体抽取成功: 共 3 个实体
2025-11-27 20:31:34,109 [INFO]    完整结果:
{"人物": [], "概念": [], "方法": ["非暴力沟通"], "理论": [], "组织": [], "书籍": [], "情绪": ["生气", "愤怒"], "行为": []}
2025-11-27 20:31:39,210 [INFO] ✅ 关系抽取成功: 共 1 个关系
2025-11-27 20:31:39,210 [INFO]    完整结果:
{"提出": [], "包含": [], "应用": [{"subject": "非暴力沟通", "object": "表达愤怒"}], "来源": [], "解释": [], "相关": [], "导致": [], "影响": []}
2025-11-27 20:31:39,210 [INFO] 
📊 进度统计:
2025-11-27 20:31:39,210 [INFO]    已处理批次: 493/693 (71.1%)
2025-11-27 20:31:39,210 [INFO]    已处理段落: 2465/3465
2025-11-27 20:31:39,210 [INFO]    成功: 493, 失败: 0
2025-11-27 20:31:39,210 [INFO]    已用时: 67.9 分钟
2025-11-27 20:31:39,210 [INFO]    预计剩余: 27.5 分钟
2025-11-27 20:31:39,210 [INFO]    预计总时间: 95.5 分钟
2025-11-27 20:31:39,210 [INFO] 
================================================================================
2025-11-27 20:31:39,210 [INFO] 处理第 494/693 批 (段落 2466-2470)
2025-11-27 20:31:39,210 [INFO] ================================================================================
2025-11-27 20:31:39,210 [INFO] 📄 本批段落数: 5
2025-11-27 20:31:39,210 [INFO] 📄 合并文本长度: 160 字符
2025-11-27 20:31:39,210 [INFO] 📄 完整文本:
人，我们若能把自己的需要表达出来，将更有可能让这些需要得到满

表达愤怒的4个步骤是：（1）停下来，深吸一口气；（2）辨识脑

海中评判性的想法；（3）与自己的需要连结；（4）表达自己的感受和

未满足的需要。有时，在第3和第4步之间，我们也许需要先同理对方。

这样，当我们在第4步表达自己时，对方才能更好地听见我们。
2025-11-27 20:31:39,210 [INFO] --------------------------------------------------------------------------------
2025-11-27 20:31:48,873 [INFO] ✅ 实体抽取成功: 共 9 个实体
2025-11-27 20:31:48,873 [INFO]    完整结果:
{"人物": [], "概念": [], "方法": ["表达愤怒的4个步骤"], "理论": [], "组织": [], "书籍": [], "情绪": ["愤怒"], "行为": ["表达", "深吸一口气", "辨识脑", "评判性的想法", "与自己的需要连结", "表达自己的感受和未满足的需要", "同理对方"]}
2025-11-27 20:31:52,177 [INFO] ✅ 关系抽取成功: 共 0 个关系
2025-11-27 20:31:52,177 [INFO]    完整结果:
{"提出": [], "包含": [], "应用": [], "来源": [], "解释": [], "相关": [], "导致": [], "影响": []}
2025-11-27 20:31:52,177 [INFO] 
📊 进度统计:
2025-11-27 20:31:52,177 [INFO]    已处理批次: 494/693 (71.3%)
2025-11-27 20:31:52,177 [INFO]    已处理段落: 2470/3465
2025-11-27 20:31:52,177 [INFO]    成功: 494, 失败: 0
2025-11-27 20:31:52,177 [INFO]    已用时: 68.1 分钟
2025-11-27 20:31:52,177 [INFO]    预计剩余: 27.4 分钟
2025-11-27 20:31:52,178 [INFO]    预计总时间: 95.6 分钟
2025-11-27 20:31:52,178 [INFO] 
================================================================================
2025-11-27 20:31:52,178 [INFO] 处理第 495/693 批 (段落 2471-2475)
2025-11-27 20:31:52,178 [INFO] ================================================================================
2025-11-27 20:31:52,178 [INFO] 📄 本批段落数: 5
2025-11-27 20:31:52,178 [INFO] 📄 合并文本长度: 156 字符
2025-11-27 20:31:52,178 [INFO] 📄 完整文本:
我们需要给自己充分的时间来学习和实践非暴力沟通。

15岁的比尔悄悄开走了父亲的朋友乔治的车，他载着两个朋友（其

中一位是乔治14岁的女儿伊娃）兜完风，将车完好无损地放回了车库。

对此，乔治也毫无察觉。但后来，伊娃将此事告知了父亲。接着，乔治

又告诉了比尔的父亲。这位父亲刚刚学习了非暴力沟通，以下是他和儿
2025-11-27 20:31:52,178 [INFO] --------------------------------------------------------------------------------
2025-11-27 20:31:57,363 [INFO] ✅ 实体抽取成功: 共 4 个实体
2025-11-27 20:31:57,363 [INFO]    完整结果:
{"人物": ["比尔", "乔治", "伊娃"], "概念": [], "方法": ["非暴力沟通"], "理论": [], "组织": [], "书籍": [], "情绪": [], "行为": []}
2025-11-27 20:32:00,681 [INFO] ✅ 关系抽取成功: 共 0 个关系
2025-11-27 20:32:00,681 [INFO]    完整结果:
{"提出": [], "包含": [], "应用": [], "来源": [], "解释": [], "相关": [], "导致": [], "影响": []}
2025-11-27 20:32:00,681 [INFO] 
📊 进度统计:
2025-11-27 20:32:00,681 [INFO]    已处理批次: 495/693 (71.4%)
2025-11-27 20:32:00,681 [INFO]    已处理段落: 2475/3465
2025-11-27 20:32:00,681 [INFO]    成功: 495, 失败: 0
2025-11-27 20:32:00,681 [INFO]    已用时: 68.3 分钟
2025-11-27 20:32:00,681 [INFO]    预计剩余: 27.3 分钟
2025-11-27 20:32:00,681 [INFO]    预计总时间: 95.6 分钟
2025-11-27 20:32:00,681 [INFO] 
================================================================================
2025-11-27 20:32:00,681 [INFO] 处理第 496/693 批 (段落 2476-2480)
2025-11-27 20:32:00,681 [INFO] ================================================================================
2025-11-27 20:32:00,681 [INFO] 📄 本批段落数: 5
2025-11-27 20:32:00,681 [INFO] 📄 合并文本长度: 155 字符
2025-11-27 20:32:00,681 [INFO] 📄 完整文本:
父亲：我听说你、伊娃和戴维，没有和乔治打招呼，就开走了他的车。

父亲：（提高了嗓门）不要骗我！这样只会把事情弄得更糟！

突然，他意识到，为了和儿子连结，他需要先和自己的感受连结。

他检视着自己的内心，发现自己又气又怕。他生气，是因为他对自

己说：“比尔应该懂事点！”“他怎么变得会说谎了！”他害怕，是因
2025-11-27 20:32:00,681 [INFO] --------------------------------------------------------------------------------
2025-11-27 20:32:07,172 [INFO] ✅ 实体抽取成功: 共 7 个实体
2025-11-27 20:32:07,173 [INFO]    完整结果:
{"人物": ["伊娃", "戴维", "乔治", "比尔"], "概念": [], "方法": [], "理论": [], "组织": [], "书籍": [], "情绪": ["生气", "害怕"], "行为": ["开车"]}
2025-11-27 20:32:10,699 [INFO] ✅ 关系抽取成功: 共 0 个关系
2025-11-27 20:32:10,699 [INFO]    完整结果:
{"提出": [], "包含": [], "应用": [], "来源": [], "解释": [], "相关": [], "导致": [], "影响": []}
2025-11-27 20:32:10,699 [INFO] 
📊 进度统计:
2025-11-27 20:32:10,699 [INFO]    已处理批次: 496/693 (71.6%)
2025-11-27 20:32:10,699 [INFO]    已处理段落: 2480/3465
2025-11-27 20:32:10,699 [INFO]    成功: 496, 失败: 0
2025-11-27 20:32:10,699 [INFO]    已用时: 68.4 分钟
2025-11-27 20:32:10,699 [INFO]    预计剩余: 27.2 分钟
2025-11-27 20:32:10,699 [INFO]    预计总时间: 95.6 分钟
2025-11-27 20:32:10,699 [INFO] 
================================================================================
2025-11-27 20:32:10,699 [INFO] 处理第 497/693 批 (段落 2481-2485)
2025-11-27 20:32:10,699 [INFO] ================================================================================
2025-11-27 20:32:10,699 [INFO] 📄 本批段落数: 5
2025-11-27 20:32:10,699 [INFO] 📄 合并文本长度: 154 字符
2025-11-27 20:32:10,699 [INFO] 📄 完整文本:
为想到比尔的行为以及他对儿子的误判可能造成的后果。

父亲：（默默地想）我真是个笨蛋，居然以为他很懂事！他这样做可能

会闹出人命啊！（立刻又意识到自己在评判）哎呀，我要把“笨

蛋”和“说谎”这样的标签转换为感受和需要。我猜我之所以会说自己

是“笨蛋”，是因为我对自己感到失望，我希望自己能更了解儿子。至
2025-11-27 20:32:10,699 [INFO] --------------------------------------------------------------------------------
2025-11-27 20:32:14,696 [INFO] ✅ 实体抽取成功: 共 2 个实体
2025-11-27 20:32:14,696 [INFO]    完整结果:
{"人物": ["比尔"], "概念": [], "方法": [], "理论": [], "组织": [], "书籍": [], "情绪": [], "行为": ["说谎"]}
2025-11-27 20:32:17,864 [INFO] ✅ 关系抽取成功: 共 0 个关系
2025-11-27 20:32:17,865 [INFO]    完整结果:
{"提出": [], "包含": [], "应用": [], "来源": [], "解释": [], "相关": [], "导致": [], "影响": []}
2025-11-27 20:32:17,865 [INFO] 
📊 进度统计:
2025-11-27 20:32:17,865 [INFO]    已处理批次: 497/693 (71.7%)
2025-11-27 20:32:17,865 [INFO]    已处理段落: 2485/3465
2025-11-27 20:32:17,865 [INFO]    成功: 497, 失败: 0
2025-11-27 20:32:17,865 [INFO]    已用时: 68.5 分钟
2025-11-27 20:32:17,865 [INFO]    预计剩余: 27.0 分钟
2025-11-27 20:32:17,865 [INFO]    预计总时间: 95.6 分钟
2025-11-27 20:32:17,865 [INFO] 
================================================================================
2025-11-27 20:32:17,865 [INFO] 处理第 498/693 批 (段落 2486-2490)
2025-11-27 20:32:17,865 [INFO] ================================================================================
2025-11-27 20:32:17,865 [INFO] 📄 本批段落数: 5
2025-11-27 20:32:17,865 [INFO] 📄 合并文本长度: 153 字符
2025-11-27 20:32:17,865 [INFO] 📄 完整文本:
于“说谎”，是因为我很害怕，我希望能够准确地了解这件事再来处理

父亲：（安静地想了一会儿后开口）比尔，你是不是担心你如果说实话

比尔：是的，每次我做了你不喜欢的事，你就凶得很。

父亲：你的意思是，希望我能更多地理解你，对你更公平一点？

父亲：（在心里念叨着）天哪，他这样说话，简直太气人了！他难道看
2025-11-27 20:32:17,865 [INFO] --------------------------------------------------------------------------------
2025-11-27 20:32:21,646 [INFO] ✅ 实体抽取成功: 共 2 个实体
2025-11-27 20:32:21,646 [INFO]    完整结果:
{"人物": ["比尔"], "概念": [], "方法": [], "理论": [], "组织": [], "书籍": [], "情绪": [], "行为": ["说谎"]}
2025-11-27 20:32:24,775 [INFO] ✅ 关系抽取成功: 共 0 个关系
2025-11-27 20:32:24,776 [INFO]    完整结果:
{"提出": [], "包含": [], "应用": [], "来源": [], "解释": [], "相关": [], "导致": [], "影响": []}
2025-11-27 20:32:24,776 [INFO] 
📊 进度统计:
2025-11-27 20:32:24,776 [INFO]    已处理批次: 498/693 (71.9%)
2025-11-27 20:32:24,776 [INFO]    已处理段落: 2490/3465
2025-11-27 20:32:24,776 [INFO]    成功: 498, 失败: 0
2025-11-27 20:32:24,776 [INFO]    已用时: 68.7 分钟
2025-11-27 20:32:24,776 [INFO]    预计剩余: 26.9 分钟
2025-11-27 20:32:24,776 [INFO]    预计总时间: 95.5 分钟
2025-11-27 20:32:24,776 [INFO] 
================================================================================
2025-11-27 20:32:24,776 [INFO] 处理第 499/693 批 (段落 2491-2495)
2025-11-27 20:32:24,776 [INFO] ================================================================================
2025-11-27 20:32:24,776 [INFO] 📄 本批段落数: 5
2025-11-27 20:32:24,776 [INFO] 📄 合并文本长度: 162 字符
2025-11-27 20:32:24,776 [INFO] 📄 完整文本:
不出来我多么努力地在和他沟通吗？我也需要得到一点尊重。而且我为

父亲：（开口对比尔说）听起来，你似乎担心，不管你说什么，都不会

比尔：你会在乎这个吗？一有什么事，你就只是想处罚人。另外，发生

什么大不了的事了吗？就算我们开了车，但没有人受伤，车也还回去

父亲：你是不是担心，如果承认自己开走了车，你的下场会很惨？你希
2025-11-27 20:32:24,776 [INFO] --------------------------------------------------------------------------------
2025-11-27 20:32:28,483 [INFO] ✅ 实体抽取成功: 共 2 个实体
2025-11-27 20:32:28,483 [INFO]    完整结果:
{"人物": ["比尔"], "概念": [], "方法": [], "理论": [], "组织": [], "书籍": [], "情绪": [], "行为": ["担心"]}
2025-11-27 20:32:31,635 [INFO] ✅ 关系抽取成功: 共 0 个关系
2025-11-27 20:32:31,635 [INFO]    完整结果:
{"提出": [], "包含": [], "应用": [], "来源": [], "解释": [], "相关": [], "导致": [], "影响": []}
2025-11-27 20:32:31,635 [INFO] 
📊 进度统计:
2025-11-27 20:32:31,635 [INFO]    已处理批次: 499/693 (72.0%)
2025-11-27 20:32:31,635 [INFO]    已处理段落: 2495/3465
2025-11-27 20:32:31,635 [INFO]    成功: 499, 失败: 0
2025-11-27 20:32:31,635 [INFO]    已用时: 68.8 分钟
2025-11-27 20:32:31,635 [INFO]    预计剩余: 26.7 分钟
2025-11-27 20:32:31,635 [INFO]    预计总时间: 95.5 分钟
2025-11-27 20:32:31,635 [INFO] 
================================================================================
2025-11-27 20:32:31,635 [INFO] 处理第 500/693 批 (段落 2496-2500)
2025-11-27 20:32:31,635 [INFO] ================================================================================
2025-11-27 20:32:31,635 [INFO] 📄 本批段落数: 5
2025-11-27 20:32:31,635 [INFO] 📄 合并文本长度: 163 字符
2025-11-27 20:32:31,635 [INFO] 📄 完整文本:
父亲：（给自己一些时间，安静地做更深的连结）我怎么做，你才会放

父亲：（意识到惩罚并不能让比尔明白自己的行为可能造成的后果，反

而会让父子关系更加隔阂和疏远，他表示愿意答应比尔的请求。）如果

你同意和我好好谈一谈，我愿意答应你的请求。我的意思是，我们要好

好地聊一聊，直到我确定你明白，把车子开出去这件事可能会造成的后
2025-11-27 20:32:31,635 [INFO] --------------------------------------------------------------------------------
2025-11-27 20:32:36,622 [INFO] ✅ 实体抽取成功: 共 3 个实体
2025-11-27 20:32:36,622 [INFO]    完整结果:
{"人物": ["比尔"], "概念": [], "方法": [], "理论": [], "组织": [], "书籍": [], "情绪": [], "行为": ["做更深的连结", "开出去"]}
2025-11-27 20:32:39,785 [INFO] ✅ 关系抽取成功: 共 0 个关系
2025-11-27 20:32:39,785 [INFO]    完整结果:
{"提出": [], "包含": [], "应用": [], "来源": [], "解释": [], "相关": [], "导致": [], "影响": []}
2025-11-27 20:32:39,785 [INFO] 
📊 进度统计:
2025-11-27 20:32:39,785 [INFO]    已处理批次: 500/693 (72.2%)
2025-11-27 20:32:39,785 [INFO]    已处理段落: 2500/3465
2025-11-27 20:32:39,785 [INFO]    成功: 500, 失败: 0
2025-11-27 20:32:39,785 [INFO]    已用时: 68.9 分钟
2025-11-27 20:32:39,785 [INFO]    预计剩余: 26.6 分钟
2025-11-27 20:32:39,785 [INFO]    预计总时间: 95.5 分钟
2025-11-27 20:32:39,786 [INFO] 💾 中间结果已保存: /root/projects/cwy/DeepKE/cwy/src/full_book_results/checkpoint_20251127_192319_batch500.pkl
2025-11-27 20:32:39,786 [INFO] 
================================================================================
2025-11-27 20:32:39,786 [INFO] 处理第 501/693 批 (段落 2501-2505)
2025-11-27 20:32:39,786 [INFO] ================================================================================
2025-11-27 20:32:39,786 [INFO] 📄 本批段落数: 5
2025-11-27 20:32:39,786 [INFO] 📄 合并文本长度: 153 字符
2025-11-27 20:32:39,786 [INFO] 📄 完整文本:
果。如果我不确定你知道自己做的事可能会有什么危险，我也许还是会

对你采取强制性手段，但目的只是为了保护你。

比尔：哇，这可真是太有意思了！我竟然蠢到要你用强制的手段来保护

父亲：（一时和自己的需要失去了连结，默默地对自己说）天哪，有时

我真恨不得宰了这小子……听到他这么说，我真是一肚子火！看上去他
2025-11-27 20:32:39,786 [INFO] --------------------------------------------------------------------------------
2025-11-27 20:32:43,586 [INFO] ✅ 实体抽取成功: 共 2 个实体
2025-11-27 20:32:43,586 [INFO]    完整结果:
{"人物": ["比尔"], "概念": [], "方法": [], "理论": [], "组织": [], "书籍": [], "情绪": ["一肚子火"], "行为": []}
2025-11-27 20:32:46,698 [INFO] ✅ 关系抽取成功: 共 0 个关系
2025-11-27 20:32:46,698 [INFO]    完整结果:
{"提出": [], "包含": [], "应用": [], "来源": [], "解释": [], "相关": [], "导致": [], "影响": []}
2025-11-27 20:32:46,699 [INFO] 
📊 进度统计:
2025-11-27 20:32:46,699 [INFO]    已处理批次: 501/693 (72.3%)
2025-11-27 20:32:46,699 [INFO]    已处理段落: 2505/3465
2025-11-27 20:32:46,699 [INFO]    成功: 501, 失败: 0
2025-11-27 20:32:46,699 [INFO]    已用时: 69.0 分钟
2025-11-27 20:32:46,699 [INFO]    预计剩余: 26.5 分钟
2025-11-27 20:32:46,699 [INFO]    预计总时间: 95.5 分钟
2025-11-27 20:32:46,699 [INFO] 
================================================================================
2025-11-27 20:32:46,699 [INFO] 处理第 502/693 批 (段落 2506-2510)
2025-11-27 20:32:46,699 [INFO] ================================================================================
2025-11-27 20:32:46,699 [INFO] 📄 本批段落数: 5
2025-11-27 20:32:46,699 [INFO] 📄 合并文本长度: 158 字符
2025-11-27 20:32:46,699 [INFO] 📄 完整文本:
根本什么都不在乎……该死，我现在的需要是什么？我需要知道的是，

我已经如此努力了，对于我说的话，他多少会有些在意吧。

父亲：（生气地大声说）你知道吗，比尔，你这么和我说话，我真的非

常生气。我非常努力地尝试理解你，而你……好，我需要知道你还想和

父亲：比尔，我真的很想听你的心里话。我不想像过去那样，在发生让
2025-11-27 20:32:46,699 [INFO] --------------------------------------------------------------------------------
2025-11-27 20:32:50,463 [INFO] ✅ 实体抽取成功: 共 2 个实体
2025-11-27 20:32:50,463 [INFO]    完整结果:
{"人物": ["比尔"], "概念": [], "方法": [], "理论": [], "组织": [], "书籍": [], "情绪": ["生气"], "行为": []}
2025-11-27 20:32:53,603 [INFO] ✅ 关系抽取成功: 共 0 个关系
2025-11-27 20:32:53,603 [INFO]    完整结果:
{"提出": [], "包含": [], "应用": [], "来源": [], "解释": [], "相关": [], "导致": [], "影响": []}
2025-11-27 20:32:53,603 [INFO] 
📊 进度统计:
2025-11-27 20:32:53,603 [INFO]    已处理批次: 502/693 (72.4%)
2025-11-27 20:32:53,603 [INFO]    已处理段落: 2510/3465
2025-11-27 20:32:53,603 [INFO]    成功: 502, 失败: 0
2025-11-27 20:32:53,603 [INFO]    已用时: 69.1 分钟
2025-11-27 20:32:53,603 [INFO]    预计剩余: 26.3 分钟
2025-11-27 20:32:53,603 [INFO]    预计总时间: 95.5 分钟
2025-11-27 20:32:53,603 [INFO] 
================================================================================
2025-11-27 20:32:53,603 [INFO] 处理第 503/693 批 (段落 2511-2515)
2025-11-27 20:32:53,604 [INFO] ================================================================================
2025-11-27 20:32:53,604 [INFO] 📄 本批段落数: 5
2025-11-27 20:32:53,604 [INFO] 📄 合并文本长度: 163 字符
2025-11-27 20:32:53,604 [INFO] 📄 完整文本:
我生气的事情时就来指责你、威胁你。可是刚才听到你说“我竟然蠢到

要你用强制的手段来保护我……”，还有你说这话时的语气，我真的很

难再控制自己的脾气。我希望你能帮助我。我的意思是，如果你希望我

听你说话，而不是指责你或威胁你，那就请帮助我了解你的想法。如果

父亲：用老办法，我到这时多半已经会告诉你：“在接下来的两年里，
2025-11-27 20:32:53,604 [INFO] --------------------------------------------------------------------------------
2025-11-27 20:32:57,751 [INFO] ✅ 实体抽取成功: 共 3 个实体
2025-11-27 20:32:57,751 [INFO]    完整结果:
{"人物": [], "概念": [], "方法": [], "理论": [], "组织": [], "书籍": [], "情绪": ["生气"], "行为": ["指责", "威胁"]}
2025-11-27 20:33:00,975 [INFO] ✅ 关系抽取成功: 共 0 个关系
2025-11-27 20:33:00,976 [INFO]    完整结果:
{"提出": [], "包含": [], "应用": [], "来源": [], "解释": [], "相关": [], "导致": [], "影响": []}
2025-11-27 20:33:00,976 [INFO] 
📊 进度统计:
2025-11-27 20:33:00,976 [INFO]    已处理批次: 503/693 (72.6%)
2025-11-27 20:33:00,976 [INFO]    已处理段落: 2515/3465
2025-11-27 20:33:00,976 [INFO]    成功: 503, 失败: 0
2025-11-27 20:33:00,976 [INFO]    已用时: 69.3 分钟
2025-11-27 20:33:00,976 [INFO]    预计剩余: 26.2 分钟
2025-11-27 20:33:00,976 [INFO]    预计总时间: 95.4 分钟
2025-11-27 20:33:00,976 [INFO] 
================================================================================
2025-11-27 20:33:00,976 [INFO] 处理第 504/693 批 (段落 2516-2520)
2025-11-27 20:33:00,976 [INFO] ================================================================================
2025-11-27 20:33:00,976 [INFO] 📄 本批段落数: 5
2025-11-27 20:33:00,976 [INFO] 📄 合并文本长度: 151 字符
2025-11-27 20:33:00,976 [INFO] 📄 完整文本:
不准看电视，不准开车，没有零花钱，不准外出约会，什么都不能

父亲：（带点幽默地说）很高兴你的自我保护意识完好无损。现在，我

想知道，你是否愿意和我坦诚地交流，包括分享你的脆弱。

父亲：就是请你告诉我，对于我们谈论的这件事，你的感受是什么？同

样地，我也会告诉你我的感受。（语气坚定地）你愿意吗？
2025-11-27 20:33:00,976 [INFO] --------------------------------------------------------------------------------
2025-11-27 20:33:05,757 [INFO] ✅ 实体抽取成功: 共 4 个实体
2025-11-27 20:33:05,757 [INFO]    完整结果:
{"人物": [], "概念": [], "方法": [], "理论": [], "组织": [], "书籍": [], "情绪": [], "行为": ["不准看电视", "不准开车", "没有零花钱", "不准外出约会"]}
2025-11-27 20:33:08,824 [INFO] ✅ 关系抽取成功: 共 0 个关系
2025-11-27 20:33:08,824 [INFO]    完整结果:
{"提出": [], "包含": [], "应用": [], "来源": [], "解释": [], "相关": [], "导致": [], "影响": []}
2025-11-27 20:33:08,824 [INFO] 
📊 进度统计:
2025-11-27 20:33:08,824 [INFO]    已处理批次: 504/693 (72.7%)
2025-11-27 20:33:08,824 [INFO]    已处理段落: 2520/3465
2025-11-27 20:33:08,824 [INFO]    成功: 504, 失败: 0
2025-11-27 20:33:08,824 [INFO]    已用时: 69.4 分钟
2025-11-27 20:33:08,824 [INFO]    预计剩余: 26.0 分钟
2025-11-27 20:33:08,824 [INFO]    预计总时间: 95.4 分钟
2025-11-27 20:33:08,824 [INFO] 
================================================================================
2025-11-27 20:33:08,824 [INFO] 处理第 505/693 批 (段落 2521-2525)
2025-11-27 20:33:08,824 [INFO] ================================================================================
2025-11-27 20:33:08,824 [INFO] 📄 本批段落数: 5
2025-11-27 20:33:08,824 [INFO] 📄 合并文本长度: 152 字符
2025-11-27 20:33:08,824 [INFO] 📄 完整文本:
父亲：（有点宽慰，舒了口气）谢谢。你愿意试一试，我真的很感激。

我告诉你，伊娃被乔治禁足3个月，不允许她做任何事。听到这个消

父亲：（意识到比尔并没有真正触碰自己的感受，他决定来猜一下）听

到伊娃要为她的错误付出那么大的代价，你感到难过，是吗？

比尔：不，不是这样。我的意思是，那根本不是她的错。
2025-11-27 20:33:08,824 [INFO] --------------------------------------------------------------------------------
2025-11-27 20:33:13,234 [INFO] ✅ 实体抽取成功: 共 3 个实体
2025-11-27 20:33:13,234 [INFO]    完整结果:
{"人物": ["伊娃", "乔治", "比尔"], "概念": [], "方法": [], "理论": [], "组织": [], "书籍": [], "情绪": [], "行为": []}
2025-11-27 20:33:16,332 [INFO] ✅ 关系抽取成功: 共 0 个关系
2025-11-27 20:33:16,332 [INFO]    完整结果:
{"提出": [], "包含": [], "应用": [], "来源": [], "解释": [], "相关": [], "导致": [], "影响": []}
2025-11-27 20:33:16,332 [INFO] 
📊 进度统计:
2025-11-27 20:33:16,332 [INFO]    已处理批次: 505/693 (72.9%)
2025-11-27 20:33:16,332 [INFO]    已处理段落: 2525/3465
2025-11-27 20:33:16,332 [INFO]    成功: 505, 失败: 0
2025-11-27 20:33:16,332 [INFO]    已用时: 69.5 分钟
2025-11-27 20:33:16,332 [INFO]    预计剩余: 25.9 分钟
2025-11-27 20:33:16,332 [INFO]    预计总时间: 95.4 分钟
2025-11-27 20:33:16,332 [INFO] 
================================================================================
2025-11-27 20:33:16,332 [INFO] 处理第 506/693 批 (段落 2526-2530)
2025-11-27 20:33:16,332 [INFO] ================================================================================
2025-11-27 20:33:16,332 [INFO] 📄 本批段落数: 5
2025-11-27 20:33:16,332 [INFO] 📄 合并文本长度: 144 字符
2025-11-27 20:33:16,332 [INFO] 📄 完整文本:
父亲：哦，所以你很难过，因为那是你的主意，但她却为此付出代价？

比尔：是的，她只是跟着我，做了我让她做的事罢了。

父亲：看到你的决定对伊娃的影响，你似乎有些心疼？

父亲：比尔，我真的希望你能明白，你的行为是有后果的。

比尔：好吧，我没有想过兜风会出什么差错。嗯，我想这次我确实把事
2025-11-27 20:33:16,332 [INFO] --------------------------------------------------------------------------------
2025-11-27 20:33:20,332 [INFO] ✅ 实体抽取成功: 共 3 个实体
2025-11-27 20:33:20,332 [INFO]    完整结果:
{"人物": ["比尔", "伊娃"], "概念": [], "方法": [], "理论": [], "组织": [], "书籍": [], "情绪": [], "行为": ["兜风"]}
2025-11-27 20:33:24,985 [INFO] ✅ 关系抽取成功: 共 1 个关系
2025-11-27 20:33:24,985 [INFO]    完整结果:
{"提出": [], "包含": [], "应用": [], "来源": [], "解释": [], "相关": [], "导致": [], "影响": [{"subject": "兜风", "object": "伊娃"}]}
2025-11-27 20:33:24,985 [INFO] 
📊 进度统计:
2025-11-27 20:33:24,985 [INFO]    已处理批次: 506/693 (73.0%)
2025-11-27 20:33:24,985 [INFO]    已处理段落: 2530/3465
2025-11-27 20:33:24,985 [INFO]    成功: 506, 失败: 0
2025-11-27 20:33:24,985 [INFO]    已用时: 69.7 分钟
2025-11-27 20:33:24,985 [INFO]    预计剩余: 25.7 分钟
2025-11-27 20:33:24,985 [INFO]    预计总时间: 95.4 分钟
2025-11-27 20:33:24,985 [INFO] 
================================================================================
2025-11-27 20:33:24,985 [INFO] 处理第 507/693 批 (段落 2531-2535)
2025-11-27 20:33:24,985 [INFO] ================================================================================
2025-11-27 20:33:24,985 [INFO] 📄 本批段落数: 5
2025-11-27 20:33:24,985 [INFO] 📄 合并文本长度: 148 字符
2025-11-27 20:33:24,985 [INFO] 📄 完整文本:
父亲：不要这么想。我希望你看到的是，在这件事情上，你没有料到会

有这样的后果。所以，我希望确保你能够意识到行为会带来的后果。你

能告诉我，对于你做的事，现在的感受是什么吗？

比尔：我觉得自己很蠢，爸……我没有想要伤害任何人。

父亲：（尝试将比尔的自我批评转换为感受和需要）所以你对于自己做
2025-11-27 20:33:24,985 [INFO] --------------------------------------------------------------------------------
2025-11-27 20:33:28,919 [INFO] ✅ 实体抽取成功: 共 4 个实体
2025-11-27 20:33:28,919 [INFO]    完整结果:
{"人物": ["比尔"], "概念": [], "方法": [], "理论": ["感觉", "需要"], "组织": [], "书籍": [], "情绪": ["蠢"], "行为": []}
2025-11-27 20:33:31,956 [INFO] ✅ 关系抽取成功: 共 0 个关系
2025-11-27 20:33:31,956 [INFO]    完整结果:
{"提出": [], "包含": [], "应用": [], "来源": [], "解释": [], "相关": [], "导致": [], "影响": []}
2025-11-27 20:33:31,957 [INFO] 
📊 进度统计:
2025-11-27 20:33:31,957 [INFO]    已处理批次: 507/693 (73.2%)
2025-11-27 20:33:31,957 [INFO]    已处理段落: 2535/3465
2025-11-27 20:33:31,957 [INFO]    成功: 507, 失败: 0
2025-11-27 20:33:31,957 [INFO]    已用时: 69.8 分钟
2025-11-27 20:33:31,957 [INFO]    预计剩余: 25.6 分钟
2025-11-27 20:33:31,957 [INFO]    预计总时间: 95.4 分钟
2025-11-27 20:33:31,957 [INFO] 
================================================================================
2025-11-27 20:33:31,957 [INFO] 处理第 508/693 批 (段落 2536-2540)
2025-11-27 20:33:31,957 [INFO] ================================================================================
2025-11-27 20:33:31,957 [INFO] 📄 本批段落数: 5
2025-11-27 20:33:31,957 [INFO] 📄 合并文本长度: 149 字符
2025-11-27 20:33:31,957 [INFO] 📄 完整文本:
的事情感到伤心和悔恨，因为，你希望我们相信你无意伤害任何人？

比尔：是的，我没有想到会惹这么大的麻烦。我只是没有把事情想清

父亲：你是不是想说，希望自己当时能够三思而后行？

父亲：听到你这么说，我就放心了。为了修复和乔治家的关系，我希望

你去找他，并且告诉他你刚才的那些话，你愿意这样做吗？
2025-11-27 20:33:31,957 [INFO] --------------------------------------------------------------------------------
2025-11-27 20:33:35,449 [INFO] ✅ 实体抽取成功: 共 2 个实体
2025-11-27 20:33:35,449 [INFO]    完整结果:
{"人物": ["比尔"], "概念": [], "方法": [], "理论": [], "组织": [], "书籍": [], "情绪": ["伤心"], "行为": []}
2025-11-27 20:33:38,527 [INFO] ✅ 关系抽取成功: 共 0 个关系
2025-11-27 20:33:38,527 [INFO]    完整结果:
{"提出": [], "包含": [], "应用": [], "来源": [], "解释": [], "相关": [], "导致": [], "影响": []}
2025-11-27 20:33:38,527 [INFO] 
📊 进度统计:
2025-11-27 20:33:38,527 [INFO]    已处理批次: 508/693 (73.3%)
2025-11-27 20:33:38,527 [INFO]    已处理段落: 2540/3465
2025-11-27 20:33:38,527 [INFO]    成功: 508, 失败: 0
2025-11-27 20:33:38,527 [INFO]    已用时: 69.9 分钟
2025-11-27 20:33:38,527 [INFO]    预计剩余: 25.5 分钟
2025-11-27 20:33:38,527 [INFO]    预计总时间: 95.3 分钟
2025-11-27 20:33:38,527 [INFO] 
================================================================================
2025-11-27 20:33:38,527 [INFO] 处理第 509/693 批 (段落 2541-2545)
2025-11-27 20:33:38,527 [INFO] ================================================================================
2025-11-27 20:33:38,527 [INFO] 📄 本批段落数: 5
2025-11-27 20:33:38,527 [INFO] 📄 合并文本长度: 149 字符
2025-11-27 20:33:38,527 [INFO] 📄 完整文本:
父亲：是的，他很有可能会生气。不过，这就是你要面对的一个后果，

你愿意为你的行为负责吗？我喜欢乔治，不想失去这个朋友。而且，我

比尔：（害怕且犹豫着）好吧……好。我想可以吧。

父亲：你是不是有点害怕去见他们，你希望能有安全感？

父亲：那我们一起去吧！我会陪你、支持你。你愿意这么做，我真的以
2025-11-27 20:33:38,527 [INFO] --------------------------------------------------------------------------------
2025-11-27 20:33:42,620 [INFO] ✅ 实体抽取成功: 共 4 个实体
2025-11-27 20:33:42,620 [INFO]    完整结果:
{"人物": ["乔治", "比尔"], "概念": [], "方法": [], "理论": [], "组织": [], "书籍": [], "情绪": ["生气", "害怕"], "行为": []}
2025-11-27 20:33:45,698 [INFO] ✅ 关系抽取成功: 共 0 个关系
2025-11-27 20:33:45,699 [INFO]    完整结果:
{"提出": [], "包含": [], "应用": [], "来源": [], "解释": [], "相关": [], "导致": [], "影响": []}
2025-11-27 20:33:45,699 [INFO] 
📊 进度统计:
2025-11-27 20:33:45,699 [INFO]    已处理批次: 509/693 (73.4%)
2025-11-27 20:33:45,699 [INFO]    已处理段落: 2545/3465
2025-11-27 20:33:45,699 [INFO]    成功: 509, 失败: 0
2025-11-27 20:33:45,699 [INFO]    已用时: 70.0 分钟
2025-11-27 20:33:45,699 [INFO]    预计剩余: 25.3 分钟
2025-11-27 20:33:45,699 [INFO]    预计总时间: 95.3 分钟
2025-11-27 20:33:45,699 [INFO] 
================================================================================
2025-11-27 20:33:45,699 [INFO] 处理第 510/693 批 (段落 2546-2550)
2025-11-27 20:33:45,699 [INFO] ================================================================================
2025-11-27 20:33:45,699 [INFO] 📄 本批段落数: 5
2025-11-27 20:33:45,699 [INFO] 📄 合并文本长度: 157 字符
2025-11-27 20:33:45,699 [INFO] 📄 完整文本:
你已经熟悉了非暴力沟通的步骤，接着我将介绍如何用它来化解冲

突和纠纷。这些冲突可能是你与他人间的，也可能是他人之间（可能涉

及家人、伴侣、同事乃至陌生人）的。无论何种情况，化解冲突须用到

之前提及的所有原则：观察，识别和表达感受，将感受和需要相连，并

且用清晰、具体、正向的行动语言向另一方提出可行的请求。
2025-11-27 20:33:45,699 [INFO] --------------------------------------------------------------------------------
2025-11-27 20:33:53,811 [INFO] ✅ 实体抽取成功: 共 5 个实体
2025-11-27 20:33:53,811 [INFO]    完整结果:
{"人物": [], "概念": [], "方法": ["非暴力沟通"], "理论": [], "组织": [], "书籍": [], "情绪": [], "行为": ["观察", "识别和表达感受", "将感受和需要相连", "用清晰、具体、正向的行动语言向另一方提出可行的请求"]}
2025-11-27 20:33:58,834 [INFO] ✅ 关系抽取成功: 共 1 个关系
2025-11-27 20:33:58,835 [INFO]    完整结果:
{"提出": [], "包含": [], "应用": [{"subject": "非暴力沟通", "object": "化解冲突"}], "来源": [], "解释": [], "相关": [], "导致": [], "影响": []}
2025-11-27 20:33:58,835 [INFO] 
📊 进度统计:
2025-11-27 20:33:58,835 [INFO]    已处理批次: 510/693 (73.6%)
2025-11-27 20:33:58,835 [INFO]    已处理段落: 2550/3465
2025-11-27 20:33:58,835 [INFO]    成功: 510, 失败: 0
2025-11-27 20:33:58,835 [INFO]    已用时: 70.2 分钟
2025-11-27 20:33:58,835 [INFO]    预计剩余: 25.2 分钟
2025-11-27 20:33:58,835 [INFO]    预计总时间: 95.4 分钟
2025-11-27 20:33:58,835 [INFO] 
================================================================================
2025-11-27 20:33:58,835 [INFO] 处理第 511/693 批 (段落 2551-2555)
2025-11-27 20:33:58,835 [INFO] ================================================================================
2025-11-27 20:33:58,835 [INFO] 📄 本批段落数: 5
2025-11-27 20:33:58,835 [INFO] 📄 合并文本长度: 157 字符
2025-11-27 20:33:58,835 [INFO] 📄 完整文本:
数十年来，我用非暴力沟通在世界各地开展化解冲突的工作：从争

吵的情侣、家人，到劳资双方和相互交战的族群。我的经验教会我：化

解任何形式的冲突直至皆大欢喜，是完全有可能的。我们只需要有耐

心，愿意建立人与人之间的连结，跟随非暴力沟通的原则直至达成和

用非暴力沟通化解冲突时，最重要的是建立冲突双方之间的连结。
2025-11-27 20:33:58,835 [INFO] --------------------------------------------------------------------------------
2025-11-27 20:34:02,273 [INFO] ✅ 实体抽取成功: 共 1 个实体
2025-11-27 20:34:02,273 [INFO]    完整结果:
{"人物": [], "概念": [], "方法": ["非暴力沟通"], "理论": [], "组织": [], "书籍": [], "情绪": [], "行为": []}
2025-11-27 20:34:07,214 [INFO] ✅ 关系抽取成功: 共 1 个关系
2025-11-27 20:34:07,214 [INFO]    完整结果:
{"提出": [], "包含": [], "应用": [{"subject": "非暴力沟通", "object": "化解冲突"}], "来源": [], "解释": [], "相关": [], "导致": [], "影响": []}
2025-11-27 20:34:07,214 [INFO] 
📊 进度统计:
2025-11-27 20:34:07,214 [INFO]    已处理批次: 511/693 (73.7%)
2025-11-27 20:34:07,214 [INFO]    已处理段落: 2555/3465
2025-11-27 20:34:07,214 [INFO]    成功: 511, 失败: 0
2025-11-27 20:34:07,214 [INFO]    已用时: 70.4 分钟
2025-11-27 20:34:07,214 [INFO]    预计剩余: 25.1 分钟
2025-11-27 20:34:07,214 [INFO]    预计总时间: 95.4 分钟
2025-11-27 20:34:07,214 [INFO] 
================================================================================
2025-11-27 20:34:07,214 [INFO] 处理第 512/693 批 (段落 2556-2560)
2025-11-27 20:34:07,214 [INFO] ================================================================================
2025-11-27 20:34:07,214 [INFO] 📄 本批段落数: 5
2025-11-27 20:34:07,214 [INFO] 📄 合并文本长度: 161 字符
2025-11-27 20:34:07,214 [INFO] 📄 完整文本:
人与人之间只有建立了连结，才会发自内心地想要了解彼此的感受和需

要。唯有如此，非暴力沟通的步骤才能发挥效用。此外，你从一开始就

要让双方明白，冲突调解的目标并非让一方服从于另一方。只有当双方

都能理解这点，才有可能（甚至很容易）就如何满足大家的需要开展对

以非暴力沟通的方式寻求改变时，我们也在努力实践一种不同的价
2025-11-27 20:34:07,214 [INFO] --------------------------------------------------------------------------------
2025-11-27 20:34:10,604 [INFO] ✅ 实体抽取成功: 共 1 个实体
2025-11-27 20:34:10,604 [INFO]    完整结果:
{"人物": [], "概念": [], "方法": ["非暴力沟通"], "理论": [], "组织": [], "书籍": [], "情绪": [], "行为": []}
2025-11-27 20:34:15,456 [INFO] ✅ 关系抽取成功: 共 1 个关系
2025-11-27 20:34:15,456 [INFO]    完整结果:
{"提出": [], "包含": [], "应用": [{"subject": "非暴力沟通", "object": "冲突调解"}], "来源": [], "解释": [], "相关": [], "导致": [], "影响": []}
2025-11-27 20:34:15,456 [INFO] 
📊 进度统计:
2025-11-27 20:34:15,456 [INFO]    已处理批次: 512/693 (73.9%)
2025-11-27 20:34:15,456 [INFO]    已处理段落: 2560/3465
2025-11-27 20:34:15,456 [INFO]    成功: 512, 失败: 0
2025-11-27 20:34:15,456 [INFO]    已用时: 70.5 分钟
2025-11-27 20:34:15,456 [INFO]    预计剩余: 24.9 分钟
2025-11-27 20:34:15,456 [INFO]    预计总时间: 95.4 分钟
2025-11-27 20:34:15,456 [INFO] 
================================================================================
2025-11-27 20:34:15,456 [INFO] 处理第 513/693 批 (段落 2561-2565)
2025-11-27 20:34:15,456 [INFO] ================================================================================
2025-11-27 20:34:15,456 [INFO] 📄 本批段落数: 5
2025-11-27 20:34:15,456 [INFO] 📄 合并文本长度: 163 字符
2025-11-27 20:34:15,456 [INFO] 📄 完整文本:
值观：我们建立的每一段关系都反映着我们想要创造什么样的世界；我

们迈出的每一步都折射着我们追求什么样的关系。简而言之，我们寻求

改变的方式反映着我们所认同的价值观。我们了解了非暴力沟通的不同

之处在于，不去要求他人按照我们的意愿行事，而是学习有意识地克制

自己，努力创造人与人之间的关爱与尊重，使冲突的双方在重视自己需
2025-11-27 20:34:15,456 [INFO] --------------------------------------------------------------------------------
2025-11-27 20:34:19,291 [INFO] ✅ 实体抽取成功: 共 3 个实体
2025-11-27 20:34:19,291 [INFO]    完整结果:
{"人物": [], "概念": ["价值观"], "方法": ["非暴力沟通"], "理论": [], "组织": [], "书籍": [], "情绪": [], "行为": ["克制"]}
2025-11-27 20:34:24,012 [INFO] ✅ 关系抽取成功: 共 1 个关系
2025-11-27 20:34:24,012 [INFO]    完整结果:
{"提出": [], "包含": [], "应用": [{"subject": "非暴力沟通", "object": "冲突"}], "来源": [], "解释": [], "相关": [], "导致": [], "影响": []}
2025-11-27 20:34:24,012 [INFO] 
📊 进度统计:
2025-11-27 20:34:24,012 [INFO]    已处理批次: 513/693 (74.0%)
2025-11-27 20:34:24,012 [INFO]    已处理段落: 2565/3465
2025-11-27 20:34:24,012 [INFO]    成功: 513, 失败: 0
2025-11-27 20:34:24,012 [INFO]    已用时: 70.7 分钟
2025-11-27 20:34:24,012 [INFO]    预计剩余: 24.8 分钟
2025-11-27 20:34:24,012 [INFO]    预计总时间: 95.4 分钟
2025-11-27 20:34:24,012 [INFO] 
================================================================================
2025-11-27 20:34:24,012 [INFO] 处理第 514/693 批 (段落 2566-2570)
2025-11-27 20:34:24,012 [INFO] ================================================================================
2025-11-27 20:34:24,012 [INFO] 📄 本批段落数: 5
2025-11-27 20:34:24,012 [INFO] 📄 合并文本长度: 161 字符
2025-11-27 20:34:24,012 [INFO] 📄 完整文本:
要的同时，也意识到自己的需要和对方的福祉是相互依存的。如果能这

样，你将会惊讶地发现，那些原本看似无解的冲突竟能轻而易举地被化

因此，受邀化解冲突时，我的工作核心就是带领双方创造充满关爱

与尊重的关系，在这个基础上相互连结，而这往往是最困难的部分。一

旦关系建立了，我只需支持双方找到解决冲突的策略，直到大家都心满
2025-11-27 20:34:24,012 [INFO] --------------------------------------------------------------------------------
2025-11-27 20:34:27,327 [INFO] ✅ 实体抽取成功: 共 1 个实体
2025-11-27 20:34:27,327 [INFO]    完整结果:
{"人物": [], "概念": [], "方法": [], "理论": [], "组织": [], "书籍": [], "情绪": [], "行为": ["化解冲突"]}
2025-11-27 20:34:30,359 [INFO] ✅ 关系抽取成功: 共 0 个关系
2025-11-27 20:34:30,359 [INFO]    完整结果:
{"提出": [], "包含": [], "应用": [], "来源": [], "解释": [], "相关": [], "导致": [], "影响": []}
2025-11-27 20:34:30,360 [INFO] 
📊 进度统计:
2025-11-27 20:34:30,360 [INFO]    已处理批次: 514/693 (74.2%)
2025-11-27 20:34:30,360 [INFO]    已处理段落: 2570/3465
2025-11-27 20:34:30,360 [INFO]    成功: 514, 失败: 0
2025-11-27 20:34:30,360 [INFO]    已用时: 70.8 分钟
2025-11-27 20:34:30,360 [INFO]    预计剩余: 24.6 分钟
2025-11-27 20:34:30,360 [INFO]    预计总时间: 95.4 分钟
2025-11-27 20:34:30,360 [INFO] 
================================================================================
2025-11-27 20:34:30,360 [INFO] 处理第 515/693 批 (段落 2571-2575)
2025-11-27 20:34:30,360 [INFO] ================================================================================
2025-11-27 20:34:30,360 [INFO] 📄 本批段落数: 5
2025-11-27 20:34:30,360 [INFO] 📄 合并文本长度: 149 字符
2025-11-27 20:34:30,360 [INFO] 📄 完整文本:
请注意，我说的是满意，而非妥协。大部分的冲突解决工作致力于

妥协。这意味着大家都得让步，没有一方是全然满意的；而非暴力沟通

的目标是——让各方的需要都得到充分的满足。

非暴力沟通鼓励我们建立人与人之间的连结，这意味着，当我作为

第三方调解人（即有一位第三方人员介入冲突的两方进行调和工作）和
2025-11-27 20:34:30,360 [INFO] --------------------------------------------------------------------------------
2025-11-27 20:34:34,193 [INFO] ✅ 实体抽取成功: 共 3 个实体
2025-11-27 20:34:34,193 [INFO]    完整结果:
{"人物": [], "概念": [], "方法": ["非暴力沟通"], "理论": [], "组织": [], "书籍": [], "情绪": ["满意"], "行为": ["让步"]}
2025-11-27 20:34:37,213 [INFO] ✅ 关系抽取成功: 共 0 个关系
2025-11-27 20:34:37,213 [INFO]    完整结果:
{"提出": [], "包含": [], "应用": [], "来源": [], "解释": [], "相关": [], "导致": [], "影响": []}
2025-11-27 20:34:37,213 [INFO] 
📊 进度统计:
2025-11-27 20:34:37,213 [INFO]    已处理批次: 515/693 (74.3%)
2025-11-27 20:34:37,213 [INFO]    已处理段落: 2575/3465
2025-11-27 20:34:37,213 [INFO]    成功: 515, 失败: 0
2025-11-27 20:34:37,213 [INFO]    已用时: 70.9 分钟
2025-11-27 20:34:37,213 [INFO]    预计剩余: 24.5 分钟
2025-11-27 20:34:37,213 [INFO]    预计总时间: 95.4 分钟
2025-11-27 20:34:37,213 [INFO] 
================================================================================
2025-11-27 20:34:37,213 [INFO] 处理第 516/693 批 (段落 2576-2580)
2025-11-27 20:34:37,213 [INFO] ================================================================================
2025-11-27 20:34:37,213 [INFO] 📄 本批段落数: 5
2025-11-27 20:34:37,213 [INFO] 📄 合并文本长度: 160 字符
2025-11-27 20:34:37,213 [INFO] 📄 完整文本:
冲突中的双方（个人或者团体）开展工作时，我的工作方法和职业调解

有一次我在奥地利和一群职业调解人开会，他们在处理国际冲突方

面经验丰富，包括工会与资方间的冲突。在会中，我讲述了由我调停过

的几起冲突，例如，加州土地所有人与外来劳工间的暴力冲突，也谈到

我如何化解两个非洲部落间的纠纷（这部分在《用非暴力沟通化解冲
2025-11-27 20:34:37,214 [INFO] --------------------------------------------------------------------------------
2025-11-27 20:34:41,127 [INFO] ✅ 实体抽取成功: 共 1 个实体
2025-11-27 20:34:41,128 [INFO]    完整结果:
{"人物": [], "概念": [], "方法": [], "理论": [], "组织": [], "书籍": ["《用非暴力沟通化解冲"], "情绪": [], "行为": []}
2025-11-27 20:34:44,173 [INFO] ✅ 关系抽取成功: 共 0 个关系
2025-11-27 20:34:44,174 [INFO]    完整结果:
{"提出": [], "包含": [], "应用": [], "来源": [], "解释": [], "相关": [], "导致": [], "影响": []}
2025-11-27 20:34:44,174 [INFO] 
📊 进度统计:
2025-11-27 20:34:44,174 [INFO]    已处理批次: 516/693 (74.5%)
2025-11-27 20:34:44,174 [INFO]    已处理段落: 2580/3465
2025-11-27 20:34:44,174 [INFO]    成功: 516, 失败: 0
2025-11-27 20:34:44,174 [INFO]    已用时: 71.0 分钟
2025-11-27 20:34:44,174 [INFO]    预计剩余: 24.4 分钟
2025-11-27 20:34:44,174 [INFO]    预计总时间: 95.3 分钟
2025-11-27 20:34:44,174 [INFO] 
================================================================================
2025-11-27 20:34:44,174 [INFO] 处理第 517/693 批 (段落 2581-2585)
2025-11-27 20:34:44,174 [INFO] ================================================================================
2025-11-27 20:34:44,174 [INFO] 📄 本批段落数: 5
2025-11-27 20:34:44,174 [INFO] 📄 合并文本长度: 159 字符
2025-11-27 20:34:44,174 [INFO] 📄 完整文本:
突》一书中有详尽说明）以及其他一些极其困难又危险的冲突。

会上有人问我会花多少时间来研究冲突的情势。这是大部分职业调

解人开展工作的流程：先对导致冲突的问题做一番研究，然后开展实际

的调停工作。他们关注的重点是放在那些问题而非建立人的连结上。事

实上，在传统的“第三方调解”方法中，冲突双方甚至不一定同时在场。
2025-11-27 20:34:44,174 [INFO] --------------------------------------------------------------------------------
2025-11-27 20:34:47,817 [INFO] ✅ 实体抽取成功: 共 2 个实体
2025-11-27 20:34:47,817 [INFO]    完整结果:
{"人物": [], "概念": [], "方法": ["第三方调解"], "理论": [], "组织": [], "书籍": ["突》"], "情绪": [], "行为": []}
2025-11-27 20:34:50,859 [INFO] ✅ 关系抽取成功: 共 0 个关系
2025-11-27 20:34:50,859 [INFO]    完整结果:
{"提出": [], "包含": [], "应用": [], "来源": [], "解释": [], "相关": [], "导致": [], "影响": []}
2025-11-27 20:34:50,859 [INFO] 
📊 进度统计:
2025-11-27 20:34:50,859 [INFO]    已处理批次: 517/693 (74.6%)
2025-11-27 20:34:50,859 [INFO]    已处理段落: 2585/3465
2025-11-27 20:34:50,859 [INFO]    成功: 517, 失败: 0
2025-11-27 20:34:50,859 [INFO]    已用时: 71.1 分钟
2025-11-27 20:34:50,859 [INFO]    预计剩余: 24.2 分钟
2025-11-27 20:34:50,859 [INFO]    预计总时间: 95.3 分钟
2025-11-27 20:34:50,859 [INFO] 
================================================================================
2025-11-27 20:34:50,859 [INFO] 处理第 518/693 批 (段落 2586-2590)
2025-11-27 20:34:50,859 [INFO] ================================================================================
2025-11-27 20:34:50,859 [INFO] 📄 本批段落数: 5
2025-11-27 20:34:50,859 [INFO] 📄 合并文本长度: 160 字符
2025-11-27 20:34:50,860 [INFO] 📄 完整文本:
有一次，我作为接受调解的一方，与我方成员坐在一个房间里，对方则

坐在另一个房间，调解人就在两个房间之间来回穿梭。他问我们：“你

们希望他们怎么做？”然后将我们的话带给另一方，并询问他们的意

愿。接着他又回到我们这里，告诉我们：“他们不愿意那样做，但如

许多调解人认为，自己所扮演的角色是所谓的“第三个脑袋”，努力
2025-11-27 20:34:50,860 [INFO] --------------------------------------------------------------------------------
2025-11-27 20:34:54,335 [INFO] ✅ 实体抽取成功: 共 2 个实体
2025-11-27 20:34:54,335 [INFO]    完整结果:
{"人物": [], "概念": ["第三个脑袋"], "方法": [], "理论": [], "组织": [], "书籍": [], "情绪": [], "行为": ["穿梭"]}
2025-11-27 20:34:57,356 [INFO] ✅ 关系抽取成功: 共 0 个关系
2025-11-27 20:34:57,356 [INFO]    完整结果:
{"提出": [], "包含": [], "应用": [], "来源": [], "解释": [], "相关": [], "导致": [], "影响": []}
2025-11-27 20:34:57,356 [INFO] 
📊 进度统计:
2025-11-27 20:34:57,356 [INFO]    已处理批次: 518/693 (74.7%)
2025-11-27 20:34:57,356 [INFO]    已处理段落: 2590/3465
2025-11-27 20:34:57,356 [INFO]    成功: 518, 失败: 0
2025-11-27 20:34:57,356 [INFO]    已用时: 71.2 分钟
2025-11-27 20:34:57,356 [INFO]    预计剩余: 24.1 分钟
2025-11-27 20:34:57,356 [INFO]    预计总时间: 95.3 分钟
2025-11-27 20:34:57,356 [INFO] 
================================================================================
2025-11-27 20:34:57,356 [INFO] 处理第 519/693 批 (段落 2591-2595)
2025-11-27 20:34:57,356 [INFO] ================================================================================
2025-11-27 20:34:57,357 [INFO] 📄 本批段落数: 5
2025-11-27 20:34:57,357 [INFO] 📄 合并文本长度: 161 字符
2025-11-27 20:34:57,357 [INFO] 📄 完整文本:
想出办法让所有人达成共识。他们毫不关心要在这个过程中创造人与人

的连结。当我描述非暴力沟通的方法以及人与人建立连结的重要性时，

一位参会者提出了质疑，他认为我谈论的属于心理治疗范畴，而调解人

然而，根据我的经验，连结人非但不是心理治疗，还是化解冲突的

关键，是唯一能够有效化解冲突的方式。一旦你成功地建立了人与人之
2025-11-27 20:34:57,357 [INFO] --------------------------------------------------------------------------------
2025-11-27 20:35:01,757 [INFO] ✅ 实体抽取成功: 共 3 个实体
2025-11-27 20:35:01,757 [INFO]    完整结果:
{"人物": [], "概念": [], "方法": ["非暴力沟通"], "理论": [], "组织": [], "书籍": [], "情绪": [], "行为": ["调解人", "建立连结"]}
2025-11-27 20:35:04,811 [INFO] ✅ 关系抽取成功: 共 0 个关系
2025-11-27 20:35:04,811 [INFO]    完整结果:
{"提出": [], "包含": [], "应用": [], "来源": [], "解释": [], "相关": [], "导致": [], "影响": []}
2025-11-27 20:35:04,811 [INFO] 
📊 进度统计:
2025-11-27 20:35:04,811 [INFO]    已处理批次: 519/693 (74.9%)
2025-11-27 20:35:04,811 [INFO]    已处理段落: 2595/3465
2025-11-27 20:35:04,811 [INFO]    成功: 519, 失败: 0
2025-11-27 20:35:04,811 [INFO]    已用时: 71.3 分钟
2025-11-27 20:35:04,811 [INFO]    预计剩余: 23.9 分钟
2025-11-27 20:35:04,811 [INFO]    预计总时间: 95.2 分钟
2025-11-27 20:35:04,811 [INFO] 
================================================================================
2025-11-27 20:35:04,811 [INFO] 处理第 520/693 批 (段落 2596-2600)
2025-11-27 20:35:04,811 [INFO] ================================================================================
2025-11-27 20:35:04,812 [INFO] 📄 本批段落数: 5
2025-11-27 20:35:04,812 [INFO] 📄 合并文本长度: 160 字符
2025-11-27 20:35:04,812 [INFO] 📄 完整文本:
间的连结，问题多半会自行解决。与其由这“第三个脑袋”来问“我们可

以达成什么样的共识”，不如让每个人清楚表明自己的需要，此刻希望

对方做什么。在双方都明白对方的需要后，自然就能找出方法来满足彼

此的需要，也就是双方都能认同在调解工作结束后所实施的策略。

在详细讨论化解冲突的核心要素之前，我先大致介绍一下在化解自
2025-11-27 20:35:04,812 [INFO] --------------------------------------------------------------------------------
2025-11-27 20:35:08,034 [INFO] ✅ 实体抽取成功: 共 1 个实体
2025-11-27 20:35:08,034 [INFO]    完整结果:
{"人物": [], "概念": [], "方法": [], "理论": [], "组织": [], "书籍": [], "情绪": [], "行为": ["讨论"]}
2025-11-27 20:35:11,065 [INFO] ✅ 关系抽取成功: 共 0 个关系
2025-11-27 20:35:11,065 [INFO]    完整结果:
{"提出": [], "包含": [], "应用": [], "来源": [], "解释": [], "相关": [], "导致": [], "影响": []}
2025-11-27 20:35:11,065 [INFO] 
📊 进度统计:
2025-11-27 20:35:11,065 [INFO]    已处理批次: 520/693 (75.0%)
2025-11-27 20:35:11,065 [INFO]    已处理段落: 2600/3465
2025-11-27 20:35:11,065 [INFO]    成功: 520, 失败: 0
2025-11-27 20:35:11,065 [INFO]    已用时: 71.4 分钟
2025-11-27 20:35:11,065 [INFO]    预计剩余: 23.8 分钟
2025-11-27 20:35:11,065 [INFO]    预计总时间: 95.2 分钟
2025-11-27 20:35:11,065 [INFO] 
================================================================================
2025-11-27 20:35:11,065 [INFO] 处理第 521/693 批 (段落 2601-2605)
2025-11-27 20:35:11,065 [INFO] ================================================================================
2025-11-27 20:35:11,065 [INFO] 📄 本批段落数: 5
2025-11-27 20:35:11,065 [INFO] 📄 合并文本长度: 157 字符
2025-11-27 20:35:11,065 [INFO] 📄 完整文本:
己和他人的冲突过程中所涉及的5个步骤。任何一方都可以先表达自己

·其次，不论对方说什么，设法找出他们真正的需要。如果发现他

们表达的是想法、评判或分析，而不是需要，我们可以继续寻找话语背

·第三，确认我们都准确理解了彼此的需要，否则，继续寻找话语

·第四，尽可能地同理对方，以便让双方都能确切地了解彼此的需
2025-11-27 20:35:11,065 [INFO] --------------------------------------------------------------------------------
2025-11-27 20:35:16,446 [INFO] ✅ 实体抽取成功: 共 4 个实体
2025-11-27 20:35:16,446 [INFO]    完整结果:
{"人物": [], "概念": [], "方法": ["表达自己", "找出他们真正的需要", "确认准确理解了彼此的需要", "同理对方"], "理论": [], "组织": [], "书籍": [], "情绪": [], "行为": []}
2025-11-27 20:35:19,478 [INFO] ✅ 关系抽取成功: 共 0 个关系
2025-11-27 20:35:19,479 [INFO]    完整结果:
{"提出": [], "包含": [], "应用": [], "来源": [], "解释": [], "相关": [], "导致": [], "影响": []}
2025-11-27 20:35:19,479 [INFO] 
📊 进度统计:
2025-11-27 20:35:19,479 [INFO]    已处理批次: 521/693 (75.2%)
2025-11-27 20:35:19,479 [INFO]    已处理段落: 2605/3465
2025-11-27 20:35:19,479 [INFO]    成功: 521, 失败: 0
2025-11-27 20:35:19,479 [INFO]    已用时: 71.6 分钟
2025-11-27 20:35:19,479 [INFO]    预计剩余: 23.6 分钟
2025-11-27 20:35:19,479 [INFO]    预计总时间: 95.2 分钟
2025-11-27 20:35:19,479 [INFO] 
================================================================================
2025-11-27 20:35:19,479 [INFO] 处理第 522/693 批 (段落 2606-2610)
2025-11-27 20:35:19,479 [INFO] ================================================================================
2025-11-27 20:35:19,479 [INFO] 📄 本批段落数: 5
2025-11-27 20:35:19,479 [INFO] 📄 合并文本长度: 154 字符
2025-11-27 20:35:19,479 [INFO] 📄 完整文本:
·第五，当双方都澄清了事件中的需要后，我们就可以用正向的描

在整个过程中，我们要仔细聆听彼此的心声，避免在言语中影射对

理解与表达需要是非暴力沟通冲突解决的核心，让我们来回顾这一

本质上，需要是我们用以维系生命的资源。人人都有身体上的需

要，如空气、水、食物、休息；也有心理上的需要，如理解、支持、诚
2025-11-27 20:35:19,479 [INFO] --------------------------------------------------------------------------------
2025-11-27 20:35:23,319 [INFO] ✅ 实体抽取成功: 共 2 个实体
2025-11-27 20:35:23,320 [INFO]    完整结果:
{"人物": [], "概念": ["非暴力沟通冲突解决"], "方法": [], "理论": [], "组织": [], "书籍": [], "情绪": [], "行为": ["聆听"]}
2025-11-27 20:35:28,299 [INFO] ✅ 关系抽取成功: 共 1 个关系
2025-11-27 20:35:28,299 [INFO]    完整结果:
{"提出": [], "包含": [], "应用": [{"subject": "非暴力沟通冲突解决", "object": "需要"}], "来源": [], "解释": [], "相关": [], "导致": [], "影响": []}
2025-11-27 20:35:28,299 [INFO] 
📊 进度统计:
2025-11-27 20:35:28,299 [INFO]    已处理批次: 522/693 (75.3%)
2025-11-27 20:35:28,299 [INFO]    已处理段落: 2610/3465
2025-11-27 20:35:28,299 [INFO]    成功: 522, 失败: 0
2025-11-27 20:35:28,299 [INFO]    已用时: 71.7 分钟
2025-11-27 20:35:28,299 [INFO]    预计剩余: 23.5 分钟
2025-11-27 20:35:28,299 [INFO]    预计总时间: 95.2 分钟
2025-11-27 20:35:28,299 [INFO] 
================================================================================
2025-11-27 20:35:28,299 [INFO] 处理第 523/693 批 (段落 2611-2615)
2025-11-27 20:35:28,299 [INFO] ================================================================================
2025-11-27 20:35:28,299 [INFO] 📄 本批段落数: 5
2025-11-27 20:35:28,299 [INFO] 📄 合并文本长度: 154 字符
2025-11-27 20:35:28,299 [INFO] 📄 完整文本:
实和意义。我相信，无论国籍、宗教、性别、收入、教育程度等等，每

我们还要明了“需要”和满足需要的“策略”是不同的。在化解冲突

时，清晰分辨“需要”和“策略”的不同是非常重要的。

许多人很难表达自己的需要。社会教会了我们评判和侮辱的语言，

这些沟通方式让我们彼此疏离。在冲突中，双方通常会花大量时间证明
2025-11-27 20:35:28,299 [INFO] --------------------------------------------------------------------------------
2025-11-27 20:35:31,799 [INFO] ✅ 实体抽取成功: 共 2 个实体
2025-11-27 20:35:31,799 [INFO]    完整结果:
{"人物": [], "概念": [], "方法": [], "理论": [], "组织": [], "书籍": [], "情绪": [], "行为": ["判断", "侮辱"]}
2025-11-27 20:35:34,853 [INFO] ✅ 关系抽取成功: 共 0 个关系
2025-11-27 20:35:34,853 [INFO]    完整结果:
{"提出": [], "包含": [], "应用": [], "来源": [], "解释": [], "相关": [], "导致": [], "影响": []}
2025-11-27 20:35:34,853 [INFO] 
📊 进度统计:
2025-11-27 20:35:34,853 [INFO]    已处理批次: 523/693 (75.5%)
2025-11-27 20:35:34,853 [INFO]    已处理段落: 2615/3465
2025-11-27 20:35:34,853 [INFO]    成功: 523, 失败: 0
2025-11-27 20:35:34,853 [INFO]    已用时: 71.8 分钟
2025-11-27 20:35:34,853 [INFO]    预计剩余: 23.3 分钟
2025-11-27 20:35:34,853 [INFO]    预计总时间: 95.2 分钟
2025-11-27 20:35:34,853 [INFO] 
================================================================================
2025-11-27 20:35:34,853 [INFO] 处理第 524/693 批 (段落 2616-2620)
2025-11-27 20:35:34,853 [INFO] ================================================================================
2025-11-27 20:35:34,853 [INFO] 📄 本批段落数: 5
2025-11-27 20:35:34,853 [INFO] 📄 合并文本长度: 162 字符
2025-11-27 20:35:34,853 [INFO] 📄 完整文本:
自己是对的、对方是错的，而不会关注自己和对方的需要。语言上的冲

为了避免将“需要”和“策略”混为一谈，我们一定要记得，“需要”并

不涉及某个人所采取的特定行动；相反，“策略”则涉及某个人可能采取

的某个行动，它的形式可以是请求、诉求、愿望以及“解决方案”等。

举例来说，有一次，我遇到一对正准备离婚的夫妻。我问那位先
2025-11-27 20:35:34,853 [INFO] --------------------------------------------------------------------------------
2025-11-27 20:35:39,253 [INFO] ✅ 实体抽取成功: 共 4 个实体
2025-11-27 20:35:39,253 [INFO]    完整结果:
{"人物": [], "概念": ["需要", "策略", "行动"], "方法": [], "理论": [], "组织": [], "书籍": [], "情绪": [], "行为": ["离婚"]}
2025-11-27 20:35:42,364 [INFO] ✅ 关系抽取成功: 共 0 个关系
2025-11-27 20:35:42,365 [INFO]    完整结果:
{"提出": [], "包含": [], "应用": [], "来源": [], "解释": [], "相关": [], "导致": [], "影响": []}
2025-11-27 20:35:42,365 [INFO] 
📊 进度统计:
2025-11-27 20:35:42,365 [INFO]    已处理批次: 524/693 (75.6%)
2025-11-27 20:35:42,365 [INFO]    已处理段落: 2620/3465
2025-11-27 20:35:42,365 [INFO]    成功: 524, 失败: 0
2025-11-27 20:35:42,365 [INFO]    已用时: 72.0 分钟
2025-11-27 20:35:42,365 [INFO]    预计剩余: 23.2 分钟
2025-11-27 20:35:42,365 [INFO]    预计总时间: 95.2 分钟
2025-11-27 20:35:42,365 [INFO] 
================================================================================
2025-11-27 20:35:42,365 [INFO] 处理第 525/693 批 (段落 2621-2625)
2025-11-27 20:35:42,365 [INFO] ================================================================================
2025-11-27 20:35:42,365 [INFO] 📄 本批段落数: 5
2025-11-27 20:35:42,365 [INFO] 📄 合并文本长度: 154 字符
2025-11-27 20:35:42,365 [INFO] 📄 完整文本:
生：在婚姻中，他有哪些需要没有得到满足。他说：“我需要结束这段

婚姻。”他所表述的是某个人（他自己）采取的某个行动（结束婚

姻）。因而，他表达的并非一个“需要”，而是“策略”。

我向那位先生指出了这一点，并建议他先来厘清自己和太太的需

要，然后再看看要不要采取“结束婚姻”的策略。当他们连结了各自和对
2025-11-27 20:35:42,365 [INFO] --------------------------------------------------------------------------------
2025-11-27 20:35:47,690 [INFO] ✅ 实体抽取成功: 共 2 个实体
2025-11-27 20:35:47,690 [INFO]    完整结果:
{"人物": [], "概念": [], "方法": [], "理论": [], "组织": [], "书籍": [], "情绪": [], "行为": ["结束这段\n\n婚姻", "结束婚\n\n姻"]}
2025-11-27 20:35:50,810 [INFO] ✅ 关系抽取成功: 共 0 个关系
2025-11-27 20:35:50,811 [INFO]    完整结果:
{"提出": [], "包含": [], "应用": [], "来源": [], "解释": [], "相关": [], "导致": [], "影响": []}
2025-11-27 20:35:50,811 [INFO] 
📊 进度统计:
2025-11-27 20:35:50,811 [INFO]    已处理批次: 525/693 (75.8%)
2025-11-27 20:35:50,811 [INFO]    已处理段落: 2625/3465
2025-11-27 20:35:50,811 [INFO]    成功: 525, 失败: 0
2025-11-27 20:35:50,811 [INFO]    已用时: 72.1 分钟
2025-11-27 20:35:50,811 [INFO]    预计剩余: 23.1 分钟
2025-11-27 20:35:50,811 [INFO]    预计总时间: 95.2 分钟
2025-11-27 20:35:50,811 [INFO] 
================================================================================
2025-11-27 20:35:50,811 [INFO] 处理第 526/693 批 (段落 2626-2630)
2025-11-27 20:35:50,811 [INFO] ================================================================================
2025-11-27 20:35:50,811 [INFO] 📄 本批段落数: 5
2025-11-27 20:35:50,811 [INFO] 📄 合并文本长度: 154 字符
2025-11-27 20:35:50,811 [INFO] 📄 完整文本:
方的需要后，便发现，除了离婚，他们还可以通过其他的策略来满足这

些需要。那位先生承认，因为工作辛苦压力很大，他的需要是得到欣赏

和理解。他的太太则意识到，她的需要是亲密和连结，但丈夫的工作却

占据了他太多时间。当他们真正理解了彼此的需要，就能够达成一些约

定，在顾及先生工作的情况下，满足双方的需要。
2025-11-27 20:35:50,811 [INFO] --------------------------------------------------------------------------------
2025-11-27 20:35:54,057 [INFO] ✅ 实体抽取成功: 共 1 个实体
2025-11-27 20:35:54,057 [INFO]    完整结果:
{"人物": [], "概念": [], "方法": [], "理论": [], "组织": [], "书籍": [], "情绪": [], "行为": ["离婚"]}
2025-11-27 20:35:57,120 [INFO] ✅ 关系抽取成功: 共 0 个关系
2025-11-27 20:35:57,121 [INFO]    完整结果:
{"提出": [], "包含": [], "应用": [], "来源": [], "解释": [], "相关": [], "导致": [], "影响": []}
2025-11-27 20:35:57,121 [INFO] 
📊 进度统计:
2025-11-27 20:35:57,121 [INFO]    已处理批次: 526/693 (75.9%)
2025-11-27 20:35:57,121 [INFO]    已处理段落: 2630/3465
2025-11-27 20:35:57,121 [INFO]    成功: 526, 失败: 0
2025-11-27 20:35:57,121 [INFO]    已用时: 72.2 分钟
2025-11-27 20:35:57,121 [INFO]    预计剩余: 22.9 分钟
2025-11-27 20:35:57,121 [INFO]    预计总时间: 95.1 分钟
2025-11-27 20:35:57,121 [INFO] 
================================================================================
2025-11-27 20:35:57,121 [INFO] 处理第 527/693 批 (段落 2631-2635)
2025-11-27 20:35:57,121 [INFO] ================================================================================
2025-11-27 20:35:57,121 [INFO] 📄 本批段落数: 5
2025-11-27 20:35:57,121 [INFO] 📄 合并文本长度: 160 字符
2025-11-27 20:35:57,121 [INFO] 📄 完整文本:
还有一对夫妻，因为不了解何谓“需要”，以为“表达需要”就是“分

析对方的问题”，两人甚至走到拳脚相向的境地。那位先生在工作坊结

束后找到我，含着泪描述了他的境况，并问我是否愿意私下为他和妻子

我答应了去他家与夫妻俩见面。那天晚上，我开门见山地对他们

说：“我知道你们两人都很痛苦。首先，我想请你们各自表达你们在这
2025-11-27 20:35:57,121 [INFO] --------------------------------------------------------------------------------
2025-11-27 20:36:02,270 [INFO] ✅ 实体抽取成功: 共 3 个实体
2025-11-27 20:36:02,271 [INFO]    完整结果:
{"人物": [], "概念": [], "方法": [], "理论": [], "组织": [], "书籍": [], "情绪": ["泪"], "行为": ["表达需要", "分\n\n析对方的问题"]}
2025-11-27 20:36:05,457 [INFO] ✅ 关系抽取成功: 共 0 个关系
2025-11-27 20:36:05,458 [INFO]    完整结果:
{"提出": [], "包含": [], "应用": [], "来源": [], "解释": [], "相关": [], "导致": [], "影响": []}
2025-11-27 20:36:05,458 [INFO] 
📊 进度统计:
2025-11-27 20:36:05,458 [INFO]    已处理批次: 527/693 (76.0%)
2025-11-27 20:36:05,458 [INFO]    已处理段落: 2635/3465
2025-11-27 20:36:05,458 [INFO]    成功: 527, 失败: 0
2025-11-27 20:36:05,458 [INFO]    已用时: 72.3 分钟
2025-11-27 20:36:05,458 [INFO]    预计剩余: 22.8 分钟
2025-11-27 20:36:05,458 [INFO]    预计总时间: 95.1 分钟
2025-11-27 20:36:05,458 [INFO] 
================================================================================
2025-11-27 20:36:05,458 [INFO] 处理第 528/693 批 (段落 2636-2640)
2025-11-27 20:36:05,458 [INFO] ================================================================================
2025-11-27 20:36:05,458 [INFO] 📄 本批段落数: 5
2025-11-27 20:36:05,458 [INFO] 📄 合并文本长度: 156 字符
2025-11-27 20:36:05,458 [INFO] 📄 完整文本:
段婚姻关系中没有被满足的需要。我相信，一旦你们明白了彼此的需

由于不知道什么是需要，那位先生劈头盖脸地对着太太说：“你的

他的妻子也用同样的方式回答道：“你每次都这么说，这对我太不

他们两人都没有表达自己的需要，而是在分析对方的问题，人们又

往往很容易将分析听成批评。诚如我在先前所提到的，分析对方的问题
2025-11-27 20:36:05,458 [INFO] --------------------------------------------------------------------------------
2025-11-27 20:36:09,193 [INFO] ✅ 实体抽取成功: 共 2 个实体
2025-11-27 20:36:09,193 [INFO]    完整结果:
{"人物": [], "概念": [], "方法": [], "理论": [], "组织": [], "书籍": [], "情绪": [], "行为": ["劈头盖脸", "分析"]}
2025-11-27 20:36:12,182 [INFO] ✅ 关系抽取成功: 共 0 个关系
2025-11-27 20:36:12,182 [INFO]    完整结果:
{"提出": [], "包含": [], "应用": [], "来源": [], "解释": [], "相关": [], "导致": [], "影响": []}
2025-11-27 20:36:12,182 [INFO] 
📊 进度统计:
2025-11-27 20:36:12,182 [INFO]    已处理批次: 528/693 (76.2%)
2025-11-27 20:36:12,182 [INFO]    已处理段落: 2640/3465
2025-11-27 20:36:12,182 [INFO]    成功: 528, 失败: 0
2025-11-27 20:36:12,182 [INFO]    已用时: 72.5 分钟
2025-11-27 20:36:12,182 [INFO]    预计剩余: 22.6 分钟
2025-11-27 20:36:12,182 [INFO]    预计总时间: 95.1 分钟
2025-11-27 20:36:12,182 [INFO] 
================================================================================
2025-11-27 20:36:12,182 [INFO] 处理第 529/693 批 (段落 2641-2645)
2025-11-27 20:36:12,182 [INFO] ================================================================================
2025-11-27 20:36:12,182 [INFO] 📄 本批段落数: 5
2025-11-27 20:36:12,182 [INFO] 📄 合并文本长度: 164 字符
2025-11-27 20:36:12,182 [INFO] 📄 完整文本:
或暗示对方有错，实质是在表达自己未被满足的需要，但这种表达方式

却会带来糟糕的影响。以这对夫妻为例，先生的需要是得到支持与理

解，但他所表达出来的却是妻子“无动于衷”；妻子也希望得到真正的理

解，但她说出来的却是先生对她“不公平”。他们花了好些时间才终于找

到了彼此的需要，但一直等到真正认可和理解了对方的需要后，他们才
2025-11-27 20:36:12,182 [INFO] --------------------------------------------------------------------------------
2025-11-27 20:36:18,569 [INFO] ✅ 实体抽取成功: 共 5 个实体
2025-11-27 20:36:18,569 [INFO]    完整结果:
{"人物": [], "概念": [], "方法": [], "理论": [], "组织": [], "书籍": [], "情绪": [], "行为": ["暗示", "表达", "得到支持与理\n\n解", "理\n\n解", "不公平"]}
2025-11-27 20:36:24,956 [INFO] ✅ 关系抽取成功: 共 2 个关系
2025-11-27 20:36:24,956 [INFO]    完整结果:
{"提出": [], "包含": [], "应用": [], "来源": [], "解释": [], "相关": [], "导致": [], "影响": [{"subject": "表达方式", "object": "影响"}, {"subject": "需要", "object": "表达方式"}]}
2025-11-27 20:36:24,956 [INFO] 
📊 进度统计:
2025-11-27 20:36:24,956 [INFO]    已处理批次: 529/693 (76.3%)
2025-11-27 20:36:24,956 [INFO]    已处理段落: 2645/3465
2025-11-27 20:36:24,956 [INFO]    成功: 529, 失败: 0
2025-11-27 20:36:24,956 [INFO]    已用时: 72.7 分钟
2025-11-27 20:36:24,956 [INFO]    预计剩余: 22.5 分钟
2025-11-27 20:36:24,957 [INFO]    预计总时间: 95.2 分钟
2025-11-27 20:36:24,957 [INFO] 
================================================================================
2025-11-27 20:36:24,957 [INFO] 处理第 530/693 批 (段落 2646-2650)
2025-11-27 20:36:24,957 [INFO] ================================================================================
2025-11-27 20:36:24,957 [INFO] 📄 本批段落数: 5
2025-11-27 20:36:24,957 [INFO] 📄 合并文本长度: 159 字符
2025-11-27 20:36:24,957 [INFO] 📄 完整文本:
还有一次，我为一家公司做顾问。由于严重的内部派系纷争，公司

员工的士气和产量都一落千丈。纷争的起因是，同一部门内的两个团队

因为使用哪个软件而各执己见、争执不休。其中一个团队曾花了很多心

血研发出公司当时正在使用的软件，因此希望能继续使用下去；另一个

首先我请双方告诉我，他们各自坚持使用的那个软件，能满足自己
2025-11-27 20:36:24,957 [INFO] --------------------------------------------------------------------------------
2025-11-27 20:36:29,050 [INFO] ✅ 实体抽取成功: 共 3 个实体
2025-11-27 20:36:29,050 [INFO]    完整结果:
{"人物": [], "概念": [], "方法": [], "理论": [], "组织": [], "书籍": [], "情绪": [], "行为": ["做顾问", "使用", "研发出"]}
2025-11-27 20:36:35,336 [INFO] ✅ 关系抽取成功: 共 1 个关系
2025-11-27 20:36:35,336 [INFO]    完整结果:
{"提出": [], "包含": [], "应用": [], "来源": [], "解释": [], "相关": [], "导致": [{"subject": "内部派系纷争", "object": "员工的士气和产量都一落千丈"}], "影响": []}
2025-11-27 20:36:35,336 [INFO] 
📊 进度统计:
2025-11-27 20:36:35,336 [INFO]    已处理批次: 530/693 (76.5%)
2025-11-27 20:36:35,336 [INFO]    已处理段落: 2650/3465
2025-11-27 20:36:35,336 [INFO]    成功: 530, 失败: 0
2025-11-27 20:36:35,336 [INFO]    已用时: 72.8 分钟
2025-11-27 20:36:35,337 [INFO]    预计剩余: 22.4 分钟
2025-11-27 20:36:35,337 [INFO]    预计总时间: 95.2 分钟
2025-11-27 20:36:35,337 [INFO] 
================================================================================
2025-11-27 20:36:35,337 [INFO] 处理第 531/693 批 (段落 2651-2655)
2025-11-27 20:36:35,337 [INFO] ================================================================================
2025-11-27 20:36:35,337 [INFO] 📄 本批段落数: 5
2025-11-27 20:36:35,337 [INFO] 📄 合并文本长度: 161 字符
2025-11-27 20:36:35,337 [INFO] 📄 完整文本:
什么样的需要。但他们习惯以理性分析的方式回答，这往往会被另一方

视为对自己的批评。主张开发新软件的一位团队成员表示：“我们当然

可以继续维持这种过分保守的作风，但这样下去，我想未来等待我们的

就是失业。要进步就得冒一些险，敢于突破固有的做法。”反对派的一

位成员则回应道：“盲目冲动地追逐新事物并不符合我们的最佳利
2025-11-27 20:36:35,337 [INFO] --------------------------------------------------------------------------------
2025-11-27 20:36:38,596 [INFO] ✅ 实体抽取成功: 共 1 个实体
2025-11-27 20:36:38,596 [INFO]    完整结果:
{"人物": [], "概念": [], "方法": ["理性分析"], "理论": [], "组织": [], "书籍": [], "情绪": [], "行为": []}
2025-11-27 20:36:41,592 [INFO] ✅ 关系抽取成功: 共 0 个关系
2025-11-27 20:36:41,592 [INFO]    完整结果:
{"提出": [], "包含": [], "应用": [], "来源": [], "解释": [], "相关": [], "导致": [], "影响": []}
2025-11-27 20:36:41,592 [INFO] 
📊 进度统计:
2025-11-27 20:36:41,592 [INFO]    已处理批次: 531/693 (76.6%)
2025-11-27 20:36:41,592 [INFO]    已处理段落: 2655/3465
2025-11-27 20:36:41,592 [INFO]    成功: 531, 失败: 0
2025-11-27 20:36:41,592 [INFO]    已用时: 72.9 分钟
2025-11-27 20:36:41,592 [INFO]    预计剩余: 22.3 分钟
2025-11-27 20:36:41,592 [INFO]    预计总时间: 95.2 分钟
2025-11-27 20:36:41,592 [INFO] 
================================================================================
2025-11-27 20:36:41,592 [INFO] 处理第 532/693 批 (段落 2656-2660)
2025-11-27 20:36:41,592 [INFO] ================================================================================
2025-11-27 20:36:41,592 [INFO] 📄 本批段落数: 5
2025-11-27 20:36:41,592 [INFO] 📄 合并文本长度: 157 字符
2025-11-27 20:36:41,592 [INFO] 📄 完整文本:
益。”他们承认，几个月来双方都在重复类似的分析，非但没有解决问

若不知道如何清楚直接地表达自己的需要，而只是分析对方的问

题，就会让对方认为遭受到了批评，我们就把自己一步步推向了战争

要用非暴力沟通来化解冲突，我们需要训练自己——无论他人用什

么方式来表达，都听见那背后的需要。如果我们真的想支持他人，就要
2025-11-27 20:36:41,592 [INFO] --------------------------------------------------------------------------------
2025-11-27 20:36:44,949 [INFO] ✅ 实体抽取成功: 共 1 个实体
2025-11-27 20:36:44,949 [INFO]    完整结果:
{"人物": [], "概念": [], "方法": ["非暴力沟通"], "理论": [], "组织": [], "书籍": [], "情绪": [], "行为": []}
2025-11-27 20:36:49,567 [INFO] ✅ 关系抽取成功: 共 1 个关系
2025-11-27 20:36:49,568 [INFO]    完整结果:
{"提出": [], "包含": [], "应用": [{"subject": "非暴力沟通", "object": "化解冲突"}], "来源": [], "解释": [], "相关": [], "导致": [], "影响": []}
2025-11-27 20:36:49,568 [INFO] 
📊 进度统计:
2025-11-27 20:36:49,568 [INFO]    已处理批次: 532/693 (76.8%)
2025-11-27 20:36:49,568 [INFO]    已处理段落: 2660/3465
2025-11-27 20:36:49,568 [INFO]    成功: 532, 失败: 0
2025-11-27 20:36:49,568 [INFO]    已用时: 73.1 分钟
2025-11-27 20:36:49,568 [INFO]    预计剩余: 22.1 分钟
2025-11-27 20:36:49,568 [INFO]    预计总时间: 95.2 分钟
2025-11-27 20:36:49,568 [INFO] 
================================================================================
2025-11-27 20:36:49,568 [INFO] 处理第 533/693 批 (段落 2661-2665)
2025-11-27 20:36:49,568 [INFO] ================================================================================
2025-11-27 20:36:49,568 [INFO] 📄 本批段落数: 5
2025-11-27 20:36:49,568 [INFO] 📄 合并文本长度: 163 字符
2025-11-27 20:36:49,568 [INFO] 📄 完整文本:
先学习将任何信息翻译为需要。沉默、否定、评判、肢体语言或请求等

都是“信息”的不同呈现形式。我们要磨练的技巧是聆听每个信息中所隐

例如，在和别人交谈时，如果我问对方刚才说的话是什么意思，对

方回应我的是：“你这个问题真傻！”这时我就知道，那人只不过是以评

判的方式来表达某个自己的需要。于是，我接着来猜测那是什么样的需
2025-11-27 20:36:49,568 [INFO] --------------------------------------------------------------------------------
2025-11-27 20:36:54,749 [INFO] ✅ 实体抽取成功: 共 6 个实体
2025-11-27 20:36:54,749 [INFO]    完整结果:
{"人物": [], "概念": [], "方法": [], "理论": [], "组织": [], "书籍": [], "情绪": [], "行为": ["翻译", "沉默", "否定", "评判", "肢体语言", "请求"]}
2025-11-27 20:36:57,770 [INFO] ✅ 关系抽取成功: 共 0 个关系
2025-11-27 20:36:57,770 [INFO]    完整结果:
{"提出": [], "包含": [], "应用": [], "来源": [], "解释": [], "相关": [], "导致": [], "影响": []}
2025-11-27 20:36:57,770 [INFO] 
📊 进度统计:
2025-11-27 20:36:57,770 [INFO]    已处理批次: 533/693 (76.9%)
2025-11-27 20:36:57,770 [INFO]    已处理段落: 2665/3465
2025-11-27 20:36:57,770 [INFO]    成功: 533, 失败: 0
2025-11-27 20:36:57,770 [INFO]    已用时: 73.2 分钟
2025-11-27 20:36:57,770 [INFO]    预计剩余: 22.0 分钟
2025-11-27 20:36:57,770 [INFO]    预计总时间: 95.2 分钟
2025-11-27 20:36:57,770 [INFO] 
================================================================================
2025-11-27 20:36:57,770 [INFO] 处理第 534/693 批 (段落 2666-2670)
2025-11-27 20:36:57,770 [INFO] ================================================================================
2025-11-27 20:36:57,770 [INFO] 📄 本批段落数: 5
2025-11-27 20:36:57,770 [INFO] 📄 合并文本长度: 164 字符
2025-11-27 20:36:57,770 [INFO] 📄 完整文本:
要——也许我的提问无法满足他被理解的需要。再例如，当我请伴侣谈

谈我们在关系中所面临的压力时，对方回答：“我不想谈。”我猜，也许

她的需要是保护自己，她担心谈了之后会有什么别的问题。因此，我们

的功课是去学习在别人不明说的情况下，识别话语中隐含的需要，通常

这要靠猜测。一旦感知到对方的需要，就可以向他们求证，再支持他们
2025-11-27 20:36:57,770 [INFO] --------------------------------------------------------------------------------
2025-11-27 20:37:01,353 [INFO] ✅ 实体抽取成功: 共 2 个实体
2025-11-27 20:37:01,354 [INFO]    完整结果:
{"人物": [], "概念": [], "方法": [], "理论": [], "组织": [], "书籍": [], "情绪": ["压力"], "行为": ["谈"]}
2025-11-27 20:37:04,447 [INFO] ✅ 关系抽取成功: 共 0 个关系
2025-11-27 20:37:04,448 [INFO]    完整结果:
{"提出": [], "包含": [], "应用": [], "来源": [], "解释": [], "相关": [], "导致": [], "影响": []}
2025-11-27 20:37:04,448 [INFO] 
📊 进度统计:
2025-11-27 20:37:04,448 [INFO]    已处理批次: 534/693 (77.1%)
2025-11-27 20:37:04,448 [INFO]    已处理段落: 2670/3465
2025-11-27 20:37:04,448 [INFO]    成功: 534, 失败: 0
2025-11-27 20:37:04,448 [INFO]    已用时: 73.3 分钟
2025-11-27 20:37:04,448 [INFO]    预计剩余: 21.8 分钟
2025-11-27 20:37:04,448 [INFO]    预计总时间: 95.2 分钟
2025-11-27 20:37:04,448 [INFO] 
================================================================================
2025-11-27 20:37:04,448 [INFO] 处理第 535/693 批 (段落 2671-2675)
2025-11-27 20:37:04,448 [INFO] ================================================================================
2025-11-27 20:37:04,448 [INFO] 📄 本批段落数: 5
2025-11-27 20:37:04,448 [INFO] 📄 合并文本长度: 162 字符
2025-11-27 20:37:04,448 [INFO] 📄 完整文本:
说出自己的需要。如果我们能够真正听见他人的需要，就能建立更深层

我认为，冲突中的人们一旦可以说出对方的需要，最多只要20分

钟，冲突就可以得到解决。在伴侣工作坊中，我通常会让吵得最久的夫

妻参与现场的演示，借以证明我的预测。有对夫妻在他们39年的婚姻中

为了金钱问题争吵不断。婚后6个月中，太太两度透支了账户里的钱，
2025-11-27 20:37:04,448 [INFO] --------------------------------------------------------------------------------
2025-11-27 20:37:08,201 [INFO] ✅ 实体抽取成功: 共 2 个实体
2025-11-27 20:37:08,202 [INFO]    完整结果:
{"人物": [], "概念": [], "方法": [], "理论": [], "组织": [], "书籍": [], "情绪": [], "行为": ["说出需要", "证明"]}
2025-11-27 20:37:11,235 [INFO] ✅ 关系抽取成功: 共 0 个关系
2025-11-27 20:37:11,235 [INFO]    完整结果:
{"提出": [], "包含": [], "应用": [], "来源": [], "解释": [], "相关": [], "导致": [], "影响": []}
2025-11-27 20:37:11,235 [INFO] 
📊 进度统计:
2025-11-27 20:37:11,235 [INFO]    已处理批次: 535/693 (77.2%)
2025-11-27 20:37:11,235 [INFO]    已处理段落: 2675/3465
2025-11-27 20:37:11,235 [INFO]    成功: 535, 失败: 0
2025-11-27 20:37:11,235 [INFO]    已用时: 73.4 分钟
2025-11-27 20:37:11,235 [INFO]    预计剩余: 21.7 分钟
2025-11-27 20:37:11,235 [INFO]    预计总时间: 95.1 分钟
2025-11-27 20:37:11,235 [INFO] 
================================================================================
2025-11-27 20:37:11,235 [INFO] 处理第 536/693 批 (段落 2676-2680)
2025-11-27 20:37:11,235 [INFO] ================================================================================
2025-11-27 20:37:11,235 [INFO] 📄 本批段落数: 5
2025-11-27 20:37:11,235 [INFO] 📄 合并文本长度: 146 字符
2025-11-27 20:37:11,235 [INFO] 📄 完整文本:
于是先生便掌管了家里的经济大权，不许太太再开支票。从此，两人一

一开始，那位太太质疑我的预测。她认为，即使他们的婚姻关系不

错、沟通良好，但这么快化解经年累月的冲突是不可能的。

随即，我先邀请她告诉我，是否知道在和金钱有关的冲突中丈夫的

她回答：“很明显，他就是一分钱都不想让我花。”
2025-11-27 20:37:11,235 [INFO] --------------------------------------------------------------------------------
2025-11-27 20:37:15,558 [INFO] ✅ 实体抽取成功: 共 4 个实体
2025-11-27 20:37:15,558 [INFO]    完整结果:
{"人物": [], "概念": [], "方法": [], "理论": [], "组织": [], "书籍": [], "情绪": [], "行为": ["掌管", "开支票", "质疑", "邀请"]}
2025-11-27 20:37:18,567 [INFO] ✅ 关系抽取成功: 共 0 个关系
2025-11-27 20:37:18,568 [INFO]    完整结果:
{"提出": [], "包含": [], "应用": [], "来源": [], "解释": [], "相关": [], "导致": [], "影响": []}
2025-11-27 20:37:18,568 [INFO] 
📊 进度统计:
2025-11-27 20:37:18,568 [INFO]    已处理批次: 536/693 (77.3%)
2025-11-27 20:37:18,568 [INFO]    已处理段落: 2680/3465
2025-11-27 20:37:18,568 [INFO]    成功: 536, 失败: 0
2025-11-27 20:37:18,568 [INFO]    已用时: 73.6 分钟
2025-11-27 20:37:18,568 [INFO]    预计剩余: 21.5 分钟
2025-11-27 20:37:18,568 [INFO]    预计总时间: 95.1 分钟
2025-11-27 20:37:18,568 [INFO] 
================================================================================
2025-11-27 20:37:18,568 [INFO] 处理第 537/693 批 (段落 2681-2685)
2025-11-27 20:37:18,568 [INFO] ================================================================================
2025-11-27 20:37:18,568 [INFO] 📄 本批段落数: 5
2025-11-27 20:37:18,568 [INFO] 📄 合并文本长度: 166 字符
2025-11-27 20:37:18,568 [INFO] 📄 完整文本:
当太太说丈夫“一分钱都不想让我花”时，她所表达的是我所谓

的“策略”，而不是“需要”。即使她猜对了丈夫的策略，却并没有看见他

的“需要”。因为，“需要”指的并不是任何特定的行为，例如“花钱”或“不

花钱”。我告诉这位太太，所有人都有着共通的需要，只要她能理解丈

夫的需要，问题就可以得到解决。我再次鼓励她说出丈夫的需要，她回
2025-11-27 20:37:18,568 [INFO] --------------------------------------------------------------------------------
2025-11-27 20:37:22,092 [INFO] ✅ 实体抽取成功: 共 1 个实体
2025-11-27 20:37:22,092 [INFO]    完整结果:
{"人物": [], "概念": [], "方法": [], "理论": [], "组织": [], "书籍": [], "情绪": [], "行为": ["花钱"]}
2025-11-27 20:37:25,366 [INFO] ✅ 关系抽取成功: 共 0 个关系
2025-11-27 20:37:25,366 [INFO]    完整结果:
{"提出": [], "包含": [], "应用": [], "来源": [], "解释": [], "相关": [], "导致": [], "影响": []}
2025-11-27 20:37:25,367 [INFO] 
📊 进度统计:
2025-11-27 20:37:25,367 [INFO]    已处理批次: 537/693 (77.5%)
2025-11-27 20:37:25,367 [INFO]    已处理段落: 2685/3465
2025-11-27 20:37:25,367 [INFO]    成功: 537, 失败: 0
2025-11-27 20:37:25,367 [INFO]    已用时: 73.7 分钟
2025-11-27 20:37:25,367 [INFO]    预计剩余: 21.4 分钟
2025-11-27 20:37:25,367 [INFO]    预计总时间: 95.1 分钟
2025-11-27 20:37:25,367 [INFO] 
================================================================================
2025-11-27 20:37:25,367 [INFO] 处理第 538/693 批 (段落 2686-2690)
2025-11-27 20:37:25,367 [INFO] ================================================================================
2025-11-27 20:37:25,367 [INFO] 📄 本批段落数: 5
2025-11-27 20:37:25,367 [INFO] 📄 合并文本长度: 150 字符
2025-11-27 20:37:25,367 [INFO] 📄 完整文本:
答：“他和他爸一个样子。”接着开始诉说他的父亲是如何不舍得花钱。

我打断她的话，再次问道：“那他的需要是什么呢？”

显然，即使39年来她和丈夫“沟通良好”，她还是不知道对方的需要

我转向那位先生，询问他：“既然你太太不知道你的需要，不如你

来告诉她，你不让她开支票是为了满足你的什么需要呢？”
2025-11-27 20:37:25,367 [INFO] --------------------------------------------------------------------------------
2025-11-27 20:37:28,374 [INFO] ✅ 实体抽取成功: 共 0 个实体
2025-11-27 20:37:28,374 [INFO]    完整结果:
{"人物": [], "概念": [], "方法": [], "理论": [], "组织": [], "书籍": [], "情绪": [], "行为": []}
2025-11-27 20:37:31,380 [INFO] ✅ 关系抽取成功: 共 0 个关系
2025-11-27 20:37:31,380 [INFO]    完整结果:
{"提出": [], "包含": [], "应用": [], "来源": [], "解释": [], "相关": [], "导致": [], "影响": []}
2025-11-27 20:37:31,380 [INFO] 
📊 进度统计:
2025-11-27 20:37:31,380 [INFO]    已处理批次: 538/693 (77.6%)
2025-11-27 20:37:31,380 [INFO]    已处理段落: 2690/3465
2025-11-27 20:37:31,380 [INFO]    成功: 538, 失败: 0
2025-11-27 20:37:31,380 [INFO]    已用时: 73.8 分钟
2025-11-27 20:37:31,380 [INFO]    预计剩余: 21.3 分钟
2025-11-27 20:37:31,380 [INFO]    预计总时间: 95.0 分钟
2025-11-27 20:37:31,380 [INFO] 
================================================================================
2025-11-27 20:37:31,380 [INFO] 处理第 539/693 批 (段落 2691-2695)
2025-11-27 20:37:31,380 [INFO] ================================================================================
2025-11-27 20:37:31,380 [INFO] 📄 本批段落数: 5
2025-11-27 20:37:31,380 [INFO] 📄 合并文本长度: 161 字符
2025-11-27 20:37:31,380 [INFO] 📄 完整文本:
他答道：“马歇尔，她是个很棒的太太和妈妈。但在花钱这件事

上，她完全没有责任感。”这类“诊断”式的语言（“没有责任感”）根本

无助于解决冲突，当一方听到对方的批评、诊断或分析，沟通就会演变

于是，我试着聆听他在说太太“完全没有责任感”背后有着什么样的

感受和需要：“你是不是感到害怕，因为你需要在经济上保护你们的家
2025-11-27 20:37:31,380 [INFO] --------------------------------------------------------------------------------
2025-11-27 20:37:34,922 [INFO] ✅ 实体抽取成功: 共 2 个实体
2025-11-27 20:37:34,922 [INFO]    完整结果:
{"人物": ["马歇尔"], "概念": [], "方法": [], "理论": [], "组织": [], "书籍": [], "情绪": [], "行为": ["花钱"]}
2025-11-27 20:37:37,926 [INFO] ✅ 关系抽取成功: 共 0 个关系
2025-11-27 20:37:37,926 [INFO]    完整结果:
{"提出": [], "包含": [], "应用": [], "来源": [], "解释": [], "相关": [], "导致": [], "影响": []}
2025-11-27 20:37:37,926 [INFO] 
📊 进度统计:
2025-11-27 20:37:37,926 [INFO]    已处理批次: 539/693 (77.8%)
2025-11-27 20:37:37,926 [INFO]    已处理段落: 2695/3465
2025-11-27 20:37:37,926 [INFO]    成功: 539, 失败: 0
2025-11-27 20:37:37,926 [INFO]    已用时: 73.9 分钟
2025-11-27 20:37:37,926 [INFO]    预计剩余: 21.1 分钟
2025-11-27 20:37:37,926 [INFO]    预计总时间: 95.0 分钟
2025-11-27 20:37:37,926 [INFO] 
================================================================================
2025-11-27 20:37:37,926 [INFO] 处理第 540/693 批 (段落 2696-2700)
2025-11-27 20:37:37,926 [INFO] ================================================================================
2025-11-27 20:37:37,926 [INFO] 📄 本批段落数: 5
2025-11-27 20:37:37,926 [INFO] 📄 合并文本长度: 156 字符
2025-11-27 20:37:37,926 [INFO] 📄 完整文本:
庭？”他表示确实如此。诚然，我的猜测是正确的，但就算我第一次猜

错也没有关系，因为我还是会把注意力放在他的需要上——这才是问题

的核心。事实上，就算猜得不对，我们也可以支持对方关注自己真正的

需要，从而跳脱出分析，与自己的内在生命建立更多连结。

那位先生终于承认了他的需要是保护家庭的安全。下一步就是确认
2025-11-27 20:37:37,926 [INFO] --------------------------------------------------------------------------------
2025-11-27 20:37:41,365 [INFO] ✅ 实体抽取成功: 共 1 个实体
2025-11-27 20:37:41,366 [INFO]    完整结果:
{"人物": [], "概念": [], "方法": [], "理论": [], "组织": [], "书籍": [], "情绪": [], "行为": ["保护家庭的安全"]}
2025-11-27 20:37:44,358 [INFO] ✅ 关系抽取成功: 共 0 个关系
2025-11-27 20:37:44,358 [INFO]    完整结果:
{"提出": [], "包含": [], "应用": [], "来源": [], "解释": [], "相关": [], "导致": [], "影响": []}
2025-11-27 20:37:44,358 [INFO] 
📊 进度统计:
2025-11-27 20:37:44,358 [INFO]    已处理批次: 540/693 (77.9%)
2025-11-27 20:37:44,358 [INFO]    已处理段落: 2700/3465
2025-11-27 20:37:44,358 [INFO]    成功: 540, 失败: 0
2025-11-27 20:37:44,358 [INFO]    已用时: 74.0 分钟
2025-11-27 20:37:44,358 [INFO]    预计剩余: 21.0 分钟
2025-11-27 20:37:44,358 [INFO]    预计总时间: 95.0 分钟
2025-11-27 20:37:44,358 [INFO] 
================================================================================
2025-11-27 20:37:44,358 [INFO] 处理第 541/693 批 (段落 2701-2705)
2025-11-27 20:37:44,358 [INFO] ================================================================================
2025-11-27 20:37:44,358 [INFO] 📄 本批段落数: 5
2025-11-27 20:37:44,358 [INFO] 📄 合并文本长度: 158 字符
2025-11-27 20:37:44,358 [INFO] 📄 完整文本:
他的太太听见他的需要。这是化解冲突中的关键步骤。我们不能假定当

一方清楚地表达了自己的需要，另一方就一定准确地听到了。我问那位

太太：“你可不可以告诉我，你听到你的丈夫在这件事中的需要是什么

“喔，我只不过是让账户透支了几次，但这也不代表我会一直这么

她的反应并不令人意外。就算对方的表达在他人看来已经足够清
2025-11-27 20:37:44,358 [INFO] --------------------------------------------------------------------------------
2025-11-27 20:37:47,801 [INFO] ✅ 实体抽取成功: 共 2 个实体
2025-11-27 20:37:47,801 [INFO]    完整结果:
{"人物": [], "概念": [], "方法": [], "理论": [], "组织": [], "书籍": [], "情绪": [], "行为": ["表达", "听"]}
2025-11-27 20:37:50,813 [INFO] ✅ 关系抽取成功: 共 0 个关系
2025-11-27 20:37:50,814 [INFO]    完整结果:
{"提出": [], "包含": [], "应用": [], "来源": [], "解释": [], "相关": [], "导致": [], "影响": []}
2025-11-27 20:37:50,814 [INFO] 
📊 进度统计:
2025-11-27 20:37:50,814 [INFO]    已处理批次: 541/693 (78.1%)
2025-11-27 20:37:50,814 [INFO]    已处理段落: 2705/3465
2025-11-27 20:37:50,814 [INFO]    成功: 541, 失败: 0
2025-11-27 20:37:50,814 [INFO]    已用时: 74.1 分钟
2025-11-27 20:37:50,814 [INFO]    预计剩余: 20.8 分钟
2025-11-27 20:37:50,814 [INFO]    预计总时间: 94.9 分钟
2025-11-27 20:37:50,814 [INFO] 
================================================================================
2025-11-27 20:37:50,814 [INFO] 处理第 542/693 批 (段落 2706-2710)
2025-11-27 20:37:50,814 [INFO] ================================================================================
2025-11-27 20:37:50,814 [INFO] 📄 本批段落数: 5
2025-11-27 20:37:50,814 [INFO] 📄 合并文本长度: 161 字符
2025-11-27 20:37:50,814 [INFO] 📄 完整文本:
晰，但当事者却会因为心中的积怨而无法听见对方。于是，我接着对太

太说：“我想告诉你，我刚才听到你丈夫说了什么，也请你把这些内容

复述给他。我听到你丈夫说，他希望保护家庭，确保家里的经济无恙，

然而，这位太太依然深陷痛苦而无法听见我的表达。这就涉及另一

个可以有效化解冲突的技巧。当人们心烦意乱时，往往需要先得到同理
2025-11-27 20:37:50,814 [INFO] --------------------------------------------------------------------------------
2025-11-27 20:37:54,850 [INFO] ✅ 实体抽取成功: 共 3 个实体
2025-11-27 20:37:54,850 [INFO]    完整结果:
{"人物": ["太"], "概念": [], "方法": [], "理论": [], "组织": [], "书籍": [], "情绪": ["痛苦"], "行为": ["复述"]}
2025-11-27 20:37:57,990 [INFO] ✅ 关系抽取成功: 共 0 个关系
2025-11-27 20:37:57,990 [INFO]    完整结果:
{"提出": [], "包含": [], "应用": [], "来源": [], "解释": [], "相关": [], "导致": [], "影响": []}
2025-11-27 20:37:57,990 [INFO] 
📊 进度统计:
2025-11-27 20:37:57,990 [INFO]    已处理批次: 542/693 (78.2%)
2025-11-27 20:37:57,990 [INFO]    已处理段落: 2710/3465
2025-11-27 20:37:57,990 [INFO]    成功: 542, 失败: 0
2025-11-27 20:37:57,990 [INFO]    已用时: 74.2 分钟
2025-11-27 20:37:57,990 [INFO]    预计剩余: 20.7 分钟
2025-11-27 20:37:57,990 [INFO]    预计总时间: 94.9 分钟
2025-11-27 20:37:57,990 [INFO] 
================================================================================
2025-11-27 20:37:57,990 [INFO] 处理第 543/693 批 (段落 2711-2715)
2025-11-27 20:37:57,990 [INFO] ================================================================================
2025-11-27 20:37:57,990 [INFO] 📄 本批段落数: 5
2025-11-27 20:37:57,990 [INFO] 📄 合并文本长度: 160 字符
2025-11-27 20:37:57,990 [INFO] 📄 完整文本:
才有可能听进去别人的话。因此，我不再让她复述先生的话，而是试着

理解她的痛苦。面对处于痛苦中的人们，尤其是经受了长年累月的苦

痛，重要的是给予他们足够的同理，让他们感受到自己的痛苦被看见、

于是，我便开始同理那位太太：“我体会到你很伤心，你希望丈夫

信任你能从过去的经验中学习。”她的眼神告诉我，她是多么渴望得到
2025-11-27 20:37:57,990 [INFO] --------------------------------------------------------------------------------
2025-11-27 20:38:01,648 [INFO] ✅ 实体抽取成功: 共 3 个实体
2025-11-27 20:38:01,648 [INFO]    完整结果:
{"人物": [], "概念": [], "方法": [], "理论": [], "组织": [], "书籍": [], "情绪": ["痛苦", "伤心"], "行为": ["同理"]}
2025-11-27 20:38:04,662 [INFO] ✅ 关系抽取成功: 共 0 个关系
2025-11-27 20:38:04,662 [INFO]    完整结果:
{"提出": [], "包含": [], "应用": [], "来源": [], "解释": [], "相关": [], "导致": [], "影响": []}
2025-11-27 20:38:04,662 [INFO] 
📊 进度统计:
2025-11-27 20:38:04,662 [INFO]    已处理批次: 543/693 (78.4%)
2025-11-27 20:38:04,662 [INFO]    已处理段落: 2715/3465
2025-11-27 20:38:04,662 [INFO]    成功: 543, 失败: 0
2025-11-27 20:38:04,662 [INFO]    已用时: 74.3 分钟
2025-11-27 20:38:04,662 [INFO]    预计剩余: 20.5 分钟
2025-11-27 20:38:04,662 [INFO]    预计总时间: 94.9 分钟
2025-11-27 20:38:04,662 [INFO] 
================================================================================
2025-11-27 20:38:04,662 [INFO] 处理第 544/693 批 (段落 2716-2720)
2025-11-27 20:38:04,662 [INFO] ================================================================================
2025-11-27 20:38:04,662 [INFO] 📄 本批段落数: 5
2025-11-27 20:38:04,662 [INFO] 📄 合并文本长度: 156 字符
2025-11-27 20:38:04,662 [INFO] 📄 完整文本:
这样的理解：“是的，一点没错！”然而，当我再次请她复述丈夫刚才说

的话时，她还是回答：“他认为我花钱太大手大脚了。”

大部分人从来没有被教导过如何表达自己的需要，也没有学习过如

何听见他人的需要。这位太太所听到的都是先生对她的批评或诊断。我

继续鼓励她尝试听一下先生的需要。在我重复了两遍他的需要是“家庭
2025-11-27 20:38:04,662 [INFO] --------------------------------------------------------------------------------
2025-11-27 20:38:07,969 [INFO] ✅ 实体抽取成功: 共 1 个实体
2025-11-27 20:38:07,969 [INFO]    完整结果:
{"人物": [], "概念": [], "方法": [], "理论": [], "组织": [], "书籍": [], "情绪": [], "行为": ["复述"]}
2025-11-27 20:38:10,996 [INFO] ✅ 关系抽取成功: 共 0 个关系
2025-11-27 20:38:10,996 [INFO]    完整结果:
{"提出": [], "包含": [], "应用": [], "来源": [], "解释": [], "相关": [], "导致": [], "影响": []}
2025-11-27 20:38:10,996 [INFO] 
📊 进度统计:
2025-11-27 20:38:10,996 [INFO]    已处理批次: 544/693 (78.5%)
2025-11-27 20:38:10,996 [INFO]    已处理段落: 2720/3465
2025-11-27 20:38:10,996 [INFO]    成功: 544, 失败: 0
2025-11-27 20:38:10,996 [INFO]    已用时: 74.4 分钟
2025-11-27 20:38:10,996 [INFO]    预计剩余: 20.4 分钟
2025-11-27 20:38:10,996 [INFO]    预计总时间: 94.8 分钟
2025-11-27 20:38:10,996 [INFO] 
================================================================================
2025-11-27 20:38:10,996 [INFO] 处理第 545/693 批 (段落 2721-2725)
2025-11-27 20:38:10,996 [INFO] ================================================================================
2025-11-27 20:38:10,996 [INFO] 📄 本批段落数: 5
2025-11-27 20:38:10,996 [INFO] 📄 合并文本长度: 162 字符
2025-11-27 20:38:10,996 [INFO] 📄 完整文本:
安全”后，她终于能够听见了。这样来来回回几次，他们终于听到了彼

此的需要。这是39年来他们第一次了解彼此在银行账户这件事情上的需

要。正如我先前所预料的，他们果然用了不到20分钟的时间便找到了可

这些年来，我在化解冲突上持续累积的经验让我了解到了家庭失

和、两国交战的真正原因，使我越发相信，化解这些冲突是连孩子都能
2025-11-27 20:38:10,996 [INFO] --------------------------------------------------------------------------------
2025-11-27 20:38:14,276 [INFO] ✅ 实体抽取成功: 共 1 个实体
2025-11-27 20:38:14,276 [INFO]    完整结果:
{"人物": [], "概念": [], "方法": [], "理论": [], "组织": [], "书籍": [], "情绪": [], "行为": ["听"]}
2025-11-27 20:38:17,319 [INFO] ✅ 关系抽取成功: 共 0 个关系
2025-11-27 20:38:17,319 [INFO]    完整结果:
{"提出": [], "包含": [], "应用": [], "来源": [], "解释": [], "相关": [], "导致": [], "影响": []}
2025-11-27 20:38:17,319 [INFO] 
📊 进度统计:
2025-11-27 20:38:17,319 [INFO]    已处理批次: 545/693 (78.6%)
2025-11-27 20:38:17,319 [INFO]    已处理段落: 2725/3465
2025-11-27 20:38:17,319 [INFO]    成功: 545, 失败: 0
2025-11-27 20:38:17,319 [INFO]    已用时: 74.5 分钟
2025-11-27 20:38:17,319 [INFO]    预计剩余: 20.2 分钟
2025-11-27 20:38:17,319 [INFO]    预计总时间: 94.8 分钟
2025-11-27 20:38:17,319 [INFO] 
================================================================================
2025-11-27 20:38:17,319 [INFO] 处理第 546/693 批 (段落 2726-2730)
2025-11-27 20:38:17,319 [INFO] ================================================================================
2025-11-27 20:38:17,319 [INFO] 📄 本批段落数: 5
2025-11-27 20:38:17,319 [INFO] 📄 合并文本长度: 161 字符
2025-11-27 20:38:17,319 [INFO] 📄 完整文本:
做到的事。只要我们能表明这是双方的需要，这是现有的资源，我们可

以做什么来满足这些需要，冲突就可以轻而易举地得到化解。然而，我

们的思想却更多地聚焦在用标签和评判来彼此伤害，以至于原本微不足

道的冲突变得不可收拾。非暴力沟通能帮助我们免于掉入这样的圈套，

在第六章中，我提到了要使用此刻可回应的、正向的行动语言提出
2025-11-27 20:38:17,319 [INFO] --------------------------------------------------------------------------------
2025-11-27 20:38:20,841 [INFO] ✅ 实体抽取成功: 共 1 个实体
2025-11-27 20:38:20,841 [INFO]    完整结果:
{"人物": [], "概念": [], "方法": ["非暴力沟通"], "理论": [], "组织": [], "书籍": [], "情绪": [], "行为": []}
2025-11-27 20:38:23,888 [INFO] ✅ 关系抽取成功: 共 0 个关系
2025-11-27 20:38:23,888 [INFO]    完整结果:
{"提出": [], "包含": [], "应用": [], "来源": [], "解释": [], "相关": [], "导致": [], "影响": []}
2025-11-27 20:38:23,888 [INFO] 
📊 进度统计:
2025-11-27 20:38:23,888 [INFO]    已处理批次: 546/693 (78.8%)
2025-11-27 20:38:23,888 [INFO]    已处理段落: 2730/3465
2025-11-27 20:38:23,888 [INFO]    成功: 546, 失败: 0
2025-11-27 20:38:23,888 [INFO]    已用时: 74.6 分钟
2025-11-27 20:38:23,888 [INFO]    预计剩余: 20.1 分钟
2025-11-27 20:38:23,888 [INFO]    预计总时间: 94.7 分钟
2025-11-27 20:38:23,888 [INFO] 
================================================================================
2025-11-27 20:38:23,888 [INFO] 处理第 547/693 批 (段落 2731-2735)
2025-11-27 20:38:23,888 [INFO] ================================================================================
2025-11-27 20:38:23,888 [INFO] 📄 本批段落数: 5
2025-11-27 20:38:23,888 [INFO] 📄 合并文本长度: 163 字符
2025-11-27 20:38:23,888 [INFO] 📄 完整文本:
请求。在这里，我想再举几个例子来说明这对化解冲突很重要。一旦冲

突双方理解了彼此的需要，下一步就是寻找满足需要的策略。此时，一

定要避免仓促行事，否则就可能会导致妥协和让步。而彼此若有可能真

诚地达成和解，便能体验到这个过程的深度。双方在谈论解决方案前越

能充分聆听彼此的需要，日后就越有可能更好地遵守彼此的约定。找到
2025-11-27 20:38:23,888 [INFO] --------------------------------------------------------------------------------
2025-11-27 20:38:28,409 [INFO] ✅ 实体抽取成功: 共 2 个实体
2025-11-27 20:38:28,409 [INFO]    完整结果:
{"人物": [], "概念": [], "方法": ["寻找满足需要的策略"], "理论": [], "组织": [], "书籍": [], "情绪": [], "行为": ["避免仓促行事"]}
2025-11-27 20:38:33,442 [INFO] ✅ 关系抽取成功: 共 1 个关系
2025-11-27 20:38:33,442 [INFO]    完整结果:
{"提出": [], "包含": [], "应用": [], "来源": [], "解释": [], "相关": [], "导致": [{"subject": "冲突", "object": "妥协和让步"}], "影响": []}
2025-11-27 20:38:33,442 [INFO] 
📊 进度统计:
2025-11-27 20:38:33,442 [INFO]    已处理批次: 547/693 (78.9%)
2025-11-27 20:38:33,442 [INFO]    已处理段落: 2735/3465
2025-11-27 20:38:33,442 [INFO]    成功: 547, 失败: 0
2025-11-27 20:38:33,442 [INFO]    已用时: 74.8 分钟
2025-11-27 20:38:33,442 [INFO]    预计剩余: 20.0 分钟
2025-11-27 20:38:33,442 [INFO]    预计总时间: 94.8 分钟
2025-11-27 20:38:33,442 [INFO] 
================================================================================
2025-11-27 20:38:33,443 [INFO] 处理第 548/693 批 (段落 2736-2740)
2025-11-27 20:38:33,443 [INFO] ================================================================================
2025-11-27 20:38:33,443 [INFO] 📄 本批段落数: 5
2025-11-27 20:38:33,443 [INFO] 📄 合并文本长度: 161 字符
2025-11-27 20:38:33,443 [INFO] 📄 完整文本:
了满足所有需要的行动策略，化解冲突的过程才真正结束。用清晰的、

此刻可回应的、正向行动的语言来表述策略，冲突才能走向和解。

“此刻可回应的语言”指的是当下的诉求，比如可以这样说：“我想

请你告诉我，你是否愿意……（描述想要对方采取的行动）？”用此刻

可回应的语言表达请求（“你是否愿意……”），有利于双方在讨论时保
2025-11-27 20:38:33,443 [INFO] --------------------------------------------------------------------------------
2025-11-27 20:38:38,883 [INFO] ✅ 实体抽取成功: 共 4 个实体
2025-11-27 20:38:38,883 [INFO]    完整结果:
{"人物": [], "概念": [], "方法": ["行动策略", "化解冲突", "正向行动", "此刻可回应的语言"], "理论": [], "组织": [], "书籍": [], "情绪": [], "行为": []}
2025-11-27 20:38:43,663 [INFO] ✅ 关系抽取成功: 共 1 个关系
2025-11-27 20:38:43,663 [INFO]    完整结果:
{"提出": [], "包含": [], "应用": [{"subject": "语言", "object": "和解"}], "来源": [], "解释": [], "相关": [], "导致": [], "影响": []}
2025-11-27 20:38:43,663 [INFO] 
📊 进度统计:
2025-11-27 20:38:43,663 [INFO]    已处理批次: 548/693 (79.1%)
2025-11-27 20:38:43,663 [INFO]    已处理段落: 2740/3465
2025-11-27 20:38:43,663 [INFO]    成功: 548, 失败: 0
2025-11-27 20:38:43,663 [INFO]    已用时: 75.0 分钟
2025-11-27 20:38:43,663 [INFO]    预计剩余: 19.8 分钟
2025-11-27 20:38:43,663 [INFO]    预计总时间: 94.8 分钟
2025-11-27 20:38:43,663 [INFO] 
================================================================================
2025-11-27 20:38:43,663 [INFO] 处理第 549/693 批 (段落 2741-2745)
2025-11-27 20:38:43,663 [INFO] ================================================================================
2025-11-27 20:38:43,663 [INFO] 📄 本批段落数: 5
2025-11-27 20:38:43,663 [INFO] 📄 合并文本长度: 162 字符
2025-11-27 20:38:43,664 [INFO] 📄 完整文本:
持相互尊重的态度。如果对方表示不愿意，我们可以进一步了解是什么

相反，如果在提出请求时不使用此刻可回应的语言，诸如“我希望

你周六晚陪我一起去看戏”，对方便无从知晓当下可以怎么做。若用此

刻可回应的语言来修改，让请求变得清晰并有利于保持两人的连结，则

可以问：“你能告诉我，你愿意周六晚上和我一起去看戏吗？”若要进一
2025-11-27 20:38:43,664 [INFO] --------------------------------------------------------------------------------
2025-11-27 20:38:47,455 [INFO] ✅ 实体抽取成功: 共 1 个实体
2025-11-27 20:38:47,456 [INFO]    完整结果:
{"人物": [], "概念": [], "方法": [], "理论": [], "组织": [], "书籍": [], "情绪": [], "行为": ["使用此刻可回应的语言"]}
2025-11-27 20:38:52,020 [INFO] ✅ 关系抽取成功: 共 1 个关系
2025-11-27 20:38:52,020 [INFO]    完整结果:
{"提出": [{"subject": "请求", "object": "语言"}], "包含": [], "应用": [], "来源": [], "解释": [], "相关": [], "导致": [], "影响": []}
2025-11-27 20:38:52,020 [INFO] 
📊 进度统计:
2025-11-27 20:38:52,020 [INFO]    已处理批次: 549/693 (79.2%)
2025-11-27 20:38:52,020 [INFO]    已处理段落: 2745/3465
2025-11-27 20:38:52,020 [INFO]    成功: 549, 失败: 0
2025-11-27 20:38:52,020 [INFO]    已用时: 75.1 分钟
2025-11-27 20:38:52,020 [INFO]    预计剩余: 19.7 分钟
2025-11-27 20:38:52,020 [INFO]    预计总时间: 94.8 分钟
2025-11-27 20:38:52,020 [INFO] 
================================================================================
2025-11-27 20:38:52,020 [INFO] 处理第 550/693 批 (段落 2746-2750)
2025-11-27 20:38:52,020 [INFO] ================================================================================
2025-11-27 20:38:52,020 [INFO] 📄 本批段落数: 5
2025-11-27 20:38:52,020 [INFO] 📄 合并文本长度: 159 字符
2025-11-27 20:38:52,020 [INFO] 📄 完整文本:
步向对方澄清我们在此刻希望得到的回应，我们可以问：“你是否愿意

告诉我，对于周六晚上跟我一起看戏这件事，你有什么想法？”我们把

此刻所希望得到的回应说得越清楚，就越能够有效地化解冲突。

在第六章中，我们还提到了在提出请求时“行动语言”所扮演的角

色。在冲突化解中，我们更要把焦点放在自己真正“想要”的，而非“不
2025-11-27 20:38:52,020 [INFO] --------------------------------------------------------------------------------
2025-11-27 20:38:55,975 [INFO] ✅ 实体抽取成功: 共 3 个实体
2025-11-27 20:38:55,975 [INFO]    完整结果:
{"人物": [], "概念": ["冲突", "第六章"], "方法": ["行动语言"], "理论": [], "组织": [], "书籍": [], "情绪": [], "行为": []}
2025-11-27 20:39:00,716 [INFO] ✅ 关系抽取成功: 共 1 个关系
2025-11-27 20:39:00,716 [INFO]    完整结果:
{"提出": [], "包含": [], "应用": [{"subject": "行动语言", "object": "提出请求"}], "来源": [], "解释": [], "相关": [], "导致": [], "影响": []}
2025-11-27 20:39:00,716 [INFO] 
📊 进度统计:
2025-11-27 20:39:00,716 [INFO]    已处理批次: 550/693 (79.4%)
2025-11-27 20:39:00,716 [INFO]    已处理段落: 2750/3465
2025-11-27 20:39:00,716 [INFO]    成功: 550, 失败: 0
2025-11-27 20:39:00,716 [INFO]    已用时: 75.3 分钟
2025-11-27 20:39:00,716 [INFO]    预计剩余: 19.6 分钟
2025-11-27 20:39:00,716 [INFO]    预计总时间: 94.8 分钟
2025-11-27 20:39:00,717 [INFO] 💾 中间结果已保存: /root/projects/cwy/DeepKE/cwy/src/full_book_results/checkpoint_20251127_192319_batch550.pkl
2025-11-27 20:39:00,717 [INFO] 
================================================================================
2025-11-27 20:39:00,717 [INFO] 处理第 551/693 批 (段落 2751-2755)
2025-11-27 20:39:00,717 [INFO] ================================================================================
2025-11-27 20:39:00,717 [INFO] 📄 本批段落数: 5
2025-11-27 20:39:00,717 [INFO] 📄 合并文本长度: 163 字符
2025-11-27 20:39:00,717 [INFO] 📄 完整文本:
想要”的事物上。谈论我们“不想要”什么，很容易让对方感到困惑并引

所谓“行动语言”指的是代表某个行动的动词，要避免模糊不清或可

能被他人视为有抨击意味的说法。举例来说，有位女士表示在伴侣关系

中理解的需要一直没有得到满足。当她的伴侣能够准确听到她的需要并

且复述给她后，我转向那位女士：“现在让我们来讨论策略吧。你希望
2025-11-27 20:39:00,718 [INFO] --------------------------------------------------------------------------------
2025-11-27 20:39:04,018 [INFO] ✅ 实体抽取成功: 共 1 个实体
2025-11-27 20:39:04,018 [INFO]    完整结果:
{"人物": [], "概念": ["行动语言"], "方法": [], "理论": [], "组织": [], "书籍": [], "情绪": [], "行为": []}
2025-11-27 20:39:07,064 [INFO] ✅ 关系抽取成功: 共 0 个关系
2025-11-27 20:39:07,064 [INFO]    完整结果:
{"提出": [], "包含": [], "应用": [], "来源": [], "解释": [], "相关": [], "导致": [], "影响": []}
2025-11-27 20:39:07,064 [INFO] 
📊 进度统计:
2025-11-27 20:39:07,064 [INFO]    已处理批次: 551/693 (79.5%)
2025-11-27 20:39:07,064 [INFO]    已处理段落: 2755/3465
2025-11-27 20:39:07,064 [INFO]    成功: 551, 失败: 0
2025-11-27 20:39:07,064 [INFO]    已用时: 75.4 分钟
2025-11-27 20:39:07,064 [INFO]    预计剩余: 19.4 分钟
2025-11-27 20:39:07,064 [INFO]    预计总时间: 94.8 分钟
2025-11-27 20:39:07,064 [INFO] 
================================================================================
2025-11-27 20:39:07,064 [INFO] 处理第 552/693 批 (段落 2756-2760)
2025-11-27 20:39:07,064 [INFO] ================================================================================
2025-11-27 20:39:07,064 [INFO] 📄 本批段落数: 5
2025-11-27 20:39:07,065 [INFO] 📄 合并文本长度: 163 字符
2025-11-27 20:39:07,065 [INFO] 📄 完整文本:
你的伴侣做些什么来满足你得到理解的需要呢？”她看着伴侣说：“我希

望在我对你说话时，你能聆听我。”“我在听啊！”伴侣立刻反驳道。发

生这样的状况并不稀奇——如果有人告诉我们，希望我们能注意听他们

说话，我们很容易认为对方在指责我们没有聆听他们，因而愤愤不平。

这对夫妻就这样你一句我一句地杠上了。先生一再说：“我真的听
2025-11-27 20:39:07,065 [INFO] --------------------------------------------------------------------------------
2025-11-27 20:39:10,254 [INFO] ✅ 实体抽取成功: 共 1 个实体
2025-11-27 20:39:10,255 [INFO]    完整结果:
{"人物": [], "概念": [], "方法": [], "理论": [], "组织": [], "书籍": [], "情绪": [], "行为": ["聆听"]}
2025-11-27 20:39:13,146 [INFO] ✅ 关系抽取成功: 共 0 个关系
2025-11-27 20:39:13,146 [INFO]    完整结果:
{"提出": [], "包含": [], "应用": [], "来源": [], "解释": [], "相关": [], "导致": [], "影响": []}
2025-11-27 20:39:13,146 [INFO] 
📊 进度统计:
2025-11-27 20:39:13,146 [INFO]    已处理批次: 552/693 (79.7%)
2025-11-27 20:39:13,146 [INFO]    已处理段落: 2760/3465
2025-11-27 20:39:13,146 [INFO]    成功: 552, 失败: 0
2025-11-27 20:39:13,146 [INFO]    已用时: 75.5 分钟
2025-11-27 20:39:13,146 [INFO]    预计剩余: 19.3 分钟
2025-11-27 20:39:13,146 [INFO]    预计总时间: 94.7 分钟
2025-11-27 20:39:13,146 [INFO] 
================================================================================
2025-11-27 20:39:13,146 [INFO] 处理第 553/693 批 (段落 2761-2765)
2025-11-27 20:39:13,146 [INFO] ================================================================================
2025-11-27 20:39:13,146 [INFO] 📄 本批段落数: 5
2025-11-27 20:39:13,146 [INFO] 📄 合并文本长度: 166 字符
2025-11-27 20:39:13,146 [INFO] 📄 完整文本:
你说了！”太太则反驳道：“不，你没有！”他们告诉我，这样的“对

话”持续了12年。当冲突双方使用类似“聆听”这样模糊的词语来表达策

略时，经常就会发生这种状况。我建议他们使用行动动词来传达他们具

体看到或听到的是什么，就像那些能被摄影机所捕捉到的内容。一个人

是否真的在“聆听”，只有自己知道，别人无法用肉眼看见。要确定某个
2025-11-27 20:39:13,146 [INFO] --------------------------------------------------------------------------------
2025-11-27 20:39:16,443 [INFO] ✅ 实体抽取成功: 共 1 个实体
2025-11-27 20:39:16,443 [INFO]    完整结果:
{"人物": [], "概念": [], "方法": [], "理论": [], "组织": [], "书籍": [], "情绪": [], "行为": ["聆听"]}
2025-11-27 20:39:19,499 [INFO] ✅ 关系抽取成功: 共 0 个关系
2025-11-27 20:39:19,500 [INFO]    完整结果:
{"提出": [], "包含": [], "应用": [], "来源": [], "解释": [], "相关": [], "导致": [], "影响": []}
2025-11-27 20:39:19,500 [INFO] 
📊 进度统计:
2025-11-27 20:39:19,500 [INFO]    已处理批次: 553/693 (79.8%)
2025-11-27 20:39:19,500 [INFO]    已处理段落: 2765/3465
2025-11-27 20:39:19,500 [INFO]    成功: 553, 失败: 0
2025-11-27 20:39:19,500 [INFO]    已用时: 75.6 分钟
2025-11-27 20:39:19,500 [INFO]    预计剩余: 19.1 分钟
2025-11-27 20:39:19,500 [INFO]    预计总时间: 94.7 分钟
2025-11-27 20:39:19,500 [INFO] 
================================================================================
2025-11-27 20:39:19,500 [INFO] 处理第 554/693 批 (段落 2766-2770)
2025-11-27 20:39:19,500 [INFO] ================================================================================
2025-11-27 20:39:19,500 [INFO] 📄 本批段落数: 5
2025-11-27 20:39:19,500 [INFO] 📄 合并文本长度: 155 字符
2025-11-27 20:39:19,500 [INFO] 📄 完整文本:
人是否真的在听我们说话，有一个办法是，请他复述刚才我们所说的

话。这样我们就是在请求对方采取一个可以看得见或听得着的行动。如

果对方讲得出刚才我们说了什么，就能知道对方确实在听。

还有另外一对夫妻，太太希望先生能尊重她的选择。在她成功表达

了需要后，接下来她就要搞清楚采取什么策略来满足她的需要，并且向
2025-11-27 20:39:19,500 [INFO] --------------------------------------------------------------------------------
2025-11-27 20:39:22,618 [INFO] ✅ 实体抽取成功: 共 1 个实体
2025-11-27 20:39:22,618 [INFO]    完整结果:
{"人物": [], "概念": [], "方法": [], "理论": [], "组织": [], "书籍": [], "情绪": [], "行为": ["复述"]}
2025-11-27 20:39:25,497 [INFO] ✅ 关系抽取成功: 共 0 个关系
2025-11-27 20:39:25,498 [INFO]    完整结果:
{"提出": [], "包含": [], "应用": [], "来源": [], "解释": [], "相关": [], "导致": [], "影响": []}
2025-11-27 20:39:25,498 [INFO] 
📊 进度统计:
2025-11-27 20:39:25,498 [INFO]    已处理批次: 554/693 (79.9%)
2025-11-27 20:39:25,498 [INFO]    已处理段落: 2770/3465
2025-11-27 20:39:25,498 [INFO]    成功: 554, 失败: 0
2025-11-27 20:39:25,498 [INFO]    已用时: 75.7 分钟
2025-11-27 20:39:25,498 [INFO]    预计剩余: 19.0 分钟
2025-11-27 20:39:25,498 [INFO]    预计总时间: 94.7 分钟
2025-11-27 20:39:25,498 [INFO] 
================================================================================
2025-11-27 20:39:25,498 [INFO] 处理第 555/693 批 (段落 2771-2775)
2025-11-27 20:39:25,498 [INFO] ================================================================================
2025-11-27 20:39:25,498 [INFO] 📄 本批段落数: 5
2025-11-27 20:39:25,498 [INFO] 📄 合并文本长度: 163 字符
2025-11-27 20:39:25,498 [INFO] 📄 完整文本:
先生提出请求。于是，她对先生说：“我希望你让我自由地成长并且做

我自己。”“我就是这么做的啊！”先生回答道。随后他们就像之前那对

夫妻一样，一个说：“我就是这么做的啊！”另一个说：“不，你没

类似“让我自由地成长”这样的非“行动语言”往往只会使冲突升级。

在这个例子中，先生认为太太是在指责自己过于掌控。我向那位太太说
2025-11-27 20:39:25,498 [INFO] --------------------------------------------------------------------------------
2025-11-27 20:39:28,726 [INFO] ✅ 实体抽取成功: 共 1 个实体
2025-11-27 20:39:28,726 [INFO]    完整结果:
{"人物": [], "概念": [], "方法": [], "理论": [], "组织": [], "书籍": [], "情绪": [], "行为": ["提出请求"]}
2025-11-27 20:39:31,673 [INFO] ✅ 关系抽取成功: 共 0 个关系
2025-11-27 20:39:31,673 [INFO]    完整结果:
{"提出": [], "包含": [], "应用": [], "来源": [], "解释": [], "相关": [], "导致": [], "影响": []}
2025-11-27 20:39:31,673 [INFO] 
📊 进度统计:
2025-11-27 20:39:31,673 [INFO]    已处理批次: 555/693 (80.1%)
2025-11-27 20:39:31,673 [INFO]    已处理段落: 2775/3465
2025-11-27 20:39:31,673 [INFO]    成功: 555, 失败: 0
2025-11-27 20:39:31,673 [INFO]    已用时: 75.8 分钟
2025-11-27 20:39:31,673 [INFO]    预计剩余: 18.8 分钟
2025-11-27 20:39:31,673 [INFO]    预计总时间: 94.6 分钟
2025-11-27 20:39:31,673 [INFO] 
================================================================================
2025-11-27 20:39:31,673 [INFO] 处理第 556/693 批 (段落 2776-2780)
2025-11-27 20:39:31,673 [INFO] ================================================================================
2025-11-27 20:39:31,673 [INFO] 📄 本批段落数: 5
2025-11-27 20:39:31,673 [INFO] 📄 合并文本长度: 163 字符
2025-11-27 20:39:31,673 [INFO] 📄 完整文本:
明，她的丈夫并不清楚她要什么：“请你明确地告诉他，你希望他怎么

“我希望你让我……”她一开口，我便立即打断了她，告诉她“让”这

样的说法太模糊了：“当你说你希望某人‘让’你如何时，究竟是什么意

沉思了几秒钟后，她终于恍然大悟。她发现，当她说“我希望你让

我做自己”以及“我希望你让我自由地成长”之类的话时，她的意思其实
2025-11-27 20:39:31,673 [INFO] --------------------------------------------------------------------------------
2025-11-27 20:39:35,134 [ERROR] ⚠️ NER 失败: Expecting ',' delimiter: line 1 column 83 (char 82)
2025-11-27 20:39:38,502 [INFO] ✅ 关系抽取成功: 共 0 个关系
2025-11-27 20:39:38,502 [INFO]    完整结果:
{"提出": [], "包含": [], "应用": [], "来源": [], "解释": [], "相关": [], "导致": [], "影响": []}
2025-11-27 20:39:38,502 [INFO] 
📊 进度统计:
2025-11-27 20:39:38,502 [INFO]    已处理批次: 556/693 (80.2%)
2025-11-27 20:39:38,502 [INFO]    已处理段落: 2780/3465
2025-11-27 20:39:38,502 [INFO]    成功: 555, 失败: 1
2025-11-27 20:39:38,502 [INFO]    已用时: 75.9 分钟
2025-11-27 20:39:38,502 [INFO]    预计剩余: 18.7 分钟
2025-11-27 20:39:38,502 [INFO]    预计总时间: 94.6 分钟
2025-11-27 20:39:38,502 [INFO] 
================================================================================
2025-11-27 20:39:38,502 [INFO] 处理第 557/693 批 (段落 2781-2785)
2025-11-27 20:39:38,502 [INFO] ================================================================================
2025-11-27 20:39:38,503 [INFO] 📄 本批段落数: 5
2025-11-27 20:39:38,503 [INFO] 📄 合并文本长度: 152 字符
2025-11-27 20:39:38,503 [INFO] 📄 完整文本:
是希望先生能够告诉她：不管你做什么，都是可以的。

当明白了自己的请求实际上是希望先生对她说那些话时，她便发现

这样的诉求并没有给先生太多自由做他自己，也没有尊重他的选择。而

当我们提出一个请求时，要注意的是，无论对方是否同意，都要尊

重他们的回应。我在许多传统调解中都看到人们如何被拖延战术消磨意
2025-11-27 20:39:38,503 [INFO] --------------------------------------------------------------------------------
2025-11-27 20:39:41,896 [INFO] ✅ 实体抽取成功: 共 2 个实体
2025-11-27 20:39:41,896 [INFO]    完整结果:
{"人物": ["希望"], "概念": [], "方法": [], "理论": [], "组织": [], "书籍": [], "情绪": [], "行为": ["拖延战术"]}
2025-11-27 20:39:44,791 [INFO] ✅ 关系抽取成功: 共 0 个关系
2025-11-27 20:39:44,792 [INFO]    完整结果:
{"提出": [], "包含": [], "应用": [], "来源": [], "解释": [], "相关": [], "导致": [], "影响": []}
2025-11-27 20:39:44,792 [INFO] 
📊 进度统计:
2025-11-27 20:39:44,792 [INFO]    已处理批次: 557/693 (80.4%)
2025-11-27 20:39:44,792 [INFO]    已处理段落: 2785/3465
2025-11-27 20:39:44,792 [INFO]    成功: 556, 失败: 1
2025-11-27 20:39:44,792 [INFO]    已用时: 76.0 分钟
2025-11-27 20:39:44,792 [INFO]    预计剩余: 18.6 分钟
2025-11-27 20:39:44,792 [INFO]    预计总时间: 94.6 分钟
2025-11-27 20:39:44,792 [INFO] 
================================================================================
2025-11-27 20:39:44,792 [INFO] 处理第 558/693 批 (段落 2786-2790)
2025-11-27 20:39:44,792 [INFO] ================================================================================
2025-11-27 20:39:44,792 [INFO] 📄 本批段落数: 5
2025-11-27 20:39:44,792 [INFO] 📄 合并文本长度: 155 字符
2025-11-27 20:39:44,792 [INFO] 📄 完整文本:
志，直到接受妥协。与此非常不同的是，非暴力沟通冲突解决的目标是

让每个人的需要都得到满足，没有一方是输家。

在第八章中，我们谈到了一个重要的话题：当听到别人说“不”时，

我们无须认为这是对我们的“拒绝”。仔细聆听那个“不”背后所隐藏的信

息，就能帮助我们理解对方的需要——当他们说“不”时，是出于什么样
2025-11-27 20:39:44,792 [INFO] --------------------------------------------------------------------------------
2025-11-27 20:39:48,080 [INFO] ✅ 实体抽取成功: 共 1 个实体
2025-11-27 20:39:48,081 [INFO]    完整结果:
{"人物": [], "概念": [], "方法": ["非暴力沟通"], "理论": [], "组织": [], "书籍": [], "情绪": [], "行为": []}
2025-11-27 20:39:52,872 [INFO] ✅ 关系抽取成功: 共 1 个关系
2025-11-27 20:39:52,873 [INFO]    完整结果:
{"提出": [], "包含": [], "应用": [{"subject": "非暴力沟通", "object": "冲突解决"}], "来源": [], "解释": [], "相关": [], "导致": [], "影响": []}
2025-11-27 20:39:52,873 [INFO] 
📊 进度统计:
2025-11-27 20:39:52,873 [INFO]    已处理批次: 558/693 (80.5%)
2025-11-27 20:39:52,873 [INFO]    已处理段落: 2790/3465
2025-11-27 20:39:52,873 [INFO]    成功: 557, 失败: 1
2025-11-27 20:39:52,873 [INFO]    已用时: 76.1 分钟
2025-11-27 20:39:52,873 [INFO]    预计剩余: 18.4 分钟
2025-11-27 20:39:52,873 [INFO]    预计总时间: 94.6 分钟
2025-11-27 20:39:52,873 [INFO] 
================================================================================
2025-11-27 20:39:52,873 [INFO] 处理第 559/693 批 (段落 2791-2795)
2025-11-27 20:39:52,873 [INFO] ================================================================================
2025-11-27 20:39:52,873 [INFO] 📄 本批段落数: 5
2025-11-27 20:39:52,873 [INFO] 📄 合并文本长度: 161 字符
2025-11-27 20:39:52,873 [INFO] 📄 完整文本:
的需要而无法答应我们的请求呢？如果我们能听见“不”背后的需要，即

使对方不同意我们提出的策略，我们依然能继续进行调解，将我们的注

到目前为止，除了少数几个我作为调解人化解冲突的案例，我在本

章节主要谈论了如何用非暴力沟通的调解技术来化解自己和他人的冲

突。然而，若想要作为第三方调解人来协助双方调停纷争，我们还要记
2025-11-27 20:39:52,873 [INFO] --------------------------------------------------------------------------------
2025-11-27 20:39:56,543 [INFO] ✅ 实体抽取成功: 共 2 个实体
2025-11-27 20:39:56,543 [INFO]    完整结果:
{"人物": [], "概念": ["非暴力沟通"], "方法": ["调解技术"], "理论": [], "组织": [], "书籍": [], "情绪": [], "行为": []}
2025-11-27 20:40:01,398 [INFO] ✅ 关系抽取成功: 共 1 个关系
2025-11-27 20:40:01,398 [INFO]    完整结果:
{"提出": [], "包含": [], "应用": [{"subject": "非暴力沟通", "object": "调解技术"}], "来源": [], "解释": [], "相关": [], "导致": [], "影响": []}
2025-11-27 20:40:01,398 [INFO] 
📊 进度统计:
2025-11-27 20:40:01,398 [INFO]    已处理批次: 559/693 (80.7%)
2025-11-27 20:40:01,398 [INFO]    已处理段落: 2795/3465
2025-11-27 20:40:01,398 [INFO]    成功: 558, 失败: 1
2025-11-27 20:40:01,398 [INFO]    已用时: 76.3 分钟
2025-11-27 20:40:01,398 [INFO]    预计剩余: 18.3 分钟
2025-11-27 20:40:01,398 [INFO]    预计总时间: 94.6 分钟
2025-11-27 20:40:01,398 [INFO] 
================================================================================
2025-11-27 20:40:01,398 [INFO] 处理第 560/693 批 (段落 2796-2800)
2025-11-27 20:40:01,399 [INFO] ================================================================================
2025-11-27 20:40:01,399 [INFO] 📄 本批段落数: 5
2025-11-27 20:40:01,399 [INFO] 📄 合并文本长度: 152 字符
2025-11-27 20:40:01,399 [INFO] 📄 完整文本:
1. 你的角色以及对非暴力沟通调解过程的信心

当作为调解人参与冲突解决时，我们最好开宗明义地告诉冲突双方

——我们的工作不会偏袒任何一方，而是支持双方听见彼此的声音，引

导他们找到满足各方需要的解决方案。视当下状况，我们也可以向人们

传达我们的信心，告诉他们：你相信，只要双方都遵照非暴力沟通的步
2025-11-27 20:40:01,399 [INFO] --------------------------------------------------------------------------------
2025-11-27 20:40:04,726 [INFO] ✅ 实体抽取成功: 共 1 个实体
2025-11-27 20:40:04,726 [INFO]    完整结果:
{"人物": [], "概念": [], "方法": ["非暴力沟通"], "理论": [], "组织": [], "书籍": [], "情绪": [], "行为": []}
2025-11-27 20:40:09,242 [INFO] ✅ 关系抽取成功: 共 1 个关系
2025-11-27 20:40:09,242 [INFO]    完整结果:
{"提出": [], "包含": [], "应用": [{"subject": "非暴力沟通", "object": "冲突解决"}], "来源": [], "解释": [], "相关": [], "导致": [], "影响": []}
2025-11-27 20:40:09,243 [INFO] 
📊 进度统计:
2025-11-27 20:40:09,243 [INFO]    已处理批次: 560/693 (80.8%)
2025-11-27 20:40:09,243 [INFO]    已处理段落: 2800/3465
2025-11-27 20:40:09,243 [INFO]    成功: 559, 失败: 1
2025-11-27 20:40:09,243 [INFO]    已用时: 76.4 分钟
2025-11-27 20:40:09,243 [INFO]    预计剩余: 18.1 分钟
2025-11-27 20:40:09,243 [INFO]    预计总时间: 94.6 分钟
2025-11-27 20:40:09,243 [INFO] 
================================================================================
2025-11-27 20:40:09,243 [INFO] 处理第 561/693 批 (段落 2801-2805)
2025-11-27 20:40:09,243 [INFO] ================================================================================
2025-11-27 20:40:09,243 [INFO] 📄 本批段落数: 5
2025-11-27 20:40:09,243 [INFO] 📄 合并文本长度: 161 字符
2025-11-27 20:40:09,243 [INFO] 📄 完整文本:
我曾在本章开头强调：用非暴力沟通化解冲突的目标并非要让对方

按照我们的意愿去做。同样的原则也适用于调解他人的冲突。尽管我们

可能对于要如何化解冲突有着自己的心愿，尤其是在家人、朋友和同事

发生冲突时，但我们务必谨记：身为调解人，我们的工作不是为了实现

自己的目标，而是要创造一个环境，让双方能够相互连结，表达各自的
2025-11-27 20:40:09,243 [INFO] --------------------------------------------------------------------------------
2025-11-27 20:40:12,569 [INFO] ✅ 实体抽取成功: 共 1 个实体
2025-11-27 20:40:12,569 [INFO]    完整结果:
{"人物": [], "概念": [], "方法": ["非暴力沟通"], "理论": [], "组织": [], "书籍": [], "情绪": [], "行为": []}
2025-11-27 20:40:17,145 [INFO] ✅ 关系抽取成功: 共 1 个关系
2025-11-27 20:40:17,146 [INFO]    完整结果:
{"提出": [], "包含": [], "应用": [{"subject": "非暴力沟通", "object": "化解冲突"}], "来源": [], "解释": [], "相关": [], "导致": [], "影响": []}
2025-11-27 20:40:17,146 [INFO] 
📊 进度统计:
2025-11-27 20:40:17,146 [INFO]    已处理批次: 561/693 (81.0%)
2025-11-27 20:40:17,146 [INFO]    已处理段落: 2805/3465
2025-11-27 20:40:17,146 [INFO]    成功: 560, 失败: 1
2025-11-27 20:40:17,146 [INFO]    已用时: 76.5 分钟
2025-11-27 20:40:17,146 [INFO]    预计剩余: 18.0 分钟
2025-11-27 20:40:17,146 [INFO]    预计总时间: 94.5 分钟
2025-11-27 20:40:17,146 [INFO] 
================================================================================
2025-11-27 20:40:17,146 [INFO] 处理第 562/693 批 (段落 2806-2810)
2025-11-27 20:40:17,146 [INFO] ================================================================================
2025-11-27 20:40:17,146 [INFO] 📄 本批段落数: 5
2025-11-27 20:40:17,146 [INFO] 📄 合并文本长度: 154 字符
2025-11-27 20:40:17,146 [INFO] 📄 完整文本:
需要，理解彼此的需要，并找到策略来满足这些需要。

作为调解人，我会强调我的目标是让双方都得到充分和准确的理

解。但有时也不免发生这样的状况：当我同理了一方，另一方就会立刻

控诉我在偏袒。这时，我们就要给予这一方一些“急救式同理”。我们也

许可以说：“你是不是很生气，想要确保你有机会陈述自己的立场？”
2025-11-27 20:40:17,146 [INFO] --------------------------------------------------------------------------------
2025-11-27 20:40:20,528 [INFO] ✅ 实体抽取成功: 共 2 个实体
2025-11-27 20:40:20,528 [INFO]    完整结果:
{"人物": [], "概念": [], "方法": ["调解"], "理论": [], "组织": [], "书籍": [], "情绪": ["生气"], "行为": []}
2025-11-27 20:40:23,565 [INFO] ✅ 关系抽取成功: 共 0 个关系
2025-11-27 20:40:23,565 [INFO]    完整结果:
{"提出": [], "包含": [], "应用": [], "来源": [], "解释": [], "相关": [], "导致": [], "影响": []}
2025-11-27 20:40:23,565 [INFO] 
📊 进度统计:
2025-11-27 20:40:23,566 [INFO]    已处理批次: 562/693 (81.1%)
2025-11-27 20:40:23,566 [INFO]    已处理段落: 2810/3465
2025-11-27 20:40:23,566 [INFO]    成功: 561, 失败: 1
2025-11-27 20:40:23,566 [INFO]    已用时: 76.6 分钟
2025-11-27 20:40:23,566 [INFO]    预计剩余: 17.9 分钟
2025-11-27 20:40:23,566 [INFO]    预计总时间: 94.5 分钟
2025-11-27 20:40:23,566 [INFO] 
================================================================================
2025-11-27 20:40:23,566 [INFO] 处理第 563/693 批 (段落 2811-2815)
2025-11-27 20:40:23,566 [INFO] ================================================================================
2025-11-27 20:40:23,566 [INFO] 📄 本批段落数: 5
2025-11-27 20:40:23,566 [INFO] 📄 合并文本长度: 153 字符
2025-11-27 20:40:23,566 [INFO] 📄 完整文本:
在同理了他们的心境后，我会提醒他们每一个人都有机会发声，并

且接下来就会轮到他们。然后，为了确保他们真的同意等待，我可能还

会询问他们：“这样你是不是比较放心了，还是你希望能更确定很快就

我们可能需要反复这样做，以确保调解过程顺利进行。

在调解过程中，我们务必做好“追踪”进程的工作——仔细注意人们
2025-11-27 20:40:23,566 [INFO] --------------------------------------------------------------------------------
2025-11-27 20:40:26,802 [INFO] ✅ 实体抽取成功: 共 1 个实体
2025-11-27 20:40:26,802 [INFO]    完整结果:
{"人物": [], "概念": [], "方法": ["追踪"], "理论": [], "组织": [], "书籍": [], "情绪": [], "行为": []}
2025-11-27 20:40:29,792 [INFO] ✅ 关系抽取成功: 共 0 个关系
2025-11-27 20:40:29,792 [INFO]    完整结果:
{"提出": [], "包含": [], "应用": [], "来源": [], "解释": [], "相关": [], "导致": [], "影响": []}
2025-11-27 20:40:29,792 [INFO] 
📊 进度统计:
2025-11-27 20:40:29,792 [INFO]    已处理批次: 563/693 (81.2%)
2025-11-27 20:40:29,792 [INFO]    已处理段落: 2815/3465
2025-11-27 20:40:29,792 [INFO]    成功: 562, 失败: 1
2025-11-27 20:40:29,792 [INFO]    已用时: 76.7 分钟
2025-11-27 20:40:29,792 [INFO]    预计剩余: 17.7 分钟
2025-11-27 20:40:29,792 [INFO]    预计总时间: 94.5 分钟
2025-11-27 20:40:29,792 [INFO] 
================================================================================
2025-11-27 20:40:29,792 [INFO] 处理第 564/693 批 (段落 2816-2820)
2025-11-27 20:40:29,792 [INFO] ================================================================================
2025-11-27 20:40:29,792 [INFO] 📄 本批段落数: 5
2025-11-27 20:40:29,792 [INFO] 📄 合并文本长度: 160 字符
2025-11-27 20:40:29,792 [INFO] 📄 完整文本:
所说的话，确保双方都有机会表达自己的需要，聆听对方的需要并提出

请求。此外，我们还要“追踪”——注意其中一方刚才说到哪里，以便在

要这样做并不容易，尤其在双方争执不下、情绪激动时。此时，如

果能在白板或挂纸上将上一位讲话者所表述的要义（感受或需要）记录

用视觉的形式追踪进程也能让双方确保自己的需要会被听见。调解
2025-11-27 20:40:29,792 [INFO] --------------------------------------------------------------------------------
2025-11-27 20:40:33,254 [INFO] ✅ 实体抽取成功: 共 2 个实体
2025-11-27 20:40:33,254 [INFO]    完整结果:
{"人物": [], "概念": [], "方法": ["追踪"], "理论": [], "组织": [], "书籍": [], "情绪": ["情绪激动"], "行为": []}
2025-11-27 20:40:36,278 [INFO] ✅ 关系抽取成功: 共 0 个关系
2025-11-27 20:40:36,278 [INFO]    完整结果:
{"提出": [], "包含": [], "应用": [], "来源": [], "解释": [], "相关": [], "导致": [], "影响": []}
2025-11-27 20:40:36,278 [INFO] 
📊 进度统计:
2025-11-27 20:40:36,278 [INFO]    已处理批次: 564/693 (81.4%)
2025-11-27 20:40:36,278 [INFO]    已处理段落: 2820/3465
2025-11-27 20:40:36,278 [INFO]    成功: 563, 失败: 1
2025-11-27 20:40:36,278 [INFO]    已用时: 76.9 分钟
2025-11-27 20:40:36,278 [INFO]    预计剩余: 17.6 分钟
2025-11-27 20:40:36,278 [INFO]    预计总时间: 94.4 分钟
2025-11-27 20:40:36,278 [INFO] 
================================================================================
2025-11-27 20:40:36,278 [INFO] 处理第 565/693 批 (段落 2821-2825)
2025-11-27 20:40:36,278 [INFO] ================================================================================
2025-11-27 20:40:36,278 [INFO] 📄 本批段落数: 5
2025-11-27 20:40:36,278 [INFO] 📄 合并文本长度: 155 字符
2025-11-27 20:40:36,278 [INFO] 📄 完整文本:
过程中经常会发生这样的状况：调解人还没来得及引导一方充分表达完

自己的需要，另一方就抢着发言了。花一些时间记录下需要，并且让在

场的每一个人都看得到，这会让聆听的一方感到踏实，相信自己的需要

会得到处理。这样，每个人就都能更专心地听对方说话了。

调解人需要为调解过程注入的另一个重要品质是——对当下的觉
2025-11-27 20:40:36,278 [INFO] --------------------------------------------------------------------------------
2025-11-27 20:40:39,741 [INFO] ✅ 实体抽取成功: 共 2 个实体
2025-11-27 20:40:39,741 [INFO]    完整结果:
{"人物": [], "概念": [], "方法": [], "理论": [], "组织": [], "书籍": [], "情绪": [], "行为": ["表达", "发言"]}
2025-11-27 20:40:42,760 [INFO] ✅ 关系抽取成功: 共 0 个关系
2025-11-27 20:40:42,760 [INFO]    完整结果:
{"提出": [], "包含": [], "应用": [], "来源": [], "解释": [], "相关": [], "导致": [], "影响": []}
2025-11-27 20:40:42,760 [INFO] 
📊 进度统计:
2025-11-27 20:40:42,760 [INFO]    已处理批次: 565/693 (81.5%)
2025-11-27 20:40:42,760 [INFO]    已处理段落: 2825/3465
2025-11-27 20:40:42,760 [INFO]    成功: 564, 失败: 1
2025-11-27 20:40:42,760 [INFO]    已用时: 77.0 分钟
2025-11-27 20:40:42,760 [INFO]    预计剩余: 17.4 分钟
2025-11-27 20:40:42,760 [INFO]    预计总时间: 94.4 分钟
2025-11-27 20:40:42,761 [INFO] 
================================================================================
2025-11-27 20:40:42,761 [INFO] 处理第 566/693 批 (段落 2826-2830)
2025-11-27 20:40:42,761 [INFO] ================================================================================
2025-11-27 20:40:42,761 [INFO] 📄 本批段落数: 5
2025-11-27 20:40:42,761 [INFO] 📄 合并文本长度: 159 字符
2025-11-27 20:40:42,761 [INFO] 📄 完整文本:
察：此刻谁需要什么？人们此刻的请求是什么？要保持这样的觉察，需

要大量练习如何安住在当下，而我们大部分人从未受过这方面的训练。

在调解过程中，我们会听到人们有许多讨论，关于过去所发生的事

件以及未来所期望的改变。但唯有把握此时此刻才能化解冲突，因此，

调解人的另一项任务是避免对话陷入泥潭。人们往往认为只要把同
2025-11-27 20:40:42,761 [INFO] --------------------------------------------------------------------------------
2025-11-27 20:40:46,342 [INFO] ✅ 实体抽取成功: 共 1 个实体
2025-11-27 20:40:46,342 [INFO]    完整结果:
{"人物": [], "概念": [], "方法": [], "理论": [], "组织": [], "书籍": [], "情绪": [], "行为": ["练习如何安住在当下"]}
2025-11-27 20:40:50,748 [INFO] ✅ 关系抽取成功: 共 1 个关系
2025-11-27 20:40:50,749 [INFO]    完整结果:
{"提出": [], "包含": [], "应用": [{"subject": "觉察", "object": "调解"}], "来源": [], "解释": [], "相关": [], "导致": [], "影响": []}
2025-11-27 20:40:50,749 [INFO] 
📊 进度统计:
2025-11-27 20:40:50,749 [INFO]    已处理批次: 566/693 (81.7%)
2025-11-27 20:40:50,749 [INFO]    已处理段落: 2830/3465
2025-11-27 20:40:50,749 [INFO]    成功: 565, 失败: 1
2025-11-27 20:40:50,749 [INFO]    已用时: 77.1 分钟
2025-11-27 20:40:50,749 [INFO]    预计剩余: 17.3 分钟
2025-11-27 20:40:50,749 [INFO]    预计总时间: 94.4 分钟
2025-11-27 20:40:50,749 [INFO] 
================================================================================
2025-11-27 20:40:50,749 [INFO] 处理第 567/693 批 (段落 2831-2835)
2025-11-27 20:40:50,749 [INFO] ================================================================================
2025-11-27 20:40:50,749 [INFO] 📄 本批段落数: 5
2025-11-27 20:40:50,749 [INFO] 📄 合并文本长度: 160 字符
2025-11-27 20:40:50,749 [INFO] 📄 完整文本:
样的话多说几遍，别人就能够理解并且按照他们的意思去做，因此，对

为了推动对话进程，调解人需要提出有效的问题，并且在必要时刻

维持好对话的节奏，甚至加快步调。有一次，我受邀在一个小镇主持工

作坊，主办方问我是否可以帮助他调和一桩家庭内财产分配纠纷。我答

应了，同时也意识到我在课余只有3、4个小时的空档来做这件事。
2025-11-27 20:40:50,749 [INFO] --------------------------------------------------------------------------------
2025-11-27 20:40:54,398 [INFO] ✅ 实体抽取成功: 共 2 个实体
2025-11-27 20:40:54,398 [INFO]    完整结果:
{"人物": [], "概念": [], "方法": [], "理论": [], "组织": [], "书籍": [], "情绪": [], "行为": ["主持", "调和"]}
2025-11-27 20:40:58,960 [INFO] ✅ 关系抽取成功: 共 1 个关系
2025-11-27 20:40:58,961 [INFO]    完整结果:
{"提出": [{"subject": "问题", "object": "调解人"}], "包含": [], "应用": [], "来源": [], "解释": [], "相关": [], "导致": [], "影响": []}
2025-11-27 20:40:58,961 [INFO] 
📊 进度统计:
2025-11-27 20:40:58,961 [INFO]    已处理批次: 567/693 (81.8%)
2025-11-27 20:40:58,961 [INFO]    已处理段落: 2835/3465
2025-11-27 20:40:58,961 [INFO]    成功: 566, 失败: 1
2025-11-27 20:40:58,961 [INFO]    已用时: 77.2 分钟
2025-11-27 20:40:58,961 [INFO]    预计剩余: 17.2 分钟
2025-11-27 20:40:58,961 [INFO]    预计总时间: 94.4 分钟
2025-11-27 20:40:58,961 [INFO] 
================================================================================
2025-11-27 20:40:58,961 [INFO] 处理第 568/693 批 (段落 2836-2840)
2025-11-27 20:40:58,961 [INFO] ================================================================================
2025-11-27 20:40:58,961 [INFO] 📄 本批段落数: 5
2025-11-27 20:40:58,961 [INFO] 📄 合并文本长度: 159 字符
2025-11-27 20:40:58,961 [INFO] 📄 完整文本:
这场纠纷的核心是，一个拥有一大片农场的男子即将退休，他的两

个儿子为了财产分配陷入了剧烈争吵。两人虽然都住在农场的一端，彼

此距离很近，但已经有8年不曾交谈了。我会见了这对兄弟以及他们的

妻子和姐妹。8年来，所有人都卷入这桩复杂的法律纠纷，非常痛苦。

为了让调解工作取得进展，并且不耽误我的工作坊，我不得不加快
2025-11-27 20:40:58,961 [INFO] --------------------------------------------------------------------------------
2025-11-27 20:41:02,171 [INFO] ✅ 实体抽取成功: 共 1 个实体
2025-11-27 20:41:02,172 [INFO]    完整结果:
{"人物": [], "概念": [], "方法": [], "理论": [], "组织": [], "书籍": [], "情绪": [], "行为": ["争吵"]}
2025-11-27 20:41:05,215 [INFO] ✅ 关系抽取成功: 共 0 个关系
2025-11-27 20:41:05,215 [INFO]    完整结果:
{"提出": [], "包含": [], "应用": [], "来源": [], "解释": [], "相关": [], "导致": [], "影响": []}
2025-11-27 20:41:05,215 [INFO] 
📊 进度统计:
2025-11-27 20:41:05,215 [INFO]    已处理批次: 568/693 (82.0%)
2025-11-27 20:41:05,215 [INFO]    已处理段落: 2840/3465
2025-11-27 20:41:05,215 [INFO]    成功: 567, 失败: 1
2025-11-27 20:41:05,215 [INFO]    已用时: 77.3 分钟
2025-11-27 20:41:05,215 [INFO]    预计剩余: 17.0 分钟
2025-11-27 20:41:05,215 [INFO]    预计总时间: 94.4 分钟
2025-11-27 20:41:05,215 [INFO] 
================================================================================
2025-11-27 20:41:05,215 [INFO] 处理第 569/693 批 (段落 2841-2845)
2025-11-27 20:41:05,215 [INFO] ================================================================================
2025-11-27 20:41:05,215 [INFO] 📄 本批段落数: 5
2025-11-27 20:41:05,215 [INFO] 📄 合并文本长度: 155 字符
2025-11-27 20:41:05,215 [INFO] 📄 完整文本:
调解的进程。为了不让他们再花时间重复同样的故事，我便问其中一位

兄弟是否可以先来扮演他，然后我再来扮演另一位兄弟。

在角色扮演过程中，我开玩笑地问他们，是否可以请“导演”看看我

演得对不对。出乎我的意料，我看见了那位我所扮演的兄弟已泪流满

面。我猜我的角色扮演让他得以深深地同理自己，并且终于体会到兄弟
2025-11-27 20:41:05,215 [INFO] --------------------------------------------------------------------------------
2025-11-27 20:41:08,988 [INFO] ✅ 实体抽取成功: 共 2 个实体
2025-11-27 20:41:08,988 [INFO]    完整结果:
{"人物": [], "概念": [], "方法": ["角色扮演"], "理论": [], "组织": [], "书籍": [], "情绪": ["泪流满面"], "行为": []}
2025-11-27 20:41:12,048 [INFO] ✅ 关系抽取成功: 共 0 个关系
2025-11-27 20:41:12,048 [INFO]    完整结果:
{"提出": [], "包含": [], "应用": [], "来源": [], "解释": [], "相关": [], "导致": [], "影响": []}
2025-11-27 20:41:12,048 [INFO] 
📊 进度统计:
2025-11-27 20:41:12,048 [INFO]    已处理批次: 569/693 (82.1%)
2025-11-27 20:41:12,048 [INFO]    已处理段落: 2845/3465
2025-11-27 20:41:12,048 [INFO]    成功: 568, 失败: 1
2025-11-27 20:41:12,048 [INFO]    已用时: 77.5 分钟
2025-11-27 20:41:12,048 [INFO]    预计剩余: 16.9 分钟
2025-11-27 20:41:12,048 [INFO]    预计总时间: 94.3 分钟
2025-11-27 20:41:12,048 [INFO] 
================================================================================
2025-11-27 20:41:12,048 [INFO] 处理第 570/693 批 (段落 2846-2850)
2025-11-27 20:41:12,048 [INFO] ================================================================================
2025-11-27 20:41:12,048 [INFO] 📄 本批段落数: 5
2025-11-27 20:41:12,048 [INFO] 📄 合并文本长度: 160 字符
2025-11-27 20:41:12,048 [INFO] 📄 完整文本:
的痛苦。第二天，他们的父亲双目含泪地告诉我，昨晚，他们全家一起

出去吃了晚饭，这是8年来的第一次。这场纷争旷日持久，双方的律师

都无法让彼此达成共识，但当两兄弟在角色扮演中真正听见彼此的苦痛

与需要后，冲突终于迎刃而解。如果我当时任由他们各自讲述自己的立

我在进行角色扮演时，会时不时地转向我所扮演的人（我称他们
2025-11-27 20:41:12,048 [INFO] --------------------------------------------------------------------------------
2025-11-27 20:41:15,755 [INFO] ✅ 实体抽取成功: 共 2 个实体
2025-11-27 20:41:15,755 [INFO]    完整结果:
{"人物": [], "概念": [], "方法": ["角色扮演"], "理论": [], "组织": [], "书籍": [], "情绪": ["痛苦"], "行为": []}
2025-11-27 20:41:18,865 [INFO] ✅ 关系抽取成功: 共 0 个关系
2025-11-27 20:41:18,865 [INFO]    完整结果:
{"提出": [], "包含": [], "应用": [], "来源": [], "解释": [], "相关": [], "导致": [], "影响": []}
2025-11-27 20:41:18,865 [INFO] 
📊 进度统计:
2025-11-27 20:41:18,865 [INFO]    已处理批次: 570/693 (82.3%)
2025-11-27 20:41:18,865 [INFO]    已处理段落: 2850/3465
2025-11-27 20:41:18,865 [INFO]    成功: 569, 失败: 1
2025-11-27 20:41:18,865 [INFO]    已用时: 77.6 分钟
2025-11-27 20:41:18,865 [INFO]    预计剩余: 16.7 分钟
2025-11-27 20:41:18,865 [INFO]    预计总时间: 94.3 分钟
2025-11-27 20:41:18,866 [INFO] 
================================================================================
2025-11-27 20:41:18,866 [INFO] 处理第 571/693 批 (段落 2851-2855)
2025-11-27 20:41:18,866 [INFO] ================================================================================
2025-11-27 20:41:18,866 [INFO] 📄 本批段落数: 5
2025-11-27 20:41:18,866 [INFO] 📄 合并文本长度: 161 字符
2025-11-27 20:41:18,866 [INFO] 📄 完整文本:
为“导演”），看看他们认为我演得如何。我甚至一度认为我有表演天

赋，因为我经常都会看见他们流泪，并对我说：“这就是我一直想要说

的话。”但后来，当我开始指导别人角色扮演后，便明白了只要能和自

己的需要连结，任何人都可以做到。这是因为，无论具体发生的事情是

有时我会辅导一些曾经被强暴或遭受过暴力折磨的人们。当迫害者
2025-11-27 20:41:18,866 [INFO] --------------------------------------------------------------------------------
2025-11-27 20:41:23,229 [INFO] ✅ 实体抽取成功: 共 4 个实体
2025-11-27 20:41:23,230 [INFO]    完整结果:
{"人物": [], "概念": [], "方法": [], "理论": [], "组织": [], "书籍": [], "情绪": ["流泪"], "行为": ["指导", "角色扮演", "辅导"]}
2025-11-27 20:41:26,359 [INFO] ✅ 关系抽取成功: 共 0 个关系
2025-11-27 20:41:26,359 [INFO]    完整结果:
{"提出": [], "包含": [], "应用": [], "来源": [], "解释": [], "相关": [], "导致": [], "影响": []}
2025-11-27 20:41:26,359 [INFO] 
📊 进度统计:
2025-11-27 20:41:26,359 [INFO]    已处理批次: 571/693 (82.4%)
2025-11-27 20:41:26,359 [INFO]    已处理段落: 2855/3465
2025-11-27 20:41:26,359 [INFO]    成功: 570, 失败: 1
2025-11-27 20:41:26,359 [INFO]    已用时: 77.7 分钟
2025-11-27 20:41:26,359 [INFO]    预计剩余: 16.6 分钟
2025-11-27 20:41:26,359 [INFO]    预计总时间: 94.3 分钟
2025-11-27 20:41:26,359 [INFO] 
================================================================================
2025-11-27 20:41:26,359 [INFO] 处理第 572/693 批 (段落 2856-2860)
2025-11-27 20:41:26,359 [INFO] ================================================================================
2025-11-27 20:41:26,359 [INFO] 📄 本批段落数: 5
2025-11-27 20:41:26,359 [INFO] 📄 合并文本长度: 163 字符
2025-11-27 20:41:26,359 [INFO] 📄 完整文本:
不在场时，我会扮演他们的角色。那些受害者时常会惊讶地听到我在角

色扮演时说的话与迫害者说过的话不谋而合，他们会追问我：“你是怎

么知道的？”我相信我之所以知道，是因为我就是那个迫害者——事实

上，我们每一个人都是。在角色扮演时，我们不是去思考导致冲突的那

些问题，而只是试着站在当事人所处的情景里，设身处地揣摩他们的感
2025-11-27 20:41:26,359 [INFO] --------------------------------------------------------------------------------
2025-11-27 20:41:29,977 [INFO] ✅ 实体抽取成功: 共 1 个实体
2025-11-27 20:41:29,977 [INFO]    完整结果:
{"人物": [], "概念": [], "方法": ["角色扮演"], "理论": [], "组织": [], "书籍": [], "情绪": [], "行为": []}
2025-11-27 20:41:33,180 [INFO] ✅ 关系抽取成功: 共 0 个关系
2025-11-27 20:41:33,180 [INFO]    完整结果:
{"提出": [], "包含": [], "应用": [], "来源": [], "解释": [], "相关": [], "导致": [], "影响": []}
2025-11-27 20:41:33,180 [INFO] 
📊 进度统计:
2025-11-27 20:41:33,180 [INFO]    已处理批次: 572/693 (82.5%)
2025-11-27 20:41:33,181 [INFO]    已处理段落: 2860/3465
2025-11-27 20:41:33,181 [INFO]    成功: 571, 失败: 1
2025-11-27 20:41:33,181 [INFO]    已用时: 77.8 分钟
2025-11-27 20:41:33,181 [INFO]    预计剩余: 16.5 分钟
2025-11-27 20:41:33,181 [INFO]    预计总时间: 94.3 分钟
2025-11-27 20:41:33,181 [INFO] 
================================================================================
2025-11-27 20:41:33,181 [INFO] 处理第 573/693 批 (段落 2861-2865)
2025-11-27 20:41:33,181 [INFO] ================================================================================
2025-11-27 20:41:33,181 [INFO] 📄 本批段落数: 5
2025-11-27 20:41:33,181 [INFO] 📄 合并文本长度: 157 字符
2025-11-27 20:41:33,181 [INFO] 📄 完整文本:
受和需要。尽管我们会时不时地与“导演”核实情况，我们并不一定总能

把话说对，但我们的目的不在于“正确扮演角色”。没有人可以永远演得

对，这并没有关系。如果演得有所偏离，角色扮演的对象会以某种方式

让我们知道，我们也因此多了一个机会猜得更准确一些。

在调解过程中，当事人的情绪有时会变得十分激烈，彼此大声咆哮
2025-11-27 20:41:33,181 [INFO] --------------------------------------------------------------------------------
2025-11-27 20:41:36,511 [INFO] ✅ 实体抽取成功: 共 1 个实体
2025-11-27 20:41:36,511 [INFO]    完整结果:
{"人物": [], "概念": [], "方法": [], "理论": [], "组织": [], "书籍": [], "情绪": [], "行为": ["咆哮"]}
2025-11-27 20:41:39,587 [INFO] ✅ 关系抽取成功: 共 0 个关系
2025-11-27 20:41:39,587 [INFO]    完整结果:
{"提出": [], "包含": [], "应用": [], "来源": [], "解释": [], "相关": [], "导致": [], "影响": []}
2025-11-27 20:41:39,587 [INFO] 
📊 进度统计:
2025-11-27 20:41:39,587 [INFO]    已处理批次: 573/693 (82.7%)
2025-11-27 20:41:39,587 [INFO]    已处理段落: 2865/3465
2025-11-27 20:41:39,587 [INFO]    成功: 572, 失败: 1
2025-11-27 20:41:39,587 [INFO]    已用时: 77.9 分钟
2025-11-27 20:41:39,587 [INFO]    预计剩余: 16.3 分钟
2025-11-27 20:41:39,587 [INFO]    预计总时间: 94.2 分钟
2025-11-27 20:41:39,587 [INFO] 
================================================================================
2025-11-27 20:41:39,587 [INFO] 处理第 574/693 批 (段落 2866-2870)
2025-11-27 20:41:39,587 [INFO] ================================================================================
2025-11-27 20:41:39,588 [INFO] 📄 本批段落数: 5
2025-11-27 20:41:39,588 [INFO] 📄 合并文本长度: 162 字符
2025-11-27 20:41:39,588 [INFO] 📄 完整文本:
或抢着发言。在这种情况下，为了让调解过程得以顺利进行，我们必须

勇于打断他们。有一次我在以色列做调解，我遇到的困难是，我的翻译

太有礼貌了。后来我终于教会他如何说狠话：“让他们住嘴！让他们至

少等到你把我的话翻译完后再来对骂！”因此，每当他们相互叫嚣或在

同一时间发言时，我就会打断他们：“请听我说！请听我说！请听我
2025-11-27 20:41:39,588 [INFO] --------------------------------------------------------------------------------
2025-11-27 20:41:44,798 [INFO] ✅ 实体抽取成功: 共 4 个实体
2025-11-27 20:41:44,798 [INFO]    完整结果:
{"人物": [], "概念": [], "方法": [], "理论": [], "组织": [], "书籍": [], "情绪": [], "行为": ["发言", "打断", "翻译", "说狠话"]}
2025-11-27 20:41:48,166 [INFO] ✅ 关系抽取成功: 共 0 个关系
2025-11-27 20:41:48,166 [INFO]    完整结果:
{"提出": [], "包含": [], "应用": [], "来源": [], "解释": [], "相关": [], "导致": [], "影响": []}
2025-11-27 20:41:48,166 [INFO] 
📊 进度统计:
2025-11-27 20:41:48,166 [INFO]    已处理批次: 574/693 (82.8%)
2025-11-27 20:41:48,166 [INFO]    已处理段落: 2870/3465
2025-11-27 20:41:48,166 [INFO]    成功: 573, 失败: 1
2025-11-27 20:41:48,166 [INFO]    已用时: 78.1 分钟
2025-11-27 20:41:48,166 [INFO]    预计剩余: 16.2 分钟
2025-11-27 20:41:48,166 [INFO]    预计总时间: 94.2 分钟
2025-11-27 20:41:48,166 [INFO] 
================================================================================
2025-11-27 20:41:48,166 [INFO] 处理第 575/693 批 (段落 2871-2875)
2025-11-27 20:41:48,166 [INFO] ================================================================================
2025-11-27 20:41:48,166 [INFO] 📄 本批段落数: 5
2025-11-27 20:41:48,166 [INFO] 📄 合并文本长度: 158 字符
2025-11-27 20:41:48,166 [INFO] 📄 完整文本:
说！”我会大声地说上几遍，直到我把他们的注意力拉回来。

一旦把他们的注意力拉回来，调解人就需要赶紧行动。如果一个人

因为被打断而生气，我们也可以感受到那个人之所以无法听见我们，是

因为内心带着太多痛苦。这时候就需要我们展开“急救式同理”。以下是

讲述者：每次都是这样！他们已经开了3次会，但每次都有新的理由来
2025-11-27 20:41:48,167 [INFO] --------------------------------------------------------------------------------
2025-11-27 20:41:51,815 [INFO] ✅ 实体抽取成功: 共 2 个实体
2025-11-27 20:41:51,815 [INFO]    完整结果:
{"人物": [], "概念": [], "方法": ["急救式同理"], "理论": [], "组织": [], "书籍": [], "情绪": ["生气"], "行为": []}
2025-11-27 20:41:54,928 [INFO] ✅ 关系抽取成功: 共 0 个关系
2025-11-27 20:41:54,929 [INFO]    完整结果:
{"提出": [], "包含": [], "应用": [], "来源": [], "解释": [], "相关": [], "导致": [], "影响": []}
2025-11-27 20:41:54,929 [INFO] 
📊 进度统计:
2025-11-27 20:41:54,929 [INFO]    已处理批次: 575/693 (83.0%)
2025-11-27 20:41:54,929 [INFO]    已处理段落: 2875/3465
2025-11-27 20:41:54,929 [INFO]    成功: 574, 失败: 1
2025-11-27 20:41:54,929 [INFO]    已用时: 78.2 分钟
2025-11-27 20:41:54,929 [INFO]    预计剩余: 16.0 分钟
2025-11-27 20:41:54,929 [INFO]    预计总时间: 94.2 分钟
2025-11-27 20:41:54,929 [INFO] 
================================================================================
2025-11-27 20:41:54,929 [INFO] 处理第 576/693 批 (段落 2876-2880)
2025-11-27 20:41:54,929 [INFO] ================================================================================
2025-11-27 20:41:54,929 [INFO] 📄 本批段落数: 5
2025-11-27 20:41:54,929 [INFO] 📄 合并文本长度: 155 字符
2025-11-27 20:41:54,929 [INFO] 📄 完整文本:
解释他们为什么做不到。上回他们甚至还签署了协议！现在又提出了新

的保证，事情还是老样子，然后再来做一个保证！和这些人一起工作实

调解者：请听我说，请听我说，请听我说（声音渐大）！你可不可以告

讲述者：（意识到自己并没有注意对方说的话）不！

调解者：所以你现在是不是失去了信任，很希望能够相信他们会说话算
2025-11-27 20:41:54,929 [INFO] --------------------------------------------------------------------------------
2025-11-27 20:41:58,426 [INFO] ✅ 实体抽取成功: 共 1 个实体
2025-11-27 20:41:58,426 [INFO]    完整结果:
{"人物": [], "概念": [], "方法": [], "理论": [], "组织": [], "书籍": [], "情绪": [], "行为": ["签署了协议"]}
2025-11-27 20:42:01,520 [INFO] ✅ 关系抽取成功: 共 0 个关系
2025-11-27 20:42:01,521 [INFO]    完整结果:
{"提出": [], "包含": [], "应用": [], "来源": [], "解释": [], "相关": [], "导致": [], "影响": []}
2025-11-27 20:42:01,521 [INFO] 
📊 进度统计:
2025-11-27 20:42:01,521 [INFO]    已处理批次: 576/693 (83.1%)
2025-11-27 20:42:01,521 [INFO]    已处理段落: 2880/3465
2025-11-27 20:42:01,521 [INFO]    成功: 575, 失败: 1
2025-11-27 20:42:01,521 [INFO]    已用时: 78.3 分钟
2025-11-27 20:42:01,521 [INFO]    预计剩余: 15.9 分钟
2025-11-27 20:42:01,521 [INFO]    预计总时间: 94.2 分钟
2025-11-27 20:42:01,521 [INFO] 
================================================================================
2025-11-27 20:42:01,521 [INFO] 处理第 577/693 批 (段落 2881-2885)
2025-11-27 20:42:01,521 [INFO] ================================================================================
2025-11-27 20:42:01,521 [INFO] 📄 本批段落数: 5
2025-11-27 20:42:01,521 [INFO] 📄 合并文本长度: 160 字符
2025-11-27 20:42:01,521 [INFO] 📄 完整文本:
调解者：那你可以告诉我你听到他们说了什么吗？我来和你重复一下。

我听到对方说，他们希望坦诚相待。你可以告诉他们你听到的吗，以便

作为调解人，我们可以将这个角色视为翻译者：翻译一方说的话让

另一方得以理解。我还会告诉人们，为了化解冲突，我会打断他们的

话，请他们接受这样的方式。当我打断讲话时，我会和讲述者确认是否
2025-11-27 20:42:01,521 [INFO] --------------------------------------------------------------------------------
2025-11-27 20:42:05,262 [INFO] ✅ 实体抽取成功: 共 3 个实体
2025-11-27 20:42:05,263 [INFO]    完整结果:
{"人物": [], "概念": [], "方法": ["调解", "翻译"], "理论": [], "组织": [], "书籍": [], "情绪": [], "行为": ["话"]}
2025-11-27 20:42:08,368 [INFO] ✅ 关系抽取成功: 共 0 个关系
2025-11-27 20:42:08,368 [INFO]    完整结果:
{"提出": [], "包含": [], "应用": [], "来源": [], "解释": [], "相关": [], "导致": [], "影响": []}
2025-11-27 20:42:08,368 [INFO] 
📊 进度统计:
2025-11-27 20:42:08,368 [INFO]    已处理批次: 577/693 (83.3%)
2025-11-27 20:42:08,368 [INFO]    已处理段落: 2885/3465
2025-11-27 20:42:08,368 [INFO]    成功: 576, 失败: 1
2025-11-27 20:42:08,368 [INFO]    已用时: 78.4 分钟
2025-11-27 20:42:08,369 [INFO]    预计剩余: 15.8 分钟
2025-11-27 20:42:08,369 [INFO]    预计总时间: 94.1 分钟
2025-11-27 20:42:08,369 [INFO] 
================================================================================
2025-11-27 20:42:08,369 [INFO] 处理第 578/693 批 (段落 2886-2890)
2025-11-27 20:42:08,369 [INFO] ================================================================================
2025-11-27 20:42:08,369 [INFO] 📄 本批段落数: 5
2025-11-27 20:42:08,369 [INFO] 📄 合并文本长度: 159 字符
2025-11-27 20:42:08,369 [INFO] 📄 完整文本:
把他们的意思准确“翻译”出来了。我会“翻译”许多信息，有时是通过揣

测，但要判定我的翻译是否准确，只有讲述者本人才能说了算。

我们务必要记住，打断讲话以及拉回注意力的目的是让人们重新回

到非暴力沟通的过程中：做出观察，辨识并表达出自己的感受，将感受

和需要相连，并以明晰、具体、正向的行动语言来提出可行的请求。
2025-11-27 20:42:08,369 [INFO] --------------------------------------------------------------------------------
2025-11-27 20:42:13,269 [INFO] ✅ 实体抽取成功: 共 3 个实体
2025-11-27 20:42:13,269 [INFO]    完整结果:
{"人物": [], "概念": ["翻译", "非暴力沟通"], "方法": [], "理论": [], "组织": [], "书籍": [], "情绪": [], "行为": ["揣\n\n测"]}
2025-11-27 20:42:16,369 [INFO] ✅ 关系抽取成功: 共 0 个关系
2025-11-27 20:42:16,369 [INFO]    完整结果:
{"提出": [], "包含": [], "应用": [], "来源": [], "解释": [], "相关": [], "导致": [], "影响": []}
2025-11-27 20:42:16,369 [INFO] 
📊 进度统计:
2025-11-27 20:42:16,369 [INFO]    已处理批次: 578/693 (83.4%)
2025-11-27 20:42:16,369 [INFO]    已处理段落: 2890/3465
2025-11-27 20:42:16,369 [INFO]    成功: 577, 失败: 1
2025-11-27 20:42:16,369 [INFO]    已用时: 78.5 分钟
2025-11-27 20:42:16,369 [INFO]    预计剩余: 15.6 分钟
2025-11-27 20:42:16,369 [INFO]    预计总时间: 94.1 分钟
2025-11-27 20:42:16,369 [INFO] 
================================================================================
2025-11-27 20:42:16,369 [INFO] 处理第 579/693 批 (段落 2891-2895)
2025-11-27 20:42:16,369 [INFO] ================================================================================
2025-11-27 20:42:16,369 [INFO] 📄 本批段落数: 5
2025-11-27 20:42:16,369 [INFO] 📄 合并文本长度: 160 字符
2025-11-27 20:42:16,369 [INFO] 📄 完整文本:
我相信，若能设法安排冲突双方会面，相互表达需要和请求，冲突

解决便会有希望。然而，一大挑战就是让双方碰面。我们时常会听到冲

突中的一方这样说：“不，对话起不了作用，他们不会听的。我已经都

试过了，根本没用！”因为有时人们需要好一段时间才能厘清自己的需

要，调解人须在前期花很大力气接触当事人，让他们表达出自己的需
2025-11-27 20:42:16,369 [INFO] --------------------------------------------------------------------------------
2025-11-27 20:42:22,045 [INFO] ✅ 实体抽取成功: 共 4 个实体
2025-11-27 20:42:22,045 [INFO]    完整结果:
{"人物": [], "概念": [], "方法": ["安排冲突双方会面", "让双方碰面"], "理论": [], "组织": [], "书籍": [], "情绪": [], "行为": ["表达需要和请求", "调解"]}
2025-11-27 20:42:25,197 [INFO] ✅ 关系抽取成功: 共 0 个关系
2025-11-27 20:42:25,197 [INFO]    完整结果:
{"提出": [], "包含": [], "应用": [], "来源": [], "解释": [], "相关": [], "导致": [], "影响": []}
2025-11-27 20:42:25,197 [INFO] 
📊 进度统计:
2025-11-27 20:42:25,197 [INFO]    已处理批次: 579/693 (83.5%)
2025-11-27 20:42:25,197 [INFO]    已处理段落: 2895/3465
2025-11-27 20:42:25,197 [INFO]    成功: 578, 失败: 1
2025-11-27 20:42:25,197 [INFO]    已用时: 78.7 分钟
2025-11-27 20:42:25,198 [INFO]    预计剩余: 15.5 分钟
2025-11-27 20:42:25,198 [INFO]    预计总时间: 94.2 分钟
2025-11-27 20:42:25,198 [INFO] 
================================================================================
2025-11-27 20:42:25,198 [INFO] 处理第 580/693 批 (段落 2896-2900)
2025-11-27 20:42:25,198 [INFO] ================================================================================
2025-11-27 20:42:25,198 [INFO] 📄 本批段落数: 5
2025-11-27 20:42:25,198 [INFO] 📄 合并文本长度: 152 字符
2025-11-27 20:42:25,198 [INFO] 📄 完整文本:
为了解决这个问题，我想了一些办法，让不愿意会面的当事人也能

化解他们之间的冲突。一个效果不错的方法是借助录音设备。我会分别

与一方一起工作，在这个过程中我扮演另一方。如果两个人之间因为冲

突带来的痛苦太大而避而不见，就可以采用这个方法。

例如，有位女士和丈夫之间发生了一次严重的冲突，尤其让她感到
2025-11-27 20:42:25,198 [INFO] --------------------------------------------------------------------------------
2025-11-27 20:42:30,842 [INFO] ✅ 实体抽取成功: 共 4 个实体
2025-11-27 20:42:30,842 [INFO]    完整结果:
{"人物": [], "概念": [], "方法": ["采用这个方法"], "理论": [], "组织": [], "书籍": [], "情绪": [], "行为": ["让不愿意会面的当事人也能", "化解他们之间的冲突", "采用这个方法"]}
2025-11-27 20:42:35,365 [INFO] ✅ 关系抽取成功: 共 1 个关系
2025-11-27 20:42:35,365 [INFO]    完整结果:
{"提出": [], "包含": [], "应用": [{"subject": "录音设备", "object": "解决这个问题"}], "来源": [], "解释": [], "相关": [], "导致": [], "影响": []}
2025-11-27 20:42:35,365 [INFO] 
📊 进度统计:
2025-11-27 20:42:35,365 [INFO]    已处理批次: 580/693 (83.7%)
2025-11-27 20:42:35,365 [INFO]    已处理段落: 2900/3465
2025-11-27 20:42:35,365 [INFO]    成功: 579, 失败: 1
2025-11-27 20:42:35,365 [INFO]    已用时: 78.8 分钟
2025-11-27 20:42:35,365 [INFO]    预计剩余: 15.4 分钟
2025-11-27 20:42:35,365 [INFO]    预计总时间: 94.2 分钟
2025-11-27 20:42:35,365 [INFO] 
================================================================================
2025-11-27 20:42:35,366 [INFO] 处理第 581/693 批 (段落 2901-2905)
2025-11-27 20:42:35,366 [INFO] ================================================================================
2025-11-27 20:42:35,366 [INFO] 📄 本批段落数: 5
2025-11-27 20:42:35,366 [INFO] 📄 合并文本长度: 149 字符
2025-11-27 20:42:35,366 [INFO] 📄 完整文本:
痛苦的是丈夫将自己的怒气发泄到她身上。我从聆听她的心声开始，鼓

励她明确地表达自己的需要，并让她体会受到尊重和被听见。接着，我

扮演她丈夫的角色，邀请她来聆听我，揣测他可能有什么需要。

当双方的需要在角色扮演中被明确表达出来后，我请这位女士把记

录这个过程的录音分享给她丈夫，看他有何反应。
2025-11-27 20:42:35,366 [INFO] --------------------------------------------------------------------------------
2025-11-27 20:42:40,799 [INFO] ✅ 实体抽取成功: 共 7 个实体
2025-11-27 20:42:40,799 [INFO]    完整结果:
{"人物": [], "概念": [], "方法": ["角色扮演"], "理论": [], "组织": [], "书籍": [], "情绪": ["痛苦"], "行为": ["发泄", "表达", "需要", "倾听", "录音分享"]}
2025-11-27 20:42:45,537 [INFO] ✅ 关系抽取成功: 共 1 个关系
2025-11-27 20:42:45,537 [INFO]    完整结果:
{"提出": [], "包含": [], "应用": [{"subject": "角色扮演", "object": "夫妻治疗"}], "来源": [], "解释": [], "相关": [], "导致": [], "影响": []}
2025-11-27 20:42:45,537 [INFO] 
📊 进度统计:
2025-11-27 20:42:45,537 [INFO]    已处理批次: 581/693 (83.8%)
2025-11-27 20:42:45,537 [INFO]    已处理段落: 2905/3465
2025-11-27 20:42:45,537 [INFO]    成功: 580, 失败: 1
2025-11-27 20:42:45,537 [INFO]    已用时: 79.0 分钟
2025-11-27 20:42:45,537 [INFO]    预计剩余: 15.2 分钟
2025-11-27 20:42:45,537 [INFO]    预计总时间: 94.2 分钟
2025-11-27 20:42:45,537 [INFO] 
================================================================================
2025-11-27 20:42:45,537 [INFO] 处理第 582/693 批 (段落 2906-2910)
2025-11-27 20:42:45,537 [INFO] ================================================================================
2025-11-27 20:42:45,537 [INFO] 📄 本批段落数: 5
2025-11-27 20:42:45,537 [INFO] 📄 合并文本长度: 156 字符
2025-11-27 20:42:45,537 [INFO] 📄 完整文本:
由于我准确猜出了先生的需要，他在聆听录音时如释重负，因此他

对我的信任度有了很大的提升。于是他同意了会面，我们得以面对面一

起沟通，直到夫妻两人以相互尊重的态度，找到了满足双方需要的解决

要解决冲突却又很难让双方碰面的话，将角色扮演的过程录下来，

我们有时会在未受邀的情况下径自为他人调解纠纷，含蓄的说法
2025-11-27 20:42:45,537 [INFO] --------------------------------------------------------------------------------
2025-11-27 20:42:48,932 [INFO] ✅ 实体抽取成功: 共 1 个实体
2025-11-27 20:42:48,932 [INFO]    完整结果:
{"人物": [], "概念": [], "方法": ["角色扮演"], "理论": [], "组织": [], "书籍": [], "情绪": [], "行为": []}
2025-11-27 20:42:52,063 [INFO] ✅ 关系抽取成功: 共 0 个关系
2025-11-27 20:42:52,063 [INFO]    完整结果:
{"提出": [], "包含": [], "应用": [], "来源": [], "解释": [], "相关": [], "导致": [], "影响": []}
2025-11-27 20:42:52,063 [INFO] 
📊 进度统计:
2025-11-27 20:42:52,063 [INFO]    已处理批次: 582/693 (84.0%)
2025-11-27 20:42:52,063 [INFO]    已处理段落: 2910/3465
2025-11-27 20:42:52,063 [INFO]    成功: 581, 失败: 1
2025-11-27 20:42:52,063 [INFO]    已用时: 79.1 分钟
2025-11-27 20:42:52,063 [INFO]    预计剩余: 15.1 分钟
2025-11-27 20:42:52,063 [INFO]    预计总时间: 94.2 分钟
2025-11-27 20:42:52,063 [INFO] 
================================================================================
2025-11-27 20:42:52,063 [INFO] 处理第 583/693 批 (段落 2911-2915)
2025-11-27 20:42:52,063 [INFO] ================================================================================
2025-11-27 20:42:52,063 [INFO] 📄 本批段落数: 5
2025-11-27 20:42:52,064 [INFO] 📄 合并文本长度: 155 字符
2025-11-27 20:42:52,064 [INFO] 📄 完整文本:
是“非正式调解”，说得直白一些，就是在管他人的闲事。

有一天我在一间杂货铺买东西，看到一位女士在打她一两岁大的孩

子。正当她准备再次动手时，我插手了。还有一次，我走在巴黎的街

上，突然有一个看起来喝得醉醺醺的男人从后面冲上来，一把抓住走在

我旁边的女人，将她转过身，然后打了她一个耳光。那个瞬间，我并没
2025-11-27 20:42:52,064 [INFO] --------------------------------------------------------------------------------
2025-11-27 20:42:55,745 [INFO] ✅ 实体抽取成功: 共 1 个实体
2025-11-27 20:42:55,745 [INFO]    完整结果:
{"人物": [], "概念": [], "方法": [], "理论": [], "组织": [], "书籍": [], "情绪": [], "行为": ["打"]}
2025-11-27 20:42:59,120 [INFO] ✅ 关系抽取成功: 共 0 个关系
2025-11-27 20:42:59,120 [INFO]    完整结果:
{"提出": [], "包含": [], "应用": [], "来源": [], "解释": [], "相关": [], "导致": [], "影响": []}
2025-11-27 20:42:59,120 [INFO] 
📊 进度统计:
2025-11-27 20:42:59,120 [INFO]    已处理批次: 583/693 (84.1%)
2025-11-27 20:42:59,120 [INFO]    已处理段落: 2915/3465
2025-11-27 20:42:59,120 [INFO]    成功: 582, 失败: 1
2025-11-27 20:42:59,120 [INFO]    已用时: 79.2 分钟
2025-11-27 20:42:59,120 [INFO]    预计剩余: 15.0 分钟
2025-11-27 20:42:59,120 [INFO]    预计总时间: 94.2 分钟
2025-11-27 20:42:59,120 [INFO] 
================================================================================
2025-11-27 20:42:59,120 [INFO] 处理第 584/693 批 (段落 2916-2920)
2025-11-27 20:42:59,120 [INFO] ================================================================================
2025-11-27 20:42:59,120 [INFO] 📄 本批段落数: 5
2025-11-27 20:42:59,120 [INFO] 📄 合并文本长度: 155 字符
2025-11-27 20:42:59,120 [INFO] 📄 完整文本:
有时间和这个男人说话，于是我使用了“保护性强制力”（详见第十二

章），在他即将再度动手时制止了他。我将自己安插在他们俩中间，开

始管起了他们的事。还有一次在一场商务会议中，看到两拨人为一件陈

年旧事反复争论不休，我忍不住又管了一次人家的闲事。

当目睹那些引发我们担忧的行为时，除非是需要采取“保护性强制
2025-11-27 20:42:59,120 [INFO] --------------------------------------------------------------------------------
2025-11-27 20:43:05,847 [INFO] ✅ 实体抽取成功: 共 4 个实体
2025-11-27 20:43:05,847 [INFO]    完整结果:
{"人物": [], "概念": [], "方法": ["保护性强制力", "保护性强制"], "理论": [], "组织": [], "书籍": [], "情绪": [], "行为": ["开\n\n始管", "管了一次人家的闲事"]}
2025-11-27 20:43:11,368 [INFO] ✅ 关系抽取成功: 共 1 个关系
2025-11-27 20:43:11,368 [INFO]    完整结果:
{"提出": [], "包含": [], "应用": [{"subject": "保护性强制力", "object": "制止了他"}], "来源": [], "解释": [], "相关": [], "导致": [], "影响": []}
2025-11-27 20:43:11,368 [INFO] 
📊 进度统计:
2025-11-27 20:43:11,368 [INFO]    已处理批次: 584/693 (84.3%)
2025-11-27 20:43:11,368 [INFO]    已处理段落: 2920/3465
2025-11-27 20:43:11,368 [INFO]    成功: 583, 失败: 1
2025-11-27 20:43:11,368 [INFO]    已用时: 79.4 分钟
2025-11-27 20:43:11,368 [INFO]    预计剩余: 14.8 分钟
2025-11-27 20:43:11,368 [INFO]    预计总时间: 94.3 分钟
2025-11-27 20:43:11,368 [INFO] 
================================================================================
2025-11-27 20:43:11,368 [INFO] 处理第 585/693 批 (段落 2921-2925)
2025-11-27 20:43:11,368 [INFO] ================================================================================
2025-11-27 20:43:11,368 [INFO] 📄 本批段落数: 5
2025-11-27 20:43:11,368 [INFO] 📄 合并文本长度: 161 字符
2025-11-27 20:43:11,368 [INFO] 📄 完整文本:
力”的特殊情况，我们首先要做的是去同理他们——倾听让我们不喜欢

的行为背后有什么样的需要。第一个例子中，我们如果不去同理那位母

亲，而是以言语暗示她“打孩子是不对的”，我们就有可能看到带着不满

的母亲将更多的暴力施加给这个孩子。没有同理的回应只能使情况恶

为了在管闲事时能真正帮助到他人，我们有必要对当事人的需要有
2025-11-27 20:43:11,368 [INFO] --------------------------------------------------------------------------------
2025-11-27 20:43:14,950 [INFO] ✅ 实体抽取成功: 共 2 个实体
2025-11-27 20:43:14,950 [INFO]    完整结果:
{"人物": [], "概念": [], "方法": [], "理论": [], "组织": [], "书籍": [], "情绪": [], "行为": ["同理", "倾听"]}
2025-11-27 20:43:18,005 [INFO] ✅ 关系抽取成功: 共 0 个关系
2025-11-27 20:43:18,006 [INFO]    完整结果:
{"提出": [], "包含": [], "应用": [], "来源": [], "解释": [], "相关": [], "导致": [], "影响": []}
2025-11-27 20:43:18,006 [INFO] 
📊 进度统计:
2025-11-27 20:43:18,006 [INFO]    已处理批次: 585/693 (84.4%)
2025-11-27 20:43:18,006 [INFO]    已处理段落: 2925/3465
2025-11-27 20:43:18,006 [INFO]    成功: 584, 失败: 1
2025-11-27 20:43:18,006 [INFO]    已用时: 79.6 分钟
2025-11-27 20:43:18,006 [INFO]    预计剩余: 14.7 分钟
2025-11-27 20:43:18,006 [INFO]    预计总时间: 94.2 分钟
2025-11-27 20:43:18,006 [INFO] 
================================================================================
2025-11-27 20:43:18,006 [INFO] 处理第 586/693 批 (段落 2926-2930)
2025-11-27 20:43:18,006 [INFO] ================================================================================
2025-11-27 20:43:18,006 [INFO] 📄 本批段落数: 5
2025-11-27 20:43:18,006 [INFO] 📄 合并文本长度: 161 字符
2025-11-27 20:43:18,006 [INFO] 📄 完整文本:
充分的了解，并且娴熟地在任何信息背后听见需要，包括打别人耳光的

行为。同时，我们要练习用语言表达同理心，让他人感受到我们明白他

我们还要记住，若选择了去管他人闲事，仅仅帮助他们和自己的需

要连结是不够的，还要用上本章所提到的所有步骤。比如，在同理了那

个打小孩的妈妈后，可以告诉她，我们在意孩子的安全，希望孩子受到
2025-11-27 20:43:18,006 [INFO] --------------------------------------------------------------------------------
2025-11-27 20:43:22,431 [INFO] ✅ 实体抽取成功: 共 2 个实体
2025-11-27 20:43:22,432 [INFO]    完整结果:
{"人物": [], "概念": [], "方法": [], "理论": [], "组织": [], "书籍": [], "情绪": [], "行为": ["打别人耳光", "管他人闲事"]}
2025-11-27 20:43:27,407 [INFO] ✅ 关系抽取成功: 共 1 个关系
2025-11-27 20:43:27,407 [INFO]    完整结果:
{"提出": [], "包含": [], "应用": [{"subject": "同理心", "object": "语言表达"}], "来源": [], "解释": [], "相关": [], "导致": [], "影响": []}
2025-11-27 20:43:27,407 [INFO] 
📊 进度统计:
2025-11-27 20:43:27,407 [INFO]    已处理批次: 586/693 (84.6%)
2025-11-27 20:43:27,407 [INFO]    已处理段落: 2930/3465
2025-11-27 20:43:27,407 [INFO]    成功: 585, 失败: 1
2025-11-27 20:43:27,407 [INFO]    已用时: 79.7 分钟
2025-11-27 20:43:27,407 [INFO]    预计剩余: 14.6 分钟
2025-11-27 20:43:27,407 [INFO]    预计总时间: 94.3 分钟
2025-11-27 20:43:27,407 [INFO] 
================================================================================
2025-11-27 20:43:27,407 [INFO] 处理第 587/693 批 (段落 2931-2935)
2025-11-27 20:43:27,407 [INFO] ================================================================================
2025-11-27 20:43:27,407 [INFO] 📄 本批段落数: 5
2025-11-27 20:43:27,407 [INFO] 📄 合并文本长度: 169 字符
2025-11-27 20:43:27,407 [INFO] 📄 完整文本:
保护，然后再请问她是否愿意尝试其他的策略来满足她在管教孩子方面

另外，在对方尚未明白我们理解并在乎他们的需要前，我们要避免

提及我们自己（与对方行为有关）的需要。因为，这时的他们并不会在

乎我们的需要，也看不到他们和我们的需要是共通的。艾丽斯 · 沃克

（Alice Walker）在《紫色姐妹花》一书中十分美妙地写道：“有一天我
2025-11-27 20:43:27,408 [INFO] --------------------------------------------------------------------------------
2025-11-27 20:43:32,785 [INFO] ✅ 实体抽取成功: 共 3 个实体
2025-11-27 20:43:32,785 [INFO]    完整结果:
{"人物": ["艾丽斯 · 沃克", "Alice Walker"], "概念": [], "方法": [], "理论": [], "组织": [], "书籍": ["《紫色姐妹花》"], "情绪": [], "行为": []}
2025-11-27 20:43:35,870 [INFO] ✅ 关系抽取成功: 共 0 个关系
2025-11-27 20:43:35,870 [INFO]    完整结果:
{"提出": [], "包含": [], "应用": [], "来源": [], "解释": [], "相关": [], "导致": [], "影响": []}
2025-11-27 20:43:35,870 [INFO] 
📊 进度统计:
2025-11-27 20:43:35,870 [INFO]    已处理批次: 587/693 (84.7%)
2025-11-27 20:43:35,870 [INFO]    已处理段落: 2935/3465
2025-11-27 20:43:35,870 [INFO]    成功: 586, 失败: 1
2025-11-27 20:43:35,870 [INFO]    已用时: 79.8 分钟
2025-11-27 20:43:35,870 [INFO]    预计剩余: 14.4 分钟
2025-11-27 20:43:35,870 [INFO]    预计总时间: 94.3 分钟
2025-11-27 20:43:35,870 [INFO] 
================================================================================
2025-11-27 20:43:35,870 [INFO] 处理第 588/693 批 (段落 2936-2940)
2025-11-27 20:43:35,870 [INFO] ================================================================================
2025-11-27 20:43:35,870 [INFO] 📄 本批段落数: 5
2025-11-27 20:43:35,870 [INFO] 📄 合并文本长度: 156 字符
2025-11-27 20:43:35,870 [INFO] 📄 完整文本:
静静地坐在那儿，感觉自己像是一个没妈的小孩——我的母亲确实也已

经过世了。我突然有一种感觉：我是万事万物的一部分，没有任何的分

离。我知道，如果我砍了一棵树，我的手臂也将会流血。”

除非我们能确定冲突中的双方明白了自己和对方的需要，否则，我

们的多管闲事就很难达到化解冲突的目标。因为我们很有可能陷入一种
2025-11-27 20:43:35,870 [INFO] --------------------------------------------------------------------------------
2025-11-27 20:43:39,409 [INFO] ✅ 实体抽取成功: 共 1 个实体
2025-11-27 20:43:39,409 [INFO]    完整结果:
{"人物": [], "概念": [], "方法": [], "理论": [], "组织": [], "书籍": [], "情绪": [], "行为": ["砍了一棵树"]}
2025-11-27 20:43:42,494 [INFO] ✅ 关系抽取成功: 共 0 个关系
2025-11-27 20:43:42,495 [INFO]    完整结果:
{"提出": [], "包含": [], "应用": [], "来源": [], "解释": [], "相关": [], "导致": [], "影响": []}
2025-11-27 20:43:42,495 [INFO] 
📊 进度统计:
2025-11-27 20:43:42,495 [INFO]    已处理批次: 588/693 (84.8%)
2025-11-27 20:43:42,495 [INFO]    已处理段落: 2940/3465
2025-11-27 20:43:42,495 [INFO]    成功: 587, 失败: 1
2025-11-27 20:43:42,495 [INFO]    已用时: 80.0 分钟
2025-11-27 20:43:42,495 [INFO]    预计剩余: 14.3 分钟
2025-11-27 20:43:42,495 [INFO]    预计总时间: 94.2 分钟
2025-11-27 20:43:42,495 [INFO] 
================================================================================
2025-11-27 20:43:42,495 [INFO] 处理第 589/693 批 (段落 2941-2945)
2025-11-27 20:43:42,495 [INFO] ================================================================================
2025-11-27 20:43:42,495 [INFO] 📄 本批段落数: 5
2025-11-27 20:43:42,495 [INFO] 📄 合并文本长度: 161 字符
2025-11-27 20:43:42,495 [INFO] 📄 完整文本:
匮乏思维，只看得到满足我们自己的需要才是重要的。当匮乏思维和是

非对错的思维绑在一起时，任何人都可能变得好勇斗狠，哪怕是最显而

易见的解决方案也无法看见。至此，冲突似乎也会变得难以化解，除非

我们能先同理对方，借此和对方建立连结，而不只是关注自己的需要。

使用非暴力沟通来化解冲突与传统的调解方法不同。我们不去讨论
2025-11-27 20:43:42,495 [INFO] --------------------------------------------------------------------------------
2025-11-27 20:43:46,254 [INFO] ✅ 实体抽取成功: 共 2 个实体
2025-11-27 20:43:46,255 [INFO]    完整结果:
{"人物": [], "概念": [], "方法": ["非暴力沟通", "调解"], "理论": [], "组织": [], "书籍": [], "情绪": [], "行为": []}
2025-11-27 20:43:51,186 [INFO] ✅ 关系抽取成功: 共 1 个关系
2025-11-27 20:43:51,186 [INFO]    完整结果:
{"提出": [], "包含": [], "应用": [{"subject": "非暴力沟通", "object": "化解冲突"}], "来源": [], "解释": [], "相关": [], "导致": [], "影响": []}
2025-11-27 20:43:51,186 [INFO] 
📊 进度统计:
2025-11-27 20:43:51,186 [INFO]    已处理批次: 589/693 (85.0%)
2025-11-27 20:43:51,186 [INFO]    已处理段落: 2945/3465
2025-11-27 20:43:51,186 [INFO]    成功: 588, 失败: 1
2025-11-27 20:43:51,186 [INFO]    已用时: 80.1 分钟
2025-11-27 20:43:51,186 [INFO]    预计剩余: 14.1 分钟
2025-11-27 20:43:51,186 [INFO]    预计总时间: 94.2 分钟
2025-11-27 20:43:51,186 [INFO] 
================================================================================
2025-11-27 20:43:51,186 [INFO] 处理第 590/693 批 (段落 2946-2950)
2025-11-27 20:43:51,186 [INFO] ================================================================================
2025-11-27 20:43:51,186 [INFO] 📄 本批段落数: 5
2025-11-27 20:43:51,186 [INFO] 📄 合并文本长度: 152 字符
2025-11-27 20:43:51,186 [INFO] 📄 完整文本:
事件本身、策略和妥协之道，而是首先集中注意力找到双方的需要，然

一开始，我们会先让冲突中的双方建立连结；然后确保双方都有机

会充分表达自己的需要并且也能仔细聆听对方的需要；一旦人们听见彼

此的需要，就让他们清楚地提出可行的步骤来满足那些需要。我们要避

免对冲突做出判断或分析，而始终关注在需要上。
2025-11-27 20:43:51,186 [INFO] --------------------------------------------------------------------------------
2025-11-27 20:43:58,148 [INFO] ✅ 实体抽取成功: 共 6 个实体
2025-11-27 20:43:58,148 [INFO]    完整结果:
{"人物": [], "概念": [], "方法": ["集中注意力", "建立连结", "表达需要", "聆听需要", "提出可行的步骤", "避免对冲突做出判断或分析"], "理论": [], "组织": [], "书籍": [], "情绪": [], "行为": []}
2025-11-27 20:44:01,266 [INFO] ✅ 关系抽取成功: 共 0 个关系
2025-11-27 20:44:01,266 [INFO]    完整结果:
{"提出": [], "包含": [], "应用": [], "来源": [], "解释": [], "相关": [], "导致": [], "影响": []}
2025-11-27 20:44:01,267 [INFO] 
📊 进度统计:
2025-11-27 20:44:01,267 [INFO]    已处理批次: 590/693 (85.1%)
2025-11-27 20:44:01,267 [INFO]    已处理段落: 2950/3465
2025-11-27 20:44:01,267 [INFO]    成功: 589, 失败: 1
2025-11-27 20:44:01,267 [INFO]    已用时: 80.3 分钟
2025-11-27 20:44:01,267 [INFO]    预计剩余: 14.0 分钟
2025-11-27 20:44:01,267 [INFO]    预计总时间: 94.3 分钟
2025-11-27 20:44:01,267 [INFO] 
================================================================================
2025-11-27 20:44:01,267 [INFO] 处理第 591/693 批 (段落 2951-2955)
2025-11-27 20:44:01,267 [INFO] ================================================================================
2025-11-27 20:44:01,267 [INFO] 📄 本批段落数: 5
2025-11-27 20:44:01,267 [INFO] 📄 合并文本长度: 163 字符
2025-11-27 20:44:01,267 [INFO] 📄 完整文本:
当有一方太过痛苦以至于无法聆听另一方的需要时，我们要花足够

的时间同理他们，直到他们确认了自己的痛苦已经被听到。此外，当别

人对我们的请求说“不”时，我们听到的不是对我们的拒绝，而是对方正

在告诉我们——因为某个需要阻碍了他们对我们的请求说“是”。只有当

双方充分聆听了彼此所有的需要后，我们才能进入解决方案阶段，引导
2025-11-27 20:44:01,267 [INFO] --------------------------------------------------------------------------------
2025-11-27 20:44:05,608 [INFO] ✅ 实体抽取成功: 共 4 个实体
2025-11-27 20:44:05,608 [INFO]    完整结果:
{"人物": [], "概念": [], "方法": [], "理论": [], "组织": [], "书籍": [], "情绪": ["痛苦"], "行为": ["聆听", "确认", "进入解决方案阶段"]}
2025-11-27 20:44:08,724 [INFO] ✅ 关系抽取成功: 共 0 个关系
2025-11-27 20:44:08,724 [INFO]    完整结果:
{"提出": [], "包含": [], "应用": [], "来源": [], "解释": [], "相关": [], "导致": [], "影响": []}
2025-11-27 20:44:08,724 [INFO] 
📊 进度统计:
2025-11-27 20:44:08,724 [INFO]    已处理批次: 591/693 (85.3%)
2025-11-27 20:44:08,724 [INFO]    已处理段落: 2955/3465
2025-11-27 20:44:08,724 [INFO]    成功: 590, 失败: 1
2025-11-27 20:44:08,724 [INFO]    已用时: 80.4 分钟
2025-11-27 20:44:08,724 [INFO]    预计剩余: 13.9 分钟
2025-11-27 20:44:08,724 [INFO]    预计总时间: 94.3 分钟
2025-11-27 20:44:08,724 [INFO] 
================================================================================
2025-11-27 20:44:08,724 [INFO] 处理第 592/693 批 (段落 2956-2960)
2025-11-27 20:44:08,724 [INFO] ================================================================================
2025-11-27 20:44:08,724 [INFO] 📄 本批段落数: 5
2025-11-27 20:44:08,724 [INFO] 📄 合并文本长度: 149 字符
2025-11-27 20:44:08,724 [INFO] 📄 完整文本:
双方使用正向的“行动语言”来提出可行的请求。

当我们为两个冲突的人群化解纠纷时，以上这些原则同样适用。此

外，我们还要格外密切地追踪进程，在必要的时候给予同理，让对话聚

焦于当下，推动对话的进程而不在原地打转，并适时打断讲述者的发

有了这些方法和观念，我们就可以协助他人用非暴力沟通来化解冲
2025-11-27 20:44:08,724 [INFO] --------------------------------------------------------------------------------
2025-11-27 20:44:12,235 [INFO] ✅ 实体抽取成功: 共 1 个实体
2025-11-27 20:44:12,235 [INFO]    完整结果:
{"人物": [], "概念": [], "方法": ["非暴力沟通"], "理论": [], "组织": [], "书籍": [], "情绪": [], "行为": []}
2025-11-27 20:44:17,328 [INFO] ✅ 关系抽取成功: 共 1 个关系
2025-11-27 20:44:17,329 [INFO]    完整结果:
{"提出": [], "包含": [], "应用": [{"subject": "非暴力沟通", "object": "冲突的人群"}], "来源": [], "解释": [], "相关": [], "导致": [], "影响": []}
2025-11-27 20:44:17,329 [INFO] 
📊 进度统计:
2025-11-27 20:44:17,329 [INFO]    已处理批次: 592/693 (85.4%)
2025-11-27 20:44:17,329 [INFO]    已处理段落: 2960/3465
2025-11-27 20:44:17,329 [INFO]    成功: 591, 失败: 1
2025-11-27 20:44:17,329 [INFO]    已用时: 80.5 分钟
2025-11-27 20:44:17,329 [INFO]    预计剩余: 13.7 分钟
2025-11-27 20:44:17,329 [INFO]    预计总时间: 94.3 分钟
2025-11-27 20:44:17,329 [INFO] 
================================================================================
2025-11-27 20:44:17,329 [INFO] 处理第 593/693 批 (段落 2961-2965)
2025-11-27 20:44:17,329 [INFO] ================================================================================
2025-11-27 20:44:17,329 [INFO] 📄 本批段落数: 5
2025-11-27 20:44:17,329 [INFO] 📄 合并文本长度: 154 字符
2025-11-27 20:44:17,329 [INFO] 📄 完整文本:
突，即使是经年累月的冲突也能得以解决，直至皆大欢喜。

当冲突双方充分表达了各自的观察、感受、需要和请求，并同理了

对方，他们通常就能找到满足双方需要的解决方案。就算不认同对方，

然而，在有些情况下，双方没有机会进行这样的对话，例如，对方

可能不愿意沟通，或是危险迫在眉睫来不及沟通。这时，为了保护生命
2025-11-27 20:44:17,329 [INFO] --------------------------------------------------------------------------------
2025-11-27 20:44:20,922 [INFO] ✅ 实体抽取成功: 共 2 个实体
2025-11-27 20:44:20,922 [INFO]    完整结果:
{"人物": [], "概念": [], "方法": [], "理论": [], "组织": [], "书籍": [], "情绪": [], "行为": ["表达", "沟通"]}
2025-11-27 20:44:24,030 [INFO] ✅ 关系抽取成功: 共 0 个关系
2025-11-27 20:44:24,030 [INFO]    完整结果:
{"提出": [], "包含": [], "应用": [], "来源": [], "解释": [], "相关": [], "导致": [], "影响": []}
2025-11-27 20:44:24,030 [INFO] 
📊 进度统计:
2025-11-27 20:44:24,031 [INFO]    已处理批次: 593/693 (85.6%)
2025-11-27 20:44:24,031 [INFO]    已处理段落: 2965/3465
2025-11-27 20:44:24,031 [INFO]    成功: 592, 失败: 1
2025-11-27 20:44:24,031 [INFO]    已用时: 80.7 分钟
2025-11-27 20:44:24,031 [INFO]    预计剩余: 13.6 分钟
2025-11-27 20:44:24,031 [INFO]    预计总时间: 94.3 分钟
2025-11-27 20:44:24,031 [INFO] 
================================================================================
2025-11-27 20:44:24,031 [INFO] 处理第 594/693 批 (段落 2966-2970)
2025-11-27 20:44:24,031 [INFO] ================================================================================
2025-11-27 20:44:24,031 [INFO] 📄 本批段落数: 5
2025-11-27 20:44:24,031 [INFO] 📄 合并文本长度: 165 字符
2025-11-27 20:44:24,031 [INFO] 📄 完整文本:
或捍卫权益，我们就需要采取强制力。发生这样的情况时，务必区分使

采取“保护性强制力”的出发点是为了防止人们受伤或受到不公平的

待遇；而采取“惩罚性强制力”则是为了让“做错事”的人吃苦头。例如，

我们一把抓住正要冲向马路的孩子，以免孩子受伤，这就是采取“保护

性强制力”。相反，如果我们动手打孩子或对孩子说“你怎么这么笨！你
2025-11-27 20:44:24,031 [INFO] --------------------------------------------------------------------------------
2025-11-27 20:44:29,815 [INFO] ✅ 实体抽取成功: 共 4 个实体
2025-11-27 20:44:29,815 [INFO]    完整结果:
{"人物": [], "概念": [], "方法": [], "理论": [], "组织": [], "书籍": [], "情绪": [], "行为": ["捍卫权益", "采取强制力", "保护性强制力", "惩罚性强制力"]}
2025-11-27 20:44:38,601 [INFO] ✅ 关系抽取成功: 共 2 个关系
2025-11-27 20:44:38,602 [INFO]    完整结果:
{"提出": [], "包含": [], "应用": [{"subject": "保护性强制力", "object": "防止人们受伤"}, {"subject": "惩罚性强制力", "object": "让“做错事”的人吃苦头"}], "来源": [], "解释": [], "相关": [], "导致": [], "影响": []}
2025-11-27 20:44:38,602 [INFO] 
📊 进度统计:
2025-11-27 20:44:38,602 [INFO]    已处理批次: 594/693 (85.7%)
2025-11-27 20:44:38,602 [INFO]    已处理段落: 2970/3465
2025-11-27 20:44:38,602 [INFO]    成功: 593, 失败: 1
2025-11-27 20:44:38,602 [INFO]    已用时: 80.9 分钟
2025-11-27 20:44:38,602 [INFO]    预计剩余: 13.5 分钟
2025-11-27 20:44:38,602 [INFO]    预计总时间: 94.4 分钟
2025-11-27 20:44:38,602 [INFO] 
================================================================================
2025-11-27 20:44:38,602 [INFO] 处理第 595/693 批 (段落 2971-2975)
2025-11-27 20:44:38,602 [INFO] ================================================================================
2025-11-27 20:44:38,602 [INFO] 📄 本批段落数: 5
2025-11-27 20:44:38,602 [INFO] 📄 合并文本长度: 156 字符
2025-11-27 20:44:38,602 [INFO] 📄 完整文本:
真是太丢脸了”，那就是在采取“惩罚性强制力”。

在采取“保护性强制力”时，我们关注的是对生命或权益的保护，而

不论断他人及其行为。我们不会指责那个要冲上马路的孩子，而只是想

保护他。采取“保护性强制力”背后的假设是，人们之所以做出伤害自己

或他人的行为是出于无知。所谓的“无知”包括：（1）对行为的后果缺
2025-11-27 20:44:38,602 [INFO] --------------------------------------------------------------------------------
2025-11-27 20:44:44,313 [INFO] ✅ 实体抽取成功: 共 4 个实体
2025-11-27 20:44:44,313 [INFO]    完整结果:
{"人物": [], "概念": [], "方法": [], "理论": ["保护性强制力"], "组织": [], "书籍": [], "情绪": ["丢脸"], "行为": ["采取“惩罚性强制力”", "冲上马路"]}
2025-11-27 20:44:47,449 [INFO] ✅ 关系抽取成功: 共 0 个关系
2025-11-27 20:44:47,450 [INFO]    完整结果:
{"提出": [], "包含": [], "应用": [], "来源": [], "解释": [], "相关": [], "导致": [], "影响": []}
2025-11-27 20:44:47,450 [INFO] 
📊 进度统计:
2025-11-27 20:44:47,450 [INFO]    已处理批次: 595/693 (85.9%)
2025-11-27 20:44:47,450 [INFO]    已处理段落: 2975/3465
2025-11-27 20:44:47,450 [INFO]    成功: 594, 失败: 1
2025-11-27 20:44:47,450 [INFO]    已用时: 81.0 分钟
2025-11-27 20:44:47,450 [INFO]    预计剩余: 13.3 分钟
2025-11-27 20:44:47,450 [INFO]    预计总时间: 94.4 分钟
2025-11-27 20:44:47,450 [INFO] 
================================================================================
2025-11-27 20:44:47,450 [INFO] 处理第 596/693 批 (段落 2976-2980)
2025-11-27 20:44:47,450 [INFO] ================================================================================
2025-11-27 20:44:47,450 [INFO] 📄 本批段落数: 5
2025-11-27 20:44:47,450 [INFO] 📄 合并文本长度: 164 字符
2025-11-27 20:44:47,450 [INFO] 📄 完整文本:
乏意识；（2）认识不到可以用不伤害他人的方式来满足自己的需要；

（3）认为自己有权利惩罚或伤害他人，因为他们“罪有应得”;（4）妄

想，例如，听到“某种声音”指示自己去杀人。对此，我们需要通过教育

相反，“惩罚性强制力”背后的假设是：人们做出不当行为是因为他

们是坏的或邪恶的，为了纠正这种行为，必须通过惩罚使他们有所悔
2025-11-27 20:44:47,450 [INFO] --------------------------------------------------------------------------------
2025-11-27 20:44:51,539 [INFO] ✅ 实体抽取成功: 共 2 个实体
2025-11-27 20:44:51,539 [INFO]    完整结果:
{"人物": [], "概念": ["惩罚性强制力"], "方法": [], "理论": [], "组织": [], "书籍": [], "情绪": [], "行为": ["杀人"]}
2025-11-27 20:44:54,720 [INFO] ✅ 关系抽取成功: 共 0 个关系
2025-11-27 20:44:54,720 [INFO]    完整结果:
{"提出": [], "包含": [], "应用": [], "来源": [], "解释": [], "相关": [], "导致": [], "影响": []}
2025-11-27 20:44:54,720 [INFO] 
📊 进度统计:
2025-11-27 20:44:54,720 [INFO]    已处理批次: 596/693 (86.0%)
2025-11-27 20:44:54,720 [INFO]    已处理段落: 2980/3465
2025-11-27 20:44:54,720 [INFO]    成功: 595, 失败: 1
2025-11-27 20:44:54,720 [INFO]    已用时: 81.2 分钟
2025-11-27 20:44:54,720 [INFO]    预计剩余: 13.2 分钟
2025-11-27 20:44:54,720 [INFO]    预计总时间: 94.4 分钟
2025-11-27 20:44:54,720 [INFO] 
================================================================================
2025-11-27 20:44:54,720 [INFO] 处理第 597/693 批 (段落 2981-2985)
2025-11-27 20:44:54,720 [INFO] ================================================================================
2025-11-27 20:44:54,720 [INFO] 📄 本批段落数: 5
2025-11-27 20:44:54,720 [INFO] 📄 合并文本长度: 157 字符
2025-11-27 20:44:54,720 [INFO] 📄 完整文本:
改，让他们：（1）吃足苦头，从而认清自己的过错；（2）对所作所为

后悔；（3）改变行为。然而实际上，惩罚非但不能让人悔改和学习，

反而会引发仇恨和敌意，并对他人所期待的改变心生抗拒。

体罚（例如打屁股）是常见的惩罚性强制力。我发现，家长们对此

有截然不同的看法。有的家长坚决维护体罚，甚至引用《圣经》中的说
2025-11-27 20:44:54,720 [INFO] --------------------------------------------------------------------------------
2025-11-27 20:45:02,977 [INFO] ✅ 实体抽取成功: 共 9 个实体
2025-11-27 20:45:02,977 [INFO]    完整结果:
{"人物": [], "概念": [], "方法": [], "理论": [], "组织": [], "书籍": ["《圣经》"], "情绪": ["仇恨", "敌意"], "行为": ["吃苦头", "认清自己的过错", "悔改", "学习", "体罚", "打屁股"]}
2025-11-27 20:45:11,941 [INFO] ✅ 关系抽取成功: 共 3 个关系
2025-11-27 20:45:11,941 [INFO]    完整结果:
{"提出": [], "包含": [], "应用": [], "来源": [{"subject": "体罚", "object": "《圣经》"}], "解释": [], "相关": [], "导致": [{"subject": "惩罚", "object": "仇恨"}, {"subject": "惩罚", "object": "敌意"}], "影响": []}
2025-11-27 20:45:11,941 [INFO] 
📊 进度统计:
2025-11-27 20:45:11,941 [INFO]    已处理批次: 597/693 (86.1%)
2025-11-27 20:45:11,941 [INFO]    已处理段落: 2985/3465
2025-11-27 20:45:11,941 [INFO]    成功: 596, 失败: 1
2025-11-27 20:45:11,941 [INFO]    已用时: 81.4 分钟
2025-11-27 20:45:11,941 [INFO]    预计剩余: 13.1 分钟
2025-11-27 20:45:11,941 [INFO]    预计总时间: 94.5 分钟
2025-11-27 20:45:11,941 [INFO] 
================================================================================
2025-11-27 20:45:11,941 [INFO] 处理第 598/693 批 (段落 2986-2990)
2025-11-27 20:45:11,941 [INFO] ================================================================================
2025-11-27 20:45:11,941 [INFO] 📄 本批段落数: 5
2025-11-27 20:45:11,941 [INFO] 📄 合并文本长度: 163 字符
2025-11-27 20:45:11,941 [INFO] 📄 完整文本:
法：“不打不成才。父母不对孩子棍棒相加，会让世风日下。”他们相信

体罚孩子、树立清晰的规则是爱孩子的表现。另一些家长则坚持，体罚

是无爱和无效的，反而教会了孩子这样一种观念：当所有的方法都行不

我的担忧是，孩子可能会因为害怕体罚而难以体会在父母要求背后

的爱。家长们时常告诉我，他们“不得不”惩罚孩子，因为没有其他办法
2025-11-27 20:45:11,941 [INFO] --------------------------------------------------------------------------------
2025-11-27 20:45:15,539 [INFO] ✅ 实体抽取成功: 共 1 个实体
2025-11-27 20:45:15,540 [INFO]    完整结果:
{"人物": [], "概念": [], "方法": [], "理论": [], "组织": [], "书籍": [], "情绪": [], "行为": ["体罚"]}
2025-11-27 20:45:18,774 [INFO] ✅ 关系抽取成功: 共 0 个关系
2025-11-27 20:45:18,774 [INFO]    完整结果:
{"提出": [], "包含": [], "应用": [], "来源": [], "解释": [], "相关": [], "导致": [], "影响": []}
2025-11-27 20:45:18,774 [INFO] 
📊 进度统计:
2025-11-27 20:45:18,774 [INFO]    已处理批次: 598/693 (86.3%)
2025-11-27 20:45:18,774 [INFO]    已处理段落: 2990/3465
2025-11-27 20:45:18,774 [INFO]    成功: 597, 失败: 1
2025-11-27 20:45:18,774 [INFO]    已用时: 81.6 分钟
2025-11-27 20:45:18,774 [INFO]    预计剩余: 13.0 分钟
2025-11-27 20:45:18,774 [INFO]    预计总时间: 94.5 分钟
2025-11-27 20:45:18,774 [INFO] 
================================================================================
2025-11-27 20:45:18,774 [INFO] 处理第 599/693 批 (段落 2991-2995)
2025-11-27 20:45:18,774 [INFO] ================================================================================
2025-11-27 20:45:18,774 [INFO] 📄 本批段落数: 5
2025-11-27 20:45:18,774 [INFO] 📄 合并文本长度: 163 字符
2025-11-27 20:45:18,774 [INFO] 📄 完整文本:
让他们去做家长们认为“对孩子有好处的事”。为了支持他们的观点，有

的父母甚至提到有些孩子在受罚后终于“明白了道理”，因而对父母表示

感激。身为4个孩子的父亲，我深深理解为人父母的不易，父母们每天

都要面临如何教育孩子和保护孩子安全的挑战。即使这样，对于体罚，

首先，有无数的孩子拒绝去做那些在大人看来对他们有益的事情，
2025-11-27 20:45:18,774 [INFO] --------------------------------------------------------------------------------
2025-11-27 20:45:22,130 [INFO] ✅ 实体抽取成功: 共 1 个实体
2025-11-27 20:45:22,130 [INFO]    完整结果:
{"人物": [], "概念": [], "方法": [], "理论": [], "组织": [], "书籍": [], "情绪": [], "行为": ["体罚"]}
2025-11-27 20:45:25,223 [INFO] ✅ 关系抽取成功: 共 0 个关系
2025-11-27 20:45:25,224 [INFO]    完整结果:
{"提出": [], "包含": [], "应用": [], "来源": [], "解释": [], "相关": [], "导致": [], "影响": []}
2025-11-27 20:45:25,224 [INFO] 
📊 进度统计:
2025-11-27 20:45:25,224 [INFO]    已处理批次: 599/693 (86.4%)
2025-11-27 20:45:25,224 [INFO]    已处理段落: 2995/3465
2025-11-27 20:45:25,224 [INFO]    成功: 598, 失败: 1
2025-11-27 20:45:25,224 [INFO]    已用时: 81.7 分钟
2025-11-27 20:45:25,224 [INFO]    预计剩余: 12.8 分钟
2025-11-27 20:45:25,224 [INFO]    预计总时间: 94.5 分钟
2025-11-27 20:45:25,224 [INFO] 
================================================================================
2025-11-27 20:45:25,224 [INFO] 处理第 600/693 批 (段落 2996-3000)
2025-11-27 20:45:25,224 [INFO] ================================================================================
2025-11-27 20:45:25,224 [INFO] 📄 本批段落数: 5
2025-11-27 20:45:25,224 [INFO] 📄 合并文本长度: 161 字符
2025-11-27 20:45:25,224 [INFO] 📄 完整文本:
他们故意选择反抗，为的就是不想屈服于父母的胁迫。其次，即使体罚

看上去达到了影响孩子的效果，却并不意味着其他方法不会同样有效。

最后，和许多家长一样，我很担心体罚孩子所带来的社会影响。惩罚或

许可以让孩子暂时听话，但这样的选择难道不是在延续一种社会规范，

除了体罚，还有心理上的惩罚，那就是通过指责来羞辱人。例如，
2025-11-27 20:45:25,224 [INFO] --------------------------------------------------------------------------------
2025-11-27 20:45:28,867 [INFO] ✅ 实体抽取成功: 共 2 个实体
2025-11-27 20:45:28,867 [INFO]    完整结果:
{"人物": [], "概念": [], "方法": [], "理论": [], "组织": [], "书籍": [], "情绪": [], "行为": ["反抗", "体罚"]}
2025-11-27 20:45:31,965 [INFO] ✅ 关系抽取成功: 共 0 个关系
2025-11-27 20:45:31,965 [INFO]    完整结果:
{"提出": [], "包含": [], "应用": [], "来源": [], "解释": [], "相关": [], "导致": [], "影响": []}
2025-11-27 20:45:31,965 [INFO] 
📊 进度统计:
2025-11-27 20:45:31,965 [INFO]    已处理批次: 600/693 (86.6%)
2025-11-27 20:45:31,965 [INFO]    已处理段落: 3000/3465
2025-11-27 20:45:31,965 [INFO]    成功: 599, 失败: 1
2025-11-27 20:45:31,965 [INFO]    已用时: 81.8 分钟
2025-11-27 20:45:31,965 [INFO]    预计剩余: 12.7 分钟
2025-11-27 20:45:31,965 [INFO]    预计总时间: 94.5 分钟
2025-11-27 20:45:31,966 [INFO] 💾 中间结果已保存: /root/projects/cwy/DeepKE/cwy/src/full_book_results/checkpoint_20251127_192319_batch600.pkl
2025-11-27 20:45:31,966 [INFO] 
================================================================================
2025-11-27 20:45:31,966 [INFO] 处理第 601/693 批 (段落 3001-3005)
2025-11-27 20:45:31,966 [INFO] ================================================================================
2025-11-27 20:45:31,966 [INFO] 📄 本批段落数: 5
2025-11-27 20:45:31,966 [INFO] 📄 合并文本长度: 163 字符
2025-11-27 20:45:31,967 [INFO] 📄 完整文本:
孩子若没有照家长的话去做，就可能被贴上“犯错”“自私”或“不成熟”的

标签。另外一种惩罚方式是拒绝满足孩子，例如限制零花钱或取消做某

些事的权利（诸如开车），父母用这样的方式拿走对孩子的关爱或尊

如果纯粹为了免受惩罚而去做事情，我们就会关注如果不这样做会

带来的后果上，并为此焦虑担忧，却忽略了事情本身的价值。如果员工
2025-11-27 20:45:31,967 [INFO] --------------------------------------------------------------------------------
2025-11-27 20:45:38,909 [INFO] ✅ 实体抽取成功: 共 6 个实体
2025-11-27 20:45:38,909 [INFO]    完整结果:
{"人物": [], "概念": [], "方法": [], "理论": [], "组织": [], "书籍": [], "情绪": ["焦虑", "担忧"], "行为": ["拒绝满足孩子", "限制零花钱", "取消做某\n\n些事的权利", "焦虑担忧"]}
2025-11-27 20:45:42,062 [INFO] ✅ 关系抽取成功: 共 0 个关系
2025-11-27 20:45:42,062 [INFO]    完整结果:
{"提出": [], "包含": [], "应用": [], "来源": [], "解释": [], "相关": [], "导致": [], "影响": []}
2025-11-27 20:45:42,062 [INFO] 
📊 进度统计:
2025-11-27 20:45:42,062 [INFO]    已处理批次: 601/693 (86.7%)
2025-11-27 20:45:42,062 [INFO]    已处理段落: 3005/3465
2025-11-27 20:45:42,062 [INFO]    成功: 600, 失败: 1
2025-11-27 20:45:42,063 [INFO]    已用时: 82.0 分钟
2025-11-27 20:45:42,063 [INFO]    预计剩余: 12.5 分钟
2025-11-27 20:45:42,063 [INFO]    预计总时间: 94.5 分钟
2025-11-27 20:45:42,063 [INFO] 
================================================================================
2025-11-27 20:45:42,063 [INFO] 处理第 602/693 批 (段落 3006-3010)
2025-11-27 20:45:42,063 [INFO] ================================================================================
2025-11-27 20:45:42,063 [INFO] 📄 本批段落数: 5
2025-11-27 20:45:42,063 [INFO] 📄 合并文本长度: 160 字符
2025-11-27 20:45:42,063 [INFO] 📄 完整文本:
为了担心处罚而工作，那么，即使任务完成了，士气也会受到影响，迟

早，工作的效率也会下降。惩罚还会削弱人的自尊。假如孩子刷牙是因

为担心丢脸或被嘲笑，那么，即使口腔健康了，自尊心却被蛀食。此

外，惩罚还会磨灭善意，人们越是将我们视为惩罚者，就越难对我们的

有一次，我去拜访一位担任小学校长的朋友。在谈话时，他透过办
2025-11-27 20:45:42,063 [INFO] --------------------------------------------------------------------------------
2025-11-27 20:45:46,397 [INFO] ✅ 实体抽取成功: 共 4 个实体
2025-11-27 20:45:46,397 [INFO]    完整结果:
{"人物": [], "概念": [], "方法": [], "理论": [], "组织": [], "书籍": [], "情绪": ["担心", "羞耻", "嘲笑"], "行为": ["刷牙"]}
2025-11-27 20:45:59,677 [INFO] ✅ 关系抽取成功: 共 6 个关系
2025-11-27 20:45:59,677 [INFO]    完整结果:
{"提出": [], "包含": [], "应用": [], "来源": [], "解释": [], "相关": [], "导致": [], "影响": [{"subject": "惩罚", "object": "士气"}, {"subject": "惩罚", "object": "效率"}, {"subject": "惩罚", "object": "自尊"}, {"subject": "惩罚", "object": "口腔健康"}, {"subject": "惩罚", "object": "善意"}, {"subject": "惩罚", "object": "我们的"}]}
2025-11-27 20:45:59,677 [INFO] 
📊 进度统计:
2025-11-27 20:45:59,677 [INFO]    已处理批次: 602/693 (86.9%)
2025-11-27 20:45:59,677 [INFO]    已处理段落: 3010/3465
2025-11-27 20:45:59,677 [INFO]    成功: 601, 失败: 1
2025-11-27 20:45:59,677 [INFO]    已用时: 82.2 分钟
2025-11-27 20:45:59,677 [INFO]    预计剩余: 12.4 分钟
2025-11-27 20:45:59,677 [INFO]    预计总时间: 94.7 分钟
2025-11-27 20:45:59,677 [INFO] 
================================================================================
2025-11-27 20:45:59,677 [INFO] 处理第 603/693 批 (段落 3011-3015)
2025-11-27 20:45:59,677 [INFO] ================================================================================
2025-11-27 20:45:59,677 [INFO] 📄 本批段落数: 5
2025-11-27 20:45:59,677 [INFO] 📄 合并文本长度: 165 字符
2025-11-27 20:45:59,677 [INFO] 📄 完整文本:
公室的窗户看到一个大个子孩子正在打一个小个子孩子。立刻，他就跳

起来，边对我说着“抱歉”边冲向操场。然后，他跑过去一把抓住那个大

个子孩子，重重地推了他一下，训斥道：“我要教会你不许欺负比你小

的同学！”校长回到办公室后，我对他说：“我不认为那个孩子会明白你

想教他的道理。我猜他学到的是：在打比他弱小的人时，要注意是否会
2025-11-27 20:45:59,677 [INFO] --------------------------------------------------------------------------------
2025-11-27 20:46:03,211 [INFO] ✅ 实体抽取成功: 共 1 个实体
2025-11-27 20:46:03,211 [INFO]    完整结果:
{"人物": [], "概念": [], "方法": [], "理论": [], "组织": [], "书籍": [], "情绪": [], "行为": ["打"]}
2025-11-27 20:46:06,455 [INFO] ✅ 关系抽取成功: 共 0 个关系
2025-11-27 20:46:06,455 [INFO]    完整结果:
{"提出": [], "包含": [], "应用": [], "来源": [], "解释": [], "相关": [], "导致": [], "影响": []}
2025-11-27 20:46:06,455 [INFO] 
📊 进度统计:
2025-11-27 20:46:06,455 [INFO]    已处理批次: 603/693 (87.0%)
2025-11-27 20:46:06,455 [INFO]    已处理段落: 3015/3465
2025-11-27 20:46:06,455 [INFO]    成功: 602, 失败: 1
2025-11-27 20:46:06,455 [INFO]    已用时: 82.4 分钟
2025-11-27 20:46:06,455 [INFO]    预计剩余: 12.3 分钟
2025-11-27 20:46:06,455 [INFO]    预计总时间: 94.7 分钟
2025-11-27 20:46:06,455 [INFO] 
================================================================================
2025-11-27 20:46:06,455 [INFO] 处理第 604/693 批 (段落 3016-3020)
2025-11-27 20:46:06,455 [INFO] ================================================================================
2025-11-27 20:46:06,455 [INFO] 📄 本批段落数: 5
2025-11-27 20:46:06,455 [INFO] 📄 合并文本长度: 161 字符
2025-11-27 20:46:06,455 [INFO] 📄 完整文本:
被比他强大的人（比如校长）看到。在我看来，你的做法在他心中强化

在上述情形下，我建议首先同理那个动手的孩子。例如，如果看到

一个孩子在遭到辱骂后动手打人，我可能会对这个孩子说：“我知道你

很生气，因为你希望得到尊重。”如果孩子肯定了我的猜测，我会接着

表达我的感受、需要和请求，而不带任何的指责：“我觉得有些难过，
2025-11-27 20:46:06,455 [INFO] --------------------------------------------------------------------------------
2025-11-27 20:46:10,106 [INFO] ✅ 实体抽取成功: 共 2 个实体
2025-11-27 20:46:10,106 [INFO]    完整结果:
{"人物": [], "概念": [], "方法": [], "理论": [], "组织": [], "书籍": [], "情绪": ["生气"], "行为": ["动手打人"]}
2025-11-27 20:46:13,205 [INFO] ✅ 关系抽取成功: 共 0 个关系
2025-11-27 20:46:13,205 [INFO]    完整结果:
{"提出": [], "包含": [], "应用": [], "来源": [], "解释": [], "相关": [], "导致": [], "影响": []}
2025-11-27 20:46:13,205 [INFO] 
📊 进度统计:
2025-11-27 20:46:13,205 [INFO]    已处理批次: 604/693 (87.2%)
2025-11-27 20:46:13,205 [INFO]    已处理段落: 3020/3465
2025-11-27 20:46:13,205 [INFO]    成功: 603, 失败: 1
2025-11-27 20:46:13,205 [INFO]    已用时: 82.5 分钟
2025-11-27 20:46:13,205 [INFO]    预计剩余: 12.2 分钟
2025-11-27 20:46:13,205 [INFO]    预计总时间: 94.6 分钟
2025-11-27 20:46:13,205 [INFO] 
================================================================================
2025-11-27 20:46:13,205 [INFO] 处理第 605/693 批 (段落 3021-3025)
2025-11-27 20:46:13,205 [INFO] ================================================================================
2025-11-27 20:46:13,205 [INFO] 📄 本批段落数: 5
2025-11-27 20:46:13,205 [INFO] 📄 合并文本长度: 161 字符
2025-11-27 20:46:13,205 [INFO] 📄 完整文本:
因为我希望我们既能得到尊重又不树敌。你是否愿意和我一起找到一些

有两个提问可以帮助我们认识，为何惩罚无法让我们如愿地改变他

人的行为。第一个提问是：我希望这个人在行为上做出什么样的改变？

如果只问这个问题，惩罚看起来似乎是有效的，因为威胁或惩罚确实可

以对他人的行为产生影响。然而，通过第二个问题——这个人是因为什
2025-11-27 20:46:13,205 [INFO] --------------------------------------------------------------------------------
2025-11-27 20:46:16,452 [INFO] ✅ 实体抽取成功: 共 1 个实体
2025-11-27 20:46:16,453 [INFO]    完整结果:
{"人物": [], "概念": [], "方法": [], "理论": [], "组织": [], "书籍": [], "情绪": [], "行为": ["改变"]}
2025-11-27 20:46:20,822 [INFO] ✅ 关系抽取成功: 共 1 个关系
2025-11-27 20:46:20,822 [INFO]    完整结果:
{"提出": [], "包含": [], "应用": [], "来源": [], "解释": [], "相关": [], "导致": [], "影响": [{"subject": "惩罚", "object": "人的行为"}]}
2025-11-27 20:46:20,822 [INFO] 
📊 进度统计:
2025-11-27 20:46:20,822 [INFO]    已处理批次: 605/693 (87.3%)
2025-11-27 20:46:20,822 [INFO]    已处理段落: 3025/3465
2025-11-27 20:46:20,822 [INFO]    成功: 604, 失败: 1
2025-11-27 20:46:20,822 [INFO]    已用时: 82.6 分钟
2025-11-27 20:46:20,822 [INFO]    预计剩余: 12.0 分钟
2025-11-27 20:46:20,822 [INFO]    预计总时间: 94.6 分钟
2025-11-27 20:46:20,822 [INFO] 
================================================================================
2025-11-27 20:46:20,822 [INFO] 处理第 606/693 批 (段落 3026-3030)
2025-11-27 20:46:20,822 [INFO] ================================================================================
2025-11-27 20:46:20,822 [INFO] 📄 本批段落数: 5
2025-11-27 20:46:20,822 [INFO] 📄 合并文本长度: 160 字符
2025-11-27 20:46:20,822 [INFO] 📄 完整文本:
么原因才照着我的话去做，我们就可以清楚地看到惩罚的局限性了。

我们很少关注第二个问题，借助这个问题我们会意识到：奖励或惩

罚让他人的行为背离了我们的初衷。例如，如果我们希望孩子是出于爱

整洁或让父母轻松来打扫房间，指责或惩罚显然不是有效的策略。常见

的情形是，孩子打扫房间是为了服从父母的权威（“因为妈妈叫我这么
2025-11-27 20:46:20,823 [INFO] --------------------------------------------------------------------------------
2025-11-27 20:46:24,212 [INFO] ✅ 实体抽取成功: 共 1 个实体
2025-11-27 20:46:24,212 [INFO]    完整结果:
{"人物": [], "概念": [], "方法": [], "理论": [], "组织": [], "书籍": [], "情绪": [], "行为": ["打扫房间"]}
2025-11-27 20:46:27,325 [INFO] ✅ 关系抽取成功: 共 0 个关系
2025-11-27 20:46:27,325 [INFO]    完整结果:
{"提出": [], "包含": [], "应用": [], "来源": [], "解释": [], "相关": [], "导致": [], "影响": []}
2025-11-27 20:46:27,325 [INFO] 
📊 进度统计:
2025-11-27 20:46:27,325 [INFO]    已处理批次: 606/693 (87.4%)
2025-11-27 20:46:27,326 [INFO]    已处理段落: 3030/3465
2025-11-27 20:46:27,326 [INFO]    成功: 605, 失败: 1
2025-11-27 20:46:27,326 [INFO]    已用时: 82.7 分钟
2025-11-27 20:46:27,326 [INFO]    预计剩余: 11.9 分钟
2025-11-27 20:46:27,326 [INFO]    预计总时间: 94.6 分钟
2025-11-27 20:46:27,326 [INFO] 
================================================================================
2025-11-27 20:46:27,326 [INFO] 处理第 607/693 批 (段落 3031-3035)
2025-11-27 20:46:27,326 [INFO] ================================================================================
2025-11-27 20:46:27,326 [INFO] 📄 本批段落数: 5
2025-11-27 20:46:27,326 [INFO] 📄 合并文本长度: 161 字符
2025-11-27 20:46:27,326 [INFO] 📄 完整文本:
做”）、避免惩罚、不想惹爸妈生气或被他们冷落。然而，非暴力沟通

所要培养的道德意识是建立在自主和人与人相互依存的基础上，我们既

为自己的行为负责，也需要明白自己与他人的福祉是一体且无分别的。

接下来，我想讲述我是如何与一所体制外学校的学生们以保护性强

制力恢复校园秩序的。这所学校专门收容那些从体制内的学校辍学或被
2025-11-27 20:46:27,326 [INFO] --------------------------------------------------------------------------------
2025-11-27 20:46:31,320 [INFO] ✅ 实体抽取成功: 共 2 个实体
2025-11-27 20:46:31,320 [INFO]    完整结果:
{"人物": [], "概念": ["非暴力沟通"], "方法": [], "理论": [], "组织": [], "书籍": [], "情绪": ["生气"], "行为": []}
2025-11-27 20:46:37,749 [INFO] ✅ 关系抽取成功: 共 1 个关系
2025-11-27 20:46:37,749 [INFO]    完整结果:
{"提出": [], "包含": [], "应用": [{"subject": "非暴力沟通", "object": "保护性强\n制力恢复校园秩序"}], "来源": [], "解释": [], "相关": [], "导致": [], "影响": []}
2025-11-27 20:46:37,749 [INFO] 
📊 进度统计:
2025-11-27 20:46:37,749 [INFO]    已处理批次: 607/693 (87.6%)
2025-11-27 20:46:37,749 [INFO]    已处理段落: 3035/3465
2025-11-27 20:46:37,749 [INFO]    成功: 606, 失败: 1
2025-11-27 20:46:37,749 [INFO]    已用时: 82.9 分钟
2025-11-27 20:46:37,749 [INFO]    预计剩余: 11.7 分钟
2025-11-27 20:46:37,749 [INFO]    预计总时间: 94.6 分钟
2025-11-27 20:46:37,749 [INFO] 
================================================================================
2025-11-27 20:46:37,749 [INFO] 处理第 608/693 批 (段落 3036-3040)
2025-11-27 20:46:37,749 [INFO] ================================================================================
2025-11-27 20:46:37,749 [INFO] 📄 本批段落数: 5
2025-11-27 20:46:37,749 [INFO] 📄 合并文本长度: 157 字符
2025-11-27 20:46:37,749 [INFO] 📄 完整文本:
开除的学生。校方和我希望能用非暴力沟通的方式和这些学生们沟通。

我的工作是培训教职员工，并担任顾问一年。由于只有4天时间来培训

教师，我没有充分说明非暴力沟通和放任不管之间的区别。结果，在出

现冲突和扰乱秩序的行为时，有些老师选择了回避，并未加以干预。校

园秩序也因而越来越混乱，以致校方几乎要将学校关闭。
2025-11-27 20:46:37,749 [INFO] --------------------------------------------------------------------------------
2025-11-27 20:46:42,232 [INFO] ✅ 实体抽取成功: 共 4 个实体
2025-11-27 20:46:42,232 [INFO]    完整结果:
{"人物": [], "概念": [], "方法": ["非暴力沟通"], "理论": [], "组织": [], "书籍": [], "情绪": [], "行为": ["开除", "沟通", "扰乱秩序"]}
2025-11-27 20:46:46,987 [INFO] ✅ 关系抽取成功: 共 1 个关系
2025-11-27 20:46:46,987 [INFO]    完整结果:
{"提出": [], "包含": [], "应用": [], "来源": [], "解释": [], "相关": [], "导致": [{"subject": "开除的学生", "object": "学校关闭"}], "影响": []}
2025-11-27 20:46:46,987 [INFO] 
📊 进度统计:
2025-11-27 20:46:46,987 [INFO]    已处理批次: 608/693 (87.7%)
2025-11-27 20:46:46,987 [INFO]    已处理段落: 3040/3465
2025-11-27 20:46:46,987 [INFO]    成功: 607, 失败: 1
2025-11-27 20:46:46,987 [INFO]    已用时: 83.0 分钟
2025-11-27 20:46:46,987 [INFO]    预计剩余: 11.6 分钟
2025-11-27 20:46:46,987 [INFO]    预计总时间: 94.6 分钟
2025-11-27 20:46:46,988 [INFO] 
================================================================================
2025-11-27 20:46:46,988 [INFO] 处理第 609/693 批 (段落 3041-3045)
2025-11-27 20:46:46,988 [INFO] ================================================================================
2025-11-27 20:46:46,988 [INFO] 📄 本批段落数: 5
2025-11-27 20:46:46,988 [INFO] 📄 合并文本长度: 163 字符
2025-11-27 20:46:46,988 [INFO] 📄 完整文本:
此时，我向校方提出请求，希望和那些带来最多麻烦的学生交谈。

校长挑选了8位年龄在11至14岁间的男孩。以下是我和学生们会谈的摘

马歇尔：（单纯表达我的感受和需要，而不追问事情的始末）听到老师

们说，许多班级的教学工作无法正常进行，我感到很不安。我非常希望

学校能够继续下去。希望你们可以帮助我了解学校中存在的问题以及应
2025-11-27 20:46:46,988 [INFO] --------------------------------------------------------------------------------
2025-11-27 20:46:50,851 [INFO] ✅ 实体抽取成功: 共 2 个实体
2025-11-27 20:46:50,851 [INFO]    完整结果:
{"人物": ["马歇尔"], "概念": [], "方法": [], "理论": [], "组织": [], "书籍": [], "情绪": [], "行为": ["挑选"]}
2025-11-27 20:46:54,032 [INFO] ✅ 关系抽取成功: 共 0 个关系
2025-11-27 20:46:54,033 [INFO]    完整结果:
{"提出": [], "包含": [], "应用": [], "来源": [], "解释": [], "相关": [], "导致": [], "影响": []}
2025-11-27 20:46:54,033 [INFO] 
📊 进度统计:
2025-11-27 20:46:54,033 [INFO]    已处理批次: 609/693 (87.9%)
2025-11-27 20:46:54,033 [INFO]    已处理段落: 3045/3465
2025-11-27 20:46:54,033 [INFO]    成功: 608, 失败: 1
2025-11-27 20:46:54,033 [INFO]    已用时: 83.2 分钟
2025-11-27 20:46:54,033 [INFO]    预计剩余: 11.5 分钟
2025-11-27 20:46:54,033 [INFO]    预计总时间: 94.6 分钟
2025-11-27 20:46:54,033 [INFO] 
================================================================================
2025-11-27 20:46:54,033 [INFO] 处理第 610/693 批 (段落 3046-3050)
2025-11-27 20:46:54,033 [INFO] ================================================================================
2025-11-27 20:46:54,033 [INFO] 📄 本批段落数: 5
2025-11-27 20:46:54,033 [INFO] 📄 合并文本长度: 163 字符
2025-11-27 20:46:54,033 [INFO] 📄 完整文本:
马歇尔：威尔，你的意思是你对老师们感到不满，希望他们改变做事的

威 尔：不，老兄，我说他们很蠢是因为他们就只是站在那里，什么都

马歇尔：你的意思是你感到不满，因为你希望在出现问题时，他们能做

威 尔：是的，老兄。不管谁做了什么事，他们就像白痴一样站在那里

威 尔：这很容易。今天早上，有个家伙在裤子后面的口袋里装了一瓶
2025-11-27 20:46:54,033 [INFO] --------------------------------------------------------------------------------
2025-11-27 20:46:58,665 [INFO] ✅ 实体抽取成功: 共 3 个实体
2025-11-27 20:46:58,665 [INFO]    完整结果:
{"人物": ["马歇尔", "威尔"], "概念": [], "方法": [], "理论": [], "组织": [], "书籍": [], "情绪": [], "行为": ["站在那里"]}
2025-11-27 20:47:01,959 [INFO] ✅ 关系抽取成功: 共 0 个关系
2025-11-27 20:47:01,959 [INFO]    完整结果:
{"提出": [], "包含": [], "应用": [], "来源": [], "解释": [], "相关": [], "导致": [], "影响": []}
2025-11-27 20:47:01,959 [INFO] 
📊 进度统计:
2025-11-27 20:47:01,959 [INFO]    已处理批次: 610/693 (88.0%)
2025-11-27 20:47:01,959 [INFO]    已处理段落: 3050/3465
2025-11-27 20:47:01,959 [INFO]    成功: 609, 失败: 1
2025-11-27 20:47:01,959 [INFO]    已用时: 83.3 分钟
2025-11-27 20:47:01,959 [INFO]    预计剩余: 11.3 分钟
2025-11-27 20:47:01,959 [INFO]    预计总时间: 94.6 分钟
2025-11-27 20:47:01,959 [INFO] 
================================================================================
2025-11-27 20:47:01,959 [INFO] 处理第 611/693 批 (段落 3051-3055)
2025-11-27 20:47:01,959 [INFO] ================================================================================
2025-11-27 20:47:01,959 [INFO] 📄 本批段落数: 5
2025-11-27 20:47:01,959 [INFO] 📄 合并文本长度: 161 字符
2025-11-27 20:47:01,959 [INFO] 📄 完整文本:
威士忌酒，大摇大摆地走进了教室，所有人都看见了，老师也看见了，

马歇尔：听起来，你不想尊重那些不作为的老师，你希望他们能做点什

马歇尔：我有些失望，因为我希望老师们能够和学生一起解决问题，但

接着，讨论转向了另一个迫切的问题：那些不想学习的学生干扰了

马歇尔：我迫切地想要解决这个问题，老师们告诉我这是最让他们头疼
2025-11-27 20:47:01,959 [INFO] --------------------------------------------------------------------------------
2025-11-27 20:47:05,596 [INFO] ✅ 实体抽取成功: 共 1 个实体
2025-11-27 20:47:05,596 [INFO]    完整结果:
{"人物": ["马歇尔"], "概念": [], "方法": [], "理论": [], "组织": [], "书籍": [], "情绪": [], "行为": []}
2025-11-27 20:47:08,757 [INFO] ✅ 关系抽取成功: 共 0 个关系
2025-11-27 20:47:08,758 [INFO]    完整结果:
{"提出": [], "包含": [], "应用": [], "来源": [], "解释": [], "相关": [], "导致": [], "影响": []}
2025-11-27 20:47:08,758 [INFO] 
📊 进度统计:
2025-11-27 20:47:08,758 [INFO]    已处理批次: 611/693 (88.2%)
2025-11-27 20:47:08,758 [INFO]    已处理段落: 3055/3465
2025-11-27 20:47:08,758 [INFO]    成功: 610, 失败: 1
2025-11-27 20:47:08,758 [INFO]    已用时: 83.4 分钟
2025-11-27 20:47:08,758 [INFO]    预计剩余: 11.2 分钟
2025-11-27 20:47:08,758 [INFO]    预计总时间: 94.6 分钟
2025-11-27 20:47:08,758 [INFO] 
================================================================================
2025-11-27 20:47:08,758 [INFO] 处理第 612/693 批 (段落 3056-3060)
2025-11-27 20:47:08,758 [INFO] ================================================================================
2025-11-27 20:47:08,758 [INFO] 📄 本批段落数: 5
2025-11-27 20:47:08,758 [INFO] 📄 合并文本长度: 149 字符
2025-11-27 20:47:08,758 [INFO] 📄 完整文本:
的问题。我非常希望你们能和我分享一些建议。

乔：老师应该带根棍子。（圣路易市的一些校长会随身携带绑有

马歇尔：乔，你的意思是，如果有人干扰别人学习，老师就给他一棍

马歇尔：（仍然试着体会乔的感受）所以你不相信有其他的解决办法？

马歇尔：如果这是唯一的方式，我会觉得很灰心。我希望我们能找到别
2025-11-27 20:47:08,758 [INFO] --------------------------------------------------------------------------------
2025-11-27 20:47:14,184 [INFO] ✅ 实体抽取成功: 共 5 个实体
2025-11-27 20:47:14,184 [INFO]    完整结果:
{"人物": ["乔", "马歇尔"], "概念": [], "方法": [], "理论": [], "组织": [], "书籍": [], "情绪": [], "行为": ["分享建议", "携带根棍子", "给他一棍"]}
2025-11-27 20:47:17,297 [INFO] ✅ 关系抽取成功: 共 0 个关系
2025-11-27 20:47:17,297 [INFO]    完整结果:
{"提出": [], "包含": [], "应用": [], "来源": [], "解释": [], "相关": [], "导致": [], "影响": []}
2025-11-27 20:47:17,297 [INFO] 
📊 进度统计:
2025-11-27 20:47:17,297 [INFO]    已处理批次: 612/693 (88.3%)
2025-11-27 20:47:17,297 [INFO]    已处理段落: 3060/3465
2025-11-27 20:47:17,297 [INFO]    成功: 611, 失败: 1
2025-11-27 20:47:17,297 [INFO]    已用时: 83.5 分钟
2025-11-27 20:47:17,297 [INFO]    预计剩余: 11.1 分钟
2025-11-27 20:47:17,298 [INFO]    预计总时间: 94.6 分钟
2025-11-27 20:47:17,298 [INFO] 
================================================================================
2025-11-27 20:47:17,298 [INFO] 处理第 613/693 批 (段落 3061-3065)
2025-11-27 20:47:17,298 [INFO] ================================================================================
2025-11-27 20:47:17,298 [INFO] 📄 本批段落数: 5
2025-11-27 20:47:17,298 [INFO] 📄 合并文本长度: 158 字符
2025-11-27 20:47:17,298 [INFO] 📄 完整文本:
马歇尔：有几个原因。假如我用棍子教训你们不许在学校胡闹，请你们

告诉我，被我打过的几个学生会在我下班回家时怎么对付我？

马歇尔：（确信双方已相互理解，我不再复述他的话，而是继续表达）

这正是我的意思。我希望你能看到，用这样的方式来解决问题让我不

安。我不会总是记得要带一根大棍子，就算我记得，我也不想用它来打
2025-11-27 20:47:17,298 [INFO] --------------------------------------------------------------------------------
2025-11-27 20:47:21,608 [INFO] ✅ 实体抽取成功: 共 3 个实体
2025-11-27 20:47:21,609 [INFO]    完整结果:
{"人物": ["马歇尔"], "概念": [], "方法": [], "理论": [], "组织": [], "书籍": [], "情绪": [], "行为": ["教训", "打"]}
2025-11-27 20:47:24,767 [INFO] ✅ 关系抽取成功: 共 0 个关系
2025-11-27 20:47:24,767 [INFO]    完整结果:
{"提出": [], "包含": [], "应用": [], "来源": [], "解释": [], "相关": [], "导致": [], "影响": []}
2025-11-27 20:47:24,767 [INFO] 
📊 进度统计:
2025-11-27 20:47:24,767 [INFO]    已处理批次: 613/693 (88.5%)
2025-11-27 20:47:24,768 [INFO]    已处理段落: 3065/3465
2025-11-27 20:47:24,768 [INFO]    成功: 612, 失败: 1
2025-11-27 20:47:24,768 [INFO]    已用时: 83.7 分钟
2025-11-27 20:47:24,768 [INFO]    预计剩余: 10.9 分钟
2025-11-27 20:47:24,768 [INFO]    预计总时间: 94.6 分钟
2025-11-27 20:47:24,768 [INFO] 
================================================================================
2025-11-27 20:47:24,768 [INFO] 处理第 614/693 批 (段落 3066-3070)
2025-11-27 20:47:24,768 [INFO] ================================================================================
2025-11-27 20:47:24,768 [INFO] 📄 本批段落数: 5
2025-11-27 20:47:24,768 [INFO] 📄 合并文本长度: 162 字符
2025-11-27 20:47:24,768 [INFO] 📄 完整文本:
马歇尔：艾德，你的意思是希望学校让那些学生们停课或开除他们？

马歇尔：我对这个想法也感到灰心。我希望有别的方式来解决冲突，而

不用让任何一位同学离开。如果这是我们能想到的最佳方案，我会认为

威 尔：如果有谁不想学习，不如就让他待在一间可以什么都不做的教

马歇尔：威尔，你是说，我们能腾出一间教室，让不想学习的人有个去
2025-11-27 20:47:24,768 [INFO] --------------------------------------------------------------------------------
2025-11-27 20:47:31,208 [INFO] ✅ 实体抽取成功: 共 7 个实体
2025-11-27 20:47:31,208 [INFO]    完整结果:
{"人物": ["马歇尔", "艾德", "威 尔", "威尔"], "概念": [], "方法": [], "理论": [], "组织": [], "书籍": [], "情绪": [], "行为": ["停课", "开除", "学习"]}
2025-11-27 20:47:34,364 [INFO] ✅ 关系抽取成功: 共 0 个关系
2025-11-27 20:47:34,365 [INFO]    完整结果:
{"提出": [], "包含": [], "应用": [], "来源": [], "解释": [], "相关": [], "导致": [], "影响": []}
2025-11-27 20:47:34,365 [INFO] 
📊 进度统计:
2025-11-27 20:47:34,365 [INFO]    已处理批次: 614/693 (88.6%)
2025-11-27 20:47:34,365 [INFO]    已处理段落: 3070/3465
2025-11-27 20:47:34,365 [INFO]    成功: 613, 失败: 1
2025-11-27 20:47:34,365 [INFO]    已用时: 83.8 分钟
2025-11-27 20:47:34,365 [INFO]    预计剩余: 10.8 分钟
2025-11-27 20:47:34,365 [INFO]    预计总时间: 94.6 分钟
2025-11-27 20:47:34,365 [INFO] 
================================================================================
2025-11-27 20:47:34,365 [INFO] 处理第 615/693 批 (段落 3071-3075)
2025-11-27 20:47:34,365 [INFO] ================================================================================
2025-11-27 20:47:34,365 [INFO] 📄 本批段落数: 5
2025-11-27 20:47:34,365 [INFO] 📄 合并文本长度: 144 字符
2025-11-27 20:47:34,365 [INFO] 📄 完整文本:
威 尔：没错。既然他们不想学习，呆在教室里也没用啊。

马歇尔：我对这个点子很感兴趣。具体怎么操作呢？

威 尔：有的时候，你到了学校却心情糟糕，什么也不想做。这时，你

就可以先去这个房间。直到你想上课了再回到自己班级。

马歇尔：我明白你的意思了。不过，老师们可能会担心，同学们是否会
2025-11-27 20:47:34,365 [INFO] --------------------------------------------------------------------------------
2025-11-27 20:47:40,038 [INFO] ✅ 实体抽取成功: 共 5 个实体
2025-11-27 20:47:40,038 [INFO]    完整结果:
{"人物": ["威 尔", "马歇尔"], "概念": [], "方法": [], "理论": [], "组织": [], "书籍": [], "情绪": ["心情糟糕"], "行为": ["呆在教室里", "回到自己班级"]}
2025-11-27 20:47:43,179 [INFO] ✅ 关系抽取成功: 共 0 个关系
2025-11-27 20:47:43,179 [INFO]    完整结果:
{"提出": [], "包含": [], "应用": [], "来源": [], "解释": [], "相关": [], "导致": [], "影响": []}
2025-11-27 20:47:43,179 [INFO] 
📊 进度统计:
2025-11-27 20:47:43,179 [INFO]    已处理批次: 615/693 (88.7%)
2025-11-27 20:47:43,179 [INFO]    已处理段落: 3075/3465
2025-11-27 20:47:43,179 [INFO]    成功: 614, 失败: 1
2025-11-27 20:47:43,180 [INFO]    已用时: 84.0 分钟
2025-11-27 20:47:43,180 [INFO]    预计剩余: 10.6 分钟
2025-11-27 20:47:43,180 [INFO]    预计总时间: 94.6 分钟
2025-11-27 20:47:43,180 [INFO] 
================================================================================
2025-11-27 20:47:43,180 [INFO] 处理第 616/693 批 (段落 3076-3080)
2025-11-27 20:47:43,180 [INFO] ================================================================================
2025-11-27 20:47:43,180 [INFO] 📄 本批段落数: 5
2025-11-27 20:47:43,180 [INFO] 📄 合并文本长度: 159 字符
2025-11-27 20:47:43,180 [INFO] 📄 完整文本:
我对他们说，如果我们可以让同学们明白设置这个房间的目的不是

为了惩罚，而是给暂时不想学习的同学提供一个去处，同时让愿意学习

的同学专心上课，那这个计划就能行得通。我还建议让大家知道这个点

子是学生们头脑风暴的结果，而非校方的规定，那这个方案会更加有可

于是，学校设置了这样一间教室，那些心情不好、不想上课或会影
2025-11-27 20:47:43,180 [INFO] --------------------------------------------------------------------------------
2025-11-27 20:47:47,153 [INFO] ✅ 实体抽取成功: 共 3 个实体
2025-11-27 20:47:47,153 [INFO]    完整结果:
{"人物": [], "概念": [], "方法": ["头脑风暴"], "理论": [], "组织": [], "书籍": [], "情绪": ["心情不好"], "行为": ["不想上课"]}
2025-11-27 20:47:50,289 [INFO] ✅ 关系抽取成功: 共 0 个关系
2025-11-27 20:47:50,289 [INFO]    完整结果:
{"提出": [], "包含": [], "应用": [], "来源": [], "解释": [], "相关": [], "导致": [], "影响": []}
2025-11-27 20:47:50,289 [INFO] 
📊 进度统计:
2025-11-27 20:47:50,289 [INFO]    已处理批次: 616/693 (88.9%)
2025-11-27 20:47:50,289 [INFO]    已处理段落: 3080/3465
2025-11-27 20:47:50,289 [INFO]    成功: 615, 失败: 1
2025-11-27 20:47:50,289 [INFO]    已用时: 84.1 分钟
2025-11-27 20:47:50,289 [INFO]    预计剩余: 10.5 分钟
2025-11-27 20:47:50,289 [INFO]    预计总时间: 94.6 分钟
2025-11-27 20:47:50,289 [INFO] 
================================================================================
2025-11-27 20:47:50,289 [INFO] 处理第 617/693 批 (段落 3081-3085)
2025-11-27 20:47:50,289 [INFO] ================================================================================
2025-11-27 20:47:50,289 [INFO] 📄 本批段落数: 5
2025-11-27 20:47:50,289 [INFO] 📄 合并文本长度: 163 字符
2025-11-27 20:47:50,289 [INFO] 📄 完整文本:
响其他人学习的学生们就可以去那里。有时，有的学生会主动去那里；

有时老师会请学生过去。我们为这个教室安排了一位熟练掌握非暴力沟

通的老师来管理。她和来这里的学生们开展了一些卓有成效的对话。这

样的安排大大改善了学校的秩序，那些曾参加讨论的学生们向他们的同

学表明了这个教室的目的是维护学习者的权益。我们也借由这件事向教
2025-11-27 20:47:50,289 [INFO] --------------------------------------------------------------------------------
2025-11-27 20:47:54,469 [INFO] ✅ 实体抽取成功: 共 3 个实体
2025-11-27 20:47:54,470 [INFO]    完整结果:
{"人物": [], "概念": [], "方法": ["非暴力沟"], "理论": [], "组织": [], "书籍": [], "情绪": [], "行为": ["学习", "对话"]}
2025-11-27 20:47:59,449 [INFO] ✅ 关系抽取成功: 共 1 个关系
2025-11-27 20:47:59,449 [INFO]    完整结果:
{"提出": [], "包含": [], "应用": [{"subject": "非暴力沟", "object": "学校"}], "来源": [], "解释": [], "相关": [], "导致": [], "影响": []}
2025-11-27 20:47:59,449 [INFO] 
📊 进度统计:
2025-11-27 20:47:59,449 [INFO]    已处理批次: 617/693 (89.0%)
2025-11-27 20:47:59,449 [INFO]    已处理段落: 3085/3465
2025-11-27 20:47:59,449 [INFO]    成功: 616, 失败: 1
2025-11-27 20:47:59,449 [INFO]    已用时: 84.2 分钟
2025-11-27 20:47:59,449 [INFO]    预计剩余: 10.4 分钟
2025-11-27 20:47:59,449 [INFO]    预计总时间: 94.6 分钟
2025-11-27 20:47:59,450 [INFO] 
================================================================================
2025-11-27 20:47:59,450 [INFO] 处理第 618/693 批 (段落 3086-3090)
2025-11-27 20:47:59,450 [INFO] ================================================================================
2025-11-27 20:47:59,450 [INFO] 📄 本批段落数: 5
2025-11-27 20:47:59,450 [INFO] 📄 合并文本长度: 160 字符
2025-11-27 20:47:59,450 [INFO] 📄 完整文本:
师们展现了，除了回避冲突和实施处罚，还有别的方式来化解冲突。

在有些没有机会沟通（例如危险迫在眉睫）的情况下，我们需要采

取保护性强制力。这样做的目的是防止人们受到伤害或不公待遇，而不

是为了惩罚他人或让他人难受、忏悔或改变。惩罚性强制力会让人产生

敌意和抵触心理。惩罚还会伤害他人的善意和自尊，也会让我们只注意
2025-11-27 20:47:59,450 [INFO] --------------------------------------------------------------------------------
2025-11-27 20:48:06,436 [INFO] ✅ 实体抽取成功: 共 7 个实体
2025-11-27 20:48:06,436 [INFO]    完整结果:
{"人物": [], "概念": [], "方法": [], "理论": [], "组织": [], "书籍": [], "情绪": ["敌意", "抵触心理"], "行为": ["回避冲突", "实施处罚", "化解冲突", "保护性强制力", "惩罚性强制力"]}
2025-11-27 20:48:17,273 [INFO] ✅ 关系抽取成功: 共 3 个关系
2025-11-27 20:48:17,273 [INFO]    完整结果:
{"提出": [], "包含": [], "应用": [], "来源": [], "解释": [], "相关": [], "导致": [{"subject": "惩罚性强制力", "object": "敌意和抵触心理"}], "影响": [{"subject": "惩罚性强制力", "object": "伤害他人的善意和自尊"}, {"subject": "惩罚性强制力", "object": "让我们只注意"}]}
2025-11-27 20:48:17,273 [INFO] 
📊 进度统计:
2025-11-27 20:48:17,273 [INFO]    已处理批次: 618/693 (89.2%)
2025-11-27 20:48:17,273 [INFO]    已处理段落: 3090/3465
2025-11-27 20:48:17,273 [INFO]    成功: 617, 失败: 1
2025-11-27 20:48:17,274 [INFO]    已用时: 84.5 分钟
2025-11-27 20:48:17,274 [INFO]    预计剩余: 10.3 分钟
2025-11-27 20:48:17,274 [INFO]    预计总时间: 94.8 分钟
2025-11-27 20:48:17,274 [INFO] 
================================================================================
2025-11-27 20:48:17,274 [INFO] 处理第 619/693 批 (段落 3091-3095)
2025-11-27 20:48:17,274 [INFO] ================================================================================
2025-11-27 20:48:17,274 [INFO] 📄 本批段落数: 5
2025-11-27 20:48:17,274 [INFO] 📄 合并文本长度: 161 字符
2025-11-27 20:48:17,274 [INFO] 📄 完整文本:
行为的外在后果，而忽视行为本身的价值。惩罚和指责也无法让他人按

在成长过程中，我们从家长、老师、神职人员或其他人那里，或多

或少习得了一些限制我们生命的教导，尽管他们是心怀好意的。千百年

来，这些有害的教导代代相传，许多已经根深蒂固，让人无从察觉。喜

剧演员巴迪·哈克特在一次节目中谈到，他从小吃母亲烹饪的油腻食物
2025-11-27 20:48:17,274 [INFO] --------------------------------------------------------------------------------
2025-11-27 20:48:21,566 [INFO] ✅ 实体抽取成功: 共 1 个实体
2025-11-27 20:48:21,566 [INFO]    完整结果:
{"人物": ["巴迪·哈克特"], "概念": [], "方法": [], "理论": [], "组织": [], "书籍": [], "情绪": [], "行为": []}
2025-11-27 20:48:24,918 [INFO] ✅ 关系抽取成功: 共 0 个关系
2025-11-27 20:48:24,918 [INFO]    完整结果:
{"提出": [], "包含": [], "应用": [], "来源": [], "解释": [], "相关": [], "导致": [], "影响": []}
2025-11-27 20:48:24,918 [INFO] 
📊 进度统计:
2025-11-27 20:48:24,918 [INFO]    已处理批次: 619/693 (89.3%)
2025-11-27 20:48:24,919 [INFO]    已处理段落: 3095/3465
2025-11-27 20:48:24,919 [INFO]    成功: 618, 失败: 1
2025-11-27 20:48:24,919 [INFO]    已用时: 84.7 分钟
2025-11-27 20:48:24,919 [INFO]    预计剩余: 10.1 分钟
2025-11-27 20:48:24,919 [INFO]    预计总时间: 94.8 分钟
2025-11-27 20:48:24,919 [INFO] 
================================================================================
2025-11-27 20:48:24,919 [INFO] 处理第 620/693 批 (段落 3096-3100)
2025-11-27 20:48:24,919 [INFO] ================================================================================
2025-11-27 20:48:24,919 [INFO] 📄 本批段落数: 5
2025-11-27 20:48:24,919 [INFO] 📄 合并文本长度: 154 字符
2025-11-27 20:48:24,919 [INFO] 📄 完整文本:
长大，直到参军后才发现，原来吃完饭后肠胃还是可以保持轻松的。同

样的，对于那些伤害性文化制约所带来的痛苦，我们也仿佛习以为常，

甚至感觉不到痛苦的存在。要认清有害的习惯并将它们转化成对生命有

益的认知和行为，需要我们投入巨大的努力和觉知。

要实现这样的转变，我们就要熟悉“需要”，并且有能力与自己的内
2025-11-27 20:48:24,919 [INFO] --------------------------------------------------------------------------------
2025-11-27 20:48:28,719 [INFO] ✅ 实体抽取成功: 共 2 个实体
2025-11-27 20:48:28,719 [INFO]    完整结果:
{"人物": [], "概念": ["伤害性文化制约"], "方法": [], "理论": [], "组织": [], "书籍": [], "情绪": ["痛苦"], "行为": []}
2025-11-27 20:48:31,869 [INFO] ✅ 关系抽取成功: 共 0 个关系
2025-11-27 20:48:31,869 [INFO]    完整结果:
{"提出": [], "包含": [], "应用": [], "来源": [], "解释": [], "相关": [], "导致": [], "影响": []}
2025-11-27 20:48:31,869 [INFO] 
📊 进度统计:
2025-11-27 20:48:31,869 [INFO]    已处理批次: 620/693 (89.5%)
2025-11-27 20:48:31,869 [INFO]    已处理段落: 3100/3465
2025-11-27 20:48:31,869 [INFO]    成功: 619, 失败: 1
2025-11-27 20:48:31,869 [INFO]    已用时: 84.8 分钟
2025-11-27 20:48:31,869 [INFO]    预计剩余: 10.0 分钟
2025-11-27 20:48:31,869 [INFO]    预计总时间: 94.8 分钟
2025-11-27 20:48:31,869 [INFO] 
================================================================================
2025-11-27 20:48:31,869 [INFO] 处理第 621/693 批 (段落 3101-3105)
2025-11-27 20:48:31,869 [INFO] ================================================================================
2025-11-27 20:48:31,869 [INFO] 📄 本批段落数: 5
2025-11-27 20:48:31,869 [INFO] 📄 合并文本长度: 163 字符
2025-11-27 20:48:31,869 [INFO] 📄 完整文本:
心建立连结。在我们的文化中，要做到这两点是困难的。我们不仅从来

没有学过“需要”的知识，我们的文化也往往不鼓励我们觉察需要，而是

把“需要”看作为消极、有害的。一个人有需要会被认为不够好或不成

熟。当人们表达自己的需要时，很容易被贴上“自私”“索取太多”的标

因此，通过区分观察与评判、认识感受背后的想法或需要，并以清
2025-11-27 20:48:31,869 [INFO] --------------------------------------------------------------------------------
2025-11-27 20:48:36,868 [INFO] ✅ 实体抽取成功: 共 2 个实体
2025-11-27 20:48:36,868 [INFO]    完整结果:
{"人物": [], "概念": [], "方法": ["区分观察与评判", "认识感受背后的想法或需要"], "理论": [], "组织": [], "书籍": [], "情绪": [], "行为": []}
2025-11-27 20:48:40,147 [INFO] ✅ 关系抽取成功: 共 0 个关系
2025-11-27 20:48:40,147 [INFO]    完整结果:
{"提出": [], "包含": [], "应用": [], "来源": [], "解释": [], "相关": [], "导致": [], "影响": []}
2025-11-27 20:48:40,147 [INFO] 
📊 进度统计:
2025-11-27 20:48:40,147 [INFO]    已处理批次: 621/693 (89.6%)
2025-11-27 20:48:40,147 [INFO]    已处理段落: 3105/3465
2025-11-27 20:48:40,147 [INFO]    成功: 620, 失败: 1
2025-11-27 20:48:40,147 [INFO]    已用时: 84.9 分钟
2025-11-27 20:48:40,147 [INFO]    预计剩余: 9.8 分钟
2025-11-27 20:48:40,147 [INFO]    预计总时间: 94.8 分钟
2025-11-27 20:48:40,147 [INFO] 
================================================================================
2025-11-27 20:48:40,147 [INFO] 处理第 622/693 批 (段落 3106-3110)
2025-11-27 20:48:40,147 [INFO] ================================================================================
2025-11-27 20:48:40,147 [INFO] 📄 本批段落数: 5
2025-11-27 20:48:40,147 [INFO] 📄 合并文本长度: 167 字符
2025-11-27 20:48:40,147 [INFO] 📄 完整文本:
晰的行动语言提出请求，非暴力沟通让我们更有能力在每一个当下觉察

那些加诸我们身上的文化制约。若要摆脱这些制约对我们的束缚，最关

内在冲突往往会让人陷入抑郁状态，而我们可以用非暴力沟通来化

解这些冲突。在《精神病学的革命》一书中，厄内斯特·贝克（Ernest

Becker）将抑郁症归因为“无法认知到自己有选择”。当我们评判自己
2025-11-27 20:48:40,147 [INFO] --------------------------------------------------------------------------------
2025-11-27 20:48:47,279 [INFO] ✅ 实体抽取成功: 共 5 个实体
2025-11-27 20:48:47,280 [INFO]    完整结果:
{"人物": ["厄内斯特·贝克", "Ernest\n\nBecker"], "概念": [], "方法": ["非暴力沟通"], "理论": [], "组织": [], "书籍": ["《精神病学的革命》"], "情绪": ["抑郁"], "行为": []}
2025-11-27 20:48:54,937 [INFO] ✅ 关系抽取成功: 共 2 个关系
2025-11-27 20:48:54,937 [INFO]    完整结果:
{"提出": [], "包含": [], "应用": [], "来源": [{"subject": "抑郁症", "object": "精神病学的革命"}], "解释": [{"subject": "抑郁症", "object": "无法认知到自己有选择"}], "相关": [], "导致": [], "影响": []}
2025-11-27 20:48:54,938 [INFO] 
📊 进度统计:
2025-11-27 20:48:54,938 [INFO]    已处理批次: 622/693 (89.8%)
2025-11-27 20:48:54,938 [INFO]    已处理段落: 3110/3465
2025-11-27 20:48:54,938 [INFO]    成功: 621, 失败: 1
2025-11-27 20:48:54,938 [INFO]    已用时: 85.2 分钟
2025-11-27 20:48:54,938 [INFO]    预计剩余: 9.7 分钟
2025-11-27 20:48:54,938 [INFO]    预计总时间: 94.9 分钟
2025-11-27 20:48:54,938 [INFO] 
================================================================================
2025-11-27 20:48:54,938 [INFO] 处理第 623/693 批 (段落 3111-3115)
2025-11-27 20:48:54,938 [INFO] ================================================================================
2025-11-27 20:48:54,938 [INFO] 📄 本批段落数: 5
2025-11-27 20:48:54,938 [INFO] 📄 合并文本长度: 148 字符
2025-11-27 20:48:54,938 [INFO] 📄 完整文本:
时，便是在远离自己的需要，更无法采取行动来满足那些需要。因此我

们感到抑郁，就是说，我们和自己的需要失去了连结。

有位饱受抑郁折磨的女士来学习非暴力沟通。我请她找到自己在极

度抑郁时内在出现的不同声音，并将它们以对话的形式写下来，就好像

这些声音彼此在交谈一样。以下是她写下的前两句对话：
2025-11-27 20:48:54,938 [INFO] --------------------------------------------------------------------------------
2025-11-27 20:48:58,654 [INFO] ✅ 实体抽取成功: 共 2 个实体
2025-11-27 20:48:58,654 [INFO]    完整结果:
{"人物": [], "概念": [], "方法": ["非暴力沟通"], "理论": [], "组织": [], "书籍": [], "情绪": ["抑郁"], "行为": []}
2025-11-27 20:49:05,359 [INFO] ✅ 关系抽取成功: 共 2 个关系
2025-11-27 20:49:05,359 [INFO]    完整结果:
{"提出": [], "包含": [], "应用": [{"subject": "非暴力沟通", "object": "抑郁"}], "来源": [], "解释": [{"subject": "抑郁", "object": "失去了连结"}], "相关": [], "导致": [], "影响": []}
2025-11-27 20:49:05,359 [INFO] 
📊 进度统计:
2025-11-27 20:49:05,359 [INFO]    已处理批次: 623/693 (89.9%)
2025-11-27 20:49:05,359 [INFO]    已处理段落: 3115/3465
2025-11-27 20:49:05,359 [INFO]    成功: 622, 失败: 1
2025-11-27 20:49:05,359 [INFO]    已用时: 85.3 分钟
2025-11-27 20:49:05,359 [INFO]    预计剩余: 9.6 分钟
2025-11-27 20:49:05,359 [INFO]    预计总时间: 94.9 分钟
2025-11-27 20:49:05,359 [INFO] 
================================================================================
2025-11-27 20:49:05,359 [INFO] 处理第 624/693 批 (段落 3116-3120)
2025-11-27 20:49:05,359 [INFO] ================================================================================
2025-11-27 20:49:05,359 [INFO] 📄 本批段落数: 5
2025-11-27 20:49:05,360 [INFO] 📄 合并文本长度: 150 字符
2025-11-27 20:49:05,360 [INFO] 📄 完整文本:
声音1（作为职业女性）：我的人生应该有更大的作为，我这是在

声音2（作为有责任感的母亲）：你太不现实了。作为两个小孩的

妈妈，你连他们都照顾不好，还妄谈做其他事情？

我们看到，这些内在声音充满了评判和指责，比如“应该”“浪费我

所受的教育和才华”“照顾不好”等等。类似这样的对话已经在她的头脑
2025-11-27 20:49:05,360 [INFO] --------------------------------------------------------------------------------
2025-11-27 20:49:08,537 [INFO] ✅ 实体抽取成功: 共 0 个实体
2025-11-27 20:49:08,537 [INFO]    完整结果:
{"人物": [], "概念": [], "方法": [], "理论": [], "组织": [], "书籍": [], "情绪": [], "行为": []}
2025-11-27 20:49:11,725 [INFO] ✅ 关系抽取成功: 共 0 个关系
2025-11-27 20:49:11,725 [INFO]    完整结果:
{"提出": [], "包含": [], "应用": [], "来源": [], "解释": [], "相关": [], "导致": [], "影响": []}
2025-11-27 20:49:11,725 [INFO] 
📊 进度统计:
2025-11-27 20:49:11,725 [INFO]    已处理批次: 624/693 (90.0%)
2025-11-27 20:49:11,725 [INFO]    已处理段落: 3120/3465
2025-11-27 20:49:11,725 [INFO]    成功: 623, 失败: 1
2025-11-27 20:49:11,725 [INFO]    已用时: 85.4 分钟
2025-11-27 20:49:11,725 [INFO]    预计剩余: 9.4 分钟
2025-11-27 20:49:11,725 [INFO]    预计总时间: 94.9 分钟
2025-11-27 20:49:11,725 [INFO] 
================================================================================
2025-11-27 20:49:11,725 [INFO] 处理第 625/693 批 (段落 3121-3125)
2025-11-27 20:49:11,725 [INFO] ================================================================================
2025-11-27 20:49:11,725 [INFO] 📄 本批段落数: 5
2025-11-27 20:49:11,725 [INFO] 📄 合并文本长度: 163 字符
2025-11-27 20:49:11,725 [INFO] 📄 完整文本:
中持续了好几个月。接着，我请她想象那个“职业女性”服下了“非暴力

沟通药丸”，然后用以下句式重新表达：“当……，我感到……，因为我

于是她将“我的人生应该有更大的作为，我这是在浪费我所受的教

育和才华”转换为：“当我放弃工作、待在家里花很多时间照顾孩子们

时，我感到压抑和挫败，因为我很需要在工作中获得的成就感。所以，
2025-11-27 20:49:11,726 [INFO] --------------------------------------------------------------------------------
2025-11-27 20:49:16,246 [INFO] ✅ 实体抽取成功: 共 3 个实体
2025-11-27 20:49:16,246 [INFO]    完整结果:
{"人物": [], "概念": [], "方法": ["想象"], "理论": [], "组织": [], "书籍": [], "情绪": ["压抑", "挫败"], "行为": []}
2025-11-27 20:49:19,662 [INFO] ✅ 关系抽取成功: 共 0 个关系
2025-11-27 20:49:19,662 [INFO]    完整结果:
{"提出": [], "包含": [], "应用": [], "来源": [], "解释": [], "相关": [], "导致": [], "影响": []}
2025-11-27 20:49:19,662 [INFO] 
📊 进度统计:
2025-11-27 20:49:19,662 [INFO]    已处理批次: 625/693 (90.2%)
2025-11-27 20:49:19,662 [INFO]    已处理段落: 3125/3465
2025-11-27 20:49:19,662 [INFO]    成功: 624, 失败: 1
2025-11-27 20:49:19,662 [INFO]    已用时: 85.6 分钟
2025-11-27 20:49:19,662 [INFO]    预计剩余: 9.3 分钟
2025-11-27 20:49:19,662 [INFO]    预计总时间: 94.9 分钟
2025-11-27 20:49:19,662 [INFO] 
================================================================================
2025-11-27 20:49:19,662 [INFO] 处理第 626/693 批 (段落 3126-3130)
2025-11-27 20:49:19,662 [INFO] ================================================================================
2025-11-27 20:49:19,662 [INFO] 📄 本批段落数: 5
2025-11-27 20:49:19,662 [INFO] 📄 合并文本长度: 158 字符
2025-11-27 20:49:19,662 [INFO] 📄 完整文本:
接下来轮到“有责任感的母亲”用同样的方式来重新表达。她将“你

太不现实了。作为两个小孩的妈妈，你连他们都照顾不好，还妄谈做其

他事情”转换为：“当我想到要去上班，我感到害怕，因为我需要确保孩

子们被好好照顾。因此，我想计划一下如何在我工作时为他们提供妥善

的安排，并且在我不那么累时有足够的时间陪伴孩子们。”
2025-11-27 20:49:19,662 [INFO] --------------------------------------------------------------------------------
2025-11-27 20:49:23,053 [INFO] ✅ 实体抽取成功: 共 1 个实体
2025-11-27 20:49:23,054 [INFO]    完整结果:
{"人物": [], "概念": [], "方法": [], "理论": [], "组织": [], "书籍": [], "情绪": ["害怕"], "行为": []}
2025-11-27 20:49:26,233 [INFO] ✅ 关系抽取成功: 共 0 个关系
2025-11-27 20:49:26,233 [INFO]    完整结果:
{"提出": [], "包含": [], "应用": [], "来源": [], "解释": [], "相关": [], "导致": [], "影响": []}
2025-11-27 20:49:26,233 [INFO] 
📊 进度统计:
2025-11-27 20:49:26,233 [INFO]    已处理批次: 626/693 (90.3%)
2025-11-27 20:49:26,233 [INFO]    已处理段落: 3130/3465
2025-11-27 20:49:26,233 [INFO]    成功: 625, 失败: 1
2025-11-27 20:49:26,233 [INFO]    已用时: 85.7 分钟
2025-11-27 20:49:26,233 [INFO]    预计剩余: 9.2 分钟
2025-11-27 20:49:26,233 [INFO]    预计总时间: 94.9 分钟
2025-11-27 20:49:26,233 [INFO] 
================================================================================
2025-11-27 20:49:26,233 [INFO] 处理第 627/693 批 (段落 3131-3135)
2025-11-27 20:49:26,233 [INFO] ================================================================================
2025-11-27 20:49:26,233 [INFO] 📄 本批段落数: 5
2025-11-27 20:49:26,233 [INFO] 📄 合并文本长度: 157 字符
2025-11-27 20:49:26,233 [INFO] 📄 完整文本:
这位女士用非暴力沟通的语言表达了内在的声音后，顿时如释重

负。因为她得以明白那些不断重复、撕扯她的想法背后所隐藏的感受和

需要，并同理自己的处境。尽管她依然要面对现实中的挑战，例如：为

孩子们寻求好的照顾、获得先生的支持……但她已经明白了自己的需

当我们陷在批判、指责或愤怒中时，很难为自己建立一个健康的内
2025-11-27 20:49:26,233 [INFO] --------------------------------------------------------------------------------
2025-11-27 20:49:29,964 [INFO] ✅ 实体抽取成功: 共 2 个实体
2025-11-27 20:49:29,964 [INFO]    完整结果:
{"人物": [], "概念": [], "方法": ["非暴力沟通"], "理论": [], "组织": [], "书籍": [], "情绪": ["愤怒"], "行为": []}
2025-11-27 20:49:33,113 [INFO] ✅ 关系抽取成功: 共 0 个关系
2025-11-27 20:49:33,114 [INFO]    完整结果:
{"提出": [], "包含": [], "应用": [], "来源": [], "解释": [], "相关": [], "导致": [], "影响": []}
2025-11-27 20:49:33,114 [INFO] 
📊 进度统计:
2025-11-27 20:49:33,114 [INFO]    已处理批次: 627/693 (90.5%)
2025-11-27 20:49:33,114 [INFO]    已处理段落: 3135/3465
2025-11-27 20:49:33,114 [INFO]    成功: 626, 失败: 1
2025-11-27 20:49:33,114 [INFO]    已用时: 85.8 分钟
2025-11-27 20:49:33,114 [INFO]    预计剩余: 9.0 分钟
2025-11-27 20:49:33,114 [INFO]    预计总时间: 94.8 分钟
2025-11-27 20:49:33,114 [INFO] 
================================================================================
2025-11-27 20:49:33,114 [INFO] 处理第 628/693 批 (段落 3136-3140)
2025-11-27 20:49:33,114 [INFO] ================================================================================
2025-11-27 20:49:33,114 [INFO] 📄 本批段落数: 5
2025-11-27 20:49:33,114 [INFO] 📄 合并文本长度: 160 字符
2025-11-27 20:49:33,114 [INFO] 📄 完整文本:
在环境。非暴力沟通鼓励我们关注什么是自己真正想要的，而不是自己

一位学员分享了她在一场3天的培训中收获的巨大突破。她提到自

己来上课的一个目标是学习如何更好地照顾自己，但在第2天早晨醒来

时，她却头疼欲裂。“在过去，我的第一反应是去检讨自己哪里做错

了。是不是吃了什么不该吃的食物？是不是让自己压力过度？是因为自
2025-11-27 20:49:33,114 [INFO] --------------------------------------------------------------------------------
2025-11-27 20:49:36,659 [INFO] ✅ 实体抽取成功: 共 1 个实体
2025-11-27 20:49:36,659 [INFO]    完整结果:
{"人物": [], "概念": [], "方法": ["非暴力沟通"], "理论": [], "组织": [], "书籍": [], "情绪": [], "行为": []}
2025-11-27 20:49:40,013 [INFO] ✅ 关系抽取成功: 共 0 个关系
2025-11-27 20:49:40,013 [INFO]    完整结果:
{"提出": [], "包含": [], "应用": [], "来源": ["环境"], "解释": [], "相关": [], "导致": [], "影响": []}
2025-11-27 20:49:40,013 [INFO] 
📊 进度统计:
2025-11-27 20:49:40,013 [INFO]    已处理批次: 628/693 (90.6%)
2025-11-27 20:49:40,013 [INFO]    已处理段落: 3140/3465
2025-11-27 20:49:40,013 [INFO]    成功: 627, 失败: 1
2025-11-27 20:49:40,013 [INFO]    已用时: 85.9 分钟
2025-11-27 20:49:40,013 [INFO]    预计剩余: 8.9 分钟
2025-11-27 20:49:40,013 [INFO]    预计总时间: 94.8 分钟
2025-11-27 20:49:40,013 [INFO] 
================================================================================
2025-11-27 20:49:40,013 [INFO] 处理第 629/693 批 (段落 3141-3145)
2025-11-27 20:49:40,013 [INFO] ================================================================================
2025-11-27 20:49:40,013 [INFO] 📄 本批段落数: 5
2025-11-27 20:49:40,013 [INFO] 📄 合并文本长度: 161 字符
2025-11-27 20:49:40,013 [INFO] 📄 完整文本:
己做了这个？还是因为自己没有做那个？但这一次，因为学习了如何用

非暴力沟通来照顾自己，我转而问自己：‘我现在需要做什么来缓解头

“我坐起来，慢慢舒展了脖子，走动了一下，又做了些别的事情让

自己舒服些。我不再责罚自己。很快，头痛缓解了，我得以参加一整天

的学习。对我来说，这是一个非常重大的突破。当我尝试同理我的头疼
2025-11-27 20:49:40,013 [INFO] --------------------------------------------------------------------------------
2025-11-27 20:49:43,636 [INFO] ✅ 实体抽取成功: 共 1 个实体
2025-11-27 20:49:43,636 [INFO]    完整结果:
{"人物": [], "概念": [], "方法": ["非暴力沟通"], "理论": [], "组织": [], "书籍": [], "情绪": [], "行为": []}
2025-11-27 20:49:48,878 [INFO] ✅ 关系抽取成功: 共 1 个关系
2025-11-27 20:49:48,878 [INFO]    完整结果:
{"提出": [], "包含": [], "应用": [{"subject": "非暴力沟通", "object": "照顾自己"}], "来源": [], "解释": [], "相关": [], "导致": [], "影响": []}
2025-11-27 20:49:48,878 [INFO] 
📊 进度统计:
2025-11-27 20:49:48,879 [INFO]    已处理批次: 629/693 (90.8%)
2025-11-27 20:49:48,879 [INFO]    已处理段落: 3145/3465
2025-11-27 20:49:48,879 [INFO]    成功: 628, 失败: 1
2025-11-27 20:49:48,879 [INFO]    已用时: 86.1 分钟
2025-11-27 20:49:48,879 [INFO]    预计剩余: 8.8 分钟
2025-11-27 20:49:48,879 [INFO]    预计总时间: 94.8 分钟
2025-11-27 20:49:48,879 [INFO] 
================================================================================
2025-11-27 20:49:48,879 [INFO] 处理第 630/693 批 (段落 3146-3150)
2025-11-27 20:49:48,879 [INFO] ================================================================================
2025-11-27 20:49:48,879 [INFO] 📄 本批段落数: 5
2025-11-27 20:49:48,879 [INFO] 📄 合并文本长度: 161 字符
2025-11-27 20:49:48,879 [INFO] 📄 完整文本:
时，我发现在前一天没有把足够的注意力放在自己身上，而身体通过头

痛来告诉我：‘我需要得到更多的关注。’当我这样去做，我的身体也支

持我完成了学习。我一辈子都在与头痛打交道，这一次的经历成了我人

在另外一场工作坊上，有位学员询问我如何在开车时保持良好心

态。这可是我非常熟悉的话题！因为工作的缘故，我有好几年的时间经
2025-11-27 20:49:48,879 [INFO] --------------------------------------------------------------------------------
2025-11-27 20:49:52,267 [INFO] ✅ 实体抽取成功: 共 1 个实体
2025-11-27 20:49:52,267 [INFO]    完整结果:
{"人物": [], "概念": [], "方法": [], "理论": [], "组织": [], "书籍": [], "情绪": ["头痛"], "行为": []}
2025-11-27 20:49:55,466 [INFO] ✅ 关系抽取成功: 共 0 个关系
2025-11-27 20:49:55,466 [INFO]    完整结果:
{"提出": [], "包含": [], "应用": [], "来源": [], "解释": [], "相关": [], "导致": [], "影响": []}
2025-11-27 20:49:55,466 [INFO] 
📊 进度统计:
2025-11-27 20:49:55,466 [INFO]    已处理批次: 630/693 (90.9%)
2025-11-27 20:49:55,466 [INFO]    已处理段落: 3150/3465
2025-11-27 20:49:55,466 [INFO]    成功: 629, 失败: 1
2025-11-27 20:49:55,466 [INFO]    已用时: 86.2 分钟
2025-11-27 20:49:55,466 [INFO]    预计剩余: 8.6 分钟
2025-11-27 20:49:55,466 [INFO]    预计总时间: 94.8 分钟
2025-11-27 20:49:55,466 [INFO] 
================================================================================
2025-11-27 20:49:55,466 [INFO] 处理第 631/693 批 (段落 3151-3155)
2025-11-27 20:49:55,466 [INFO] ================================================================================
2025-11-27 20:49:55,466 [INFO] 📄 本批段落数: 5
2025-11-27 20:49:55,466 [INFO] 📄 合并文本长度: 156 字符
2025-11-27 20:49:55,466 [INFO] 📄 完整文本:
常要开车到美国各地出差。每次行驶在路上，我的脑海中便不断冒出一

个个具有暴力意味的念头：“该死的，那个男的在干什么？他开车都不

看路吗？”任何不以我的标准来开车的人都是敌人、恶人。这些念头让

我疲惫不堪，它们驱使我想要惩罚那些司机，可实际上又不可能这样

做，愤怒便积存在我的体内，也对我的身心造成了伤害。
2025-11-27 20:49:55,467 [INFO] --------------------------------------------------------------------------------
2025-11-27 20:49:58,883 [INFO] ✅ 实体抽取成功: 共 1 个实体
2025-11-27 20:49:58,883 [INFO]    完整结果:
{"人物": [], "概念": [], "方法": [], "理论": [], "组织": [], "书籍": [], "情绪": ["愤怒"], "行为": []}
2025-11-27 20:50:03,974 [INFO] ✅ 关系抽取成功: 共 1 个关系
2025-11-27 20:50:03,974 [INFO]    完整结果:
{"提出": [], "包含": [], "应用": [], "来源": [], "解释": [], "相关": [], "导致": [{"subject": "愤怒", "object": "身心造成的伤害"}], "影响": []}
2025-11-27 20:50:03,974 [INFO] 
📊 进度统计:
2025-11-27 20:50:03,974 [INFO]    已处理批次: 631/693 (91.1%)
2025-11-27 20:50:03,974 [INFO]    已处理段落: 3155/3465
2025-11-27 20:50:03,974 [INFO]    成功: 630, 失败: 1
2025-11-27 20:50:03,974 [INFO]    已用时: 86.3 分钟
2025-11-27 20:50:03,974 [INFO]    预计剩余: 8.5 分钟
2025-11-27 20:50:03,974 [INFO]    预计总时间: 94.8 分钟
2025-11-27 20:50:03,974 [INFO] 
================================================================================
2025-11-27 20:50:03,974 [INFO] 处理第 632/693 批 (段落 3156-3160)
2025-11-27 20:50:03,974 [INFO] ================================================================================
2025-11-27 20:50:03,974 [INFO] 📄 本批段落数: 5
2025-11-27 20:50:03,975 [INFO] 📄 合并文本长度: 158 字符
2025-11-27 20:50:03,975 [INFO] 📄 完整文本:
于是，我尝试将评判转换为感受和需要来同理自己：“老天，看到

他们那样子开车，我简直吓坏了，我真希望他们能明白那样做有多危

险。”天哪！我惊讶地发现，只是把注意力放在自己的感受和需要上，

后来，我又决定去尝试同理那些驾驶人。第一次的尝试就让我十分

满足。那次我行驶在一辆车后面，它的速度不仅远低于限速，还会在每
2025-11-27 20:50:03,975 [INFO] --------------------------------------------------------------------------------
2025-11-27 20:50:07,627 [INFO] ✅ 实体抽取成功: 共 2 个实体
2025-11-27 20:50:07,627 [INFO]    完整结果:
{"人物": [], "概念": [], "方法": [], "理论": ["同理"], "组织": [], "书籍": [], "情绪": [], "行为": ["开车"]}
2025-11-27 20:50:10,787 [INFO] ✅ 关系抽取成功: 共 0 个关系
2025-11-27 20:50:10,787 [INFO]    完整结果:
{"提出": [], "包含": [], "应用": [], "来源": [], "解释": [], "相关": [], "导致": [], "影响": []}
2025-11-27 20:50:10,788 [INFO] 
📊 进度统计:
2025-11-27 20:50:10,788 [INFO]    已处理批次: 632/693 (91.2%)
2025-11-27 20:50:10,788 [INFO]    已处理段落: 3160/3465
2025-11-27 20:50:10,788 [INFO]    成功: 631, 失败: 1
2025-11-27 20:50:10,788 [INFO]    已用时: 86.4 分钟
2025-11-27 20:50:10,788 [INFO]    预计剩余: 8.3 分钟
2025-11-27 20:50:10,788 [INFO]    预计总时间: 94.8 分钟
2025-11-27 20:50:10,788 [INFO] 
================================================================================
2025-11-27 20:50:10,788 [INFO] 处理第 633/693 批 (段落 3161-3165)
2025-11-27 20:50:10,788 [INFO] ================================================================================
2025-11-27 20:50:10,788 [INFO] 📄 本批段落数: 5
2025-11-27 20:50:10,788 [INFO] 📄 合并文本长度: 162 字符
2025-11-27 20:50:10,788 [INFO] 📄 完整文本:
一个交叉口减速。我火冒三丈、一直在心里抱怨：“哪有人这样开车

的。”注意到我已经给自己造成了一些压力，我开始体会那位司机可能

会有的感受和需要。我猜那人可能迷路了，有点不知所措，希望跟在后

面的司机多一些耐心。当道路变宽，我超车前进，发现那位司机是位看

上去已经80来岁的女士，她的脸上满是惶恐。我很庆幸，由于同理了
2025-11-27 20:50:10,788 [INFO] --------------------------------------------------------------------------------
2025-11-27 20:50:14,758 [INFO] ✅ 实体抽取成功: 共 1 个实体
2025-11-27 20:50:14,759 [INFO]    完整结果:
{"人物": [], "概念": [], "方法": [], "理论": [], "组织": [], "书籍": [], "情绪": ["火冒三丈"], "行为": []}
2025-11-27 20:50:18,064 [INFO] ✅ 关系抽取成功: 共 0 个关系
2025-11-27 20:50:18,064 [INFO]    完整结果:
{"提出": [], "包含": [], "应用": [], "来源": [], "解释": [], "相关": [], "导致": [], "影响": []}
2025-11-27 20:50:18,064 [INFO] 
📊 进度统计:
2025-11-27 20:50:18,064 [INFO]    已处理批次: 633/693 (91.3%)
2025-11-27 20:50:18,064 [INFO]    已处理段落: 3165/3465
2025-11-27 20:50:18,064 [INFO]    成功: 632, 失败: 1
2025-11-27 20:50:18,064 [INFO]    已用时: 86.6 分钟
2025-11-27 20:50:18,064 [INFO]    预计剩余: 8.2 分钟
2025-11-27 20:50:18,064 [INFO]    预计总时间: 94.8 分钟
2025-11-27 20:50:18,064 [INFO] 
================================================================================
2025-11-27 20:50:18,064 [INFO] 处理第 634/693 批 (段落 3166-3170)
2025-11-27 20:50:18,064 [INFO] ================================================================================
2025-11-27 20:50:18,064 [INFO] 📄 本批段落数: 5
2025-11-27 20:50:18,064 [INFO] 📄 合并文本长度: 170 字符
2025-11-27 20:50:18,064 [INFO] 📄 完整文本:
她，我没有对她大声按喇叭，也没有做出一些表达不满的举动。

许多年前，在完成长达9年的临床心理学课程训练后，我获得了博

士学位并取得了心理治疗师的资质。毕业后不久，我有幸旁听了以色列

哲学家马丁·布伯（Martin Buber）与美国心理学家卡尔·罗杰斯（Carl

Rogers）的一场对话。那时，布伯正在访问美国，他受邀来到一所精神
2025-11-27 20:50:18,064 [INFO] --------------------------------------------------------------------------------
2025-11-27 20:50:24,678 [INFO] ✅ 实体抽取成功: 共 4 个实体
2025-11-27 20:50:24,678 [INFO]    完整结果:
{"人物": ["马丁·布伯", "Martin Buber", "卡尔·罗杰斯", "Carl\nRogers"], "概念": [], "方法": [], "理论": [], "组织": [], "书籍": [], "情绪": [], "行为": []}
2025-11-27 20:50:27,815 [INFO] ✅ 关系抽取成功: 共 0 个关系
2025-11-27 20:50:27,815 [INFO]    完整结果:
{"提出": [], "包含": [], "应用": [], "来源": [], "解释": [], "相关": [], "导致": [], "影响": []}
2025-11-27 20:50:27,815 [INFO] 
📊 进度统计:
2025-11-27 20:50:27,816 [INFO]    已处理批次: 634/693 (91.5%)
2025-11-27 20:50:27,816 [INFO]    已处理段落: 3170/3465
2025-11-27 20:50:27,816 [INFO]    成功: 633, 失败: 1
2025-11-27 20:50:27,816 [INFO]    已用时: 86.7 分钟
2025-11-27 20:50:27,816 [INFO]    预计剩余: 8.1 分钟
2025-11-27 20:50:27,816 [INFO]    预计总时间: 94.8 分钟
2025-11-27 20:50:27,816 [INFO] 
================================================================================
2025-11-27 20:50:27,816 [INFO] 处理第 635/693 批 (段落 3171-3175)
2025-11-27 20:50:27,816 [INFO] ================================================================================
2025-11-27 20:50:27,816 [INFO] 📄 本批段落数: 5
2025-11-27 20:50:27,816 [INFO] 📄 合并文本长度: 154 字符
2025-11-27 20:50:27,816 [INFO] 📄 完整文本:
病院，在一群精神科医生面前和卡尔·罗杰斯对谈。

布伯的观点是，人的成长发生在两个个体相遇时以脆弱而坦诚的方

式表达自己的过程中，他称这是“我与你”的关系。他认为，这样的坦诚

无法存在于心理治疗师和来访者的角色之间。罗杰斯同意布伯的看法，

认为坦诚是个人成长的先决条件，不过他也主张，开明的心理治疗师能
2025-11-27 20:50:27,816 [INFO] --------------------------------------------------------------------------------
2025-11-27 20:50:32,852 [INFO] ✅ 实体抽取成功: 共 3 个实体
2025-11-27 20:50:32,852 [INFO]    完整结果:
{"人物": ["卡尔·罗杰斯", "布伯", "罗杰斯"], "概念": [], "方法": [], "理论": [], "组织": [], "书籍": [], "情绪": [], "行为": []}
2025-11-27 20:50:35,991 [INFO] ✅ 关系抽取成功: 共 0 个关系
2025-11-27 20:50:35,991 [INFO]    完整结果:
{"提出": [], "包含": [], "应用": [], "来源": [], "解释": [], "相关": [], "导致": [], "影响": []}
2025-11-27 20:50:35,991 [INFO] 
📊 进度统计:
2025-11-27 20:50:35,991 [INFO]    已处理批次: 635/693 (91.6%)
2025-11-27 20:50:35,991 [INFO]    已处理段落: 3175/3465
2025-11-27 20:50:35,991 [INFO]    成功: 634, 失败: 1
2025-11-27 20:50:35,991 [INFO]    已用时: 86.9 分钟
2025-11-27 20:50:35,991 [INFO]    预计剩余: 7.9 分钟
2025-11-27 20:50:35,991 [INFO]    预计总时间: 94.8 分钟
2025-11-27 20:50:35,991 [INFO] 
================================================================================
2025-11-27 20:50:35,991 [INFO] 处理第 636/693 批 (段落 3176-3180)
2025-11-27 20:50:35,991 [INFO] ================================================================================
2025-11-27 20:50:35,991 [INFO] 📄 本批段落数: 5
2025-11-27 20:50:35,991 [INFO] 📄 合并文本长度: 161 字符
2025-11-27 20:50:35,991 [INFO] 📄 完整文本:
对此，布伯则表示怀疑。他认为，即使心理治疗师努力和来访者建

立坦诚的关系，但只要来访者依然以“来访者”自居，把对方视作为“心

理治疗师”，这样的相遇便不可能发生。他指出，来访者预约就诊、前

往诊疗室以及付费“被治疗”的全过程都阻碍着两个人之间发展出坦诚的

这场对话厘清了我长久以来的困惑。在我所接受的精神分析和心理
2025-11-27 20:50:35,991 [INFO] --------------------------------------------------------------------------------
2025-11-27 20:50:40,238 [INFO] ✅ 实体抽取成功: 共 2 个实体
2025-11-27 20:50:40,238 [INFO]    完整结果:
{"人物": ["布伯"], "概念": [], "方法": ["精神分析"], "理论": [], "组织": [], "书籍": [], "情绪": [], "行为": []}
2025-11-27 20:50:43,689 [INFO] ✅ 关系抽取成功: 共 0 个关系
2025-11-27 20:50:43,689 [INFO]    完整结果:
{"提出": [], "包含": [], "应用": [], "来源": [], "解释": [], "相关": [], "导致": [], "影响": []}
2025-11-27 20:50:43,689 [INFO] 
📊 进度统计:
2025-11-27 20:50:43,689 [INFO]    已处理批次: 636/693 (91.8%)
2025-11-27 20:50:43,689 [INFO]    已处理段落: 3180/3465
2025-11-27 20:50:43,690 [INFO]    成功: 635, 失败: 1
2025-11-27 20:50:43,690 [INFO]    已用时: 87.0 分钟
2025-11-27 20:50:43,690 [INFO]    预计剩余: 7.8 分钟
2025-11-27 20:50:43,690 [INFO]    预计总时间: 94.8 分钟
2025-11-27 20:50:43,690 [INFO] 
================================================================================
2025-11-27 20:50:43,690 [INFO] 处理第 637/693 批 (段落 3181-3185)
2025-11-27 20:50:43,690 [INFO] ================================================================================
2025-11-27 20:50:43,690 [INFO] 📄 本批段落数: 5
2025-11-27 20:50:43,690 [INFO] 📄 合并文本长度: 162 字符
2025-11-27 20:50:43,690 [INFO] 📄 完整文本:
治疗领域的教育中，心理医生在治疗中抽离自己可谓是金科玉律。如果

治疗师把自己的感受和需要带到治疗过程中，通常被视为一种异常行

为。专业的心理治疗师该在治疗过程中保持超然，让自己成为来访者投

射想法和情感的一面镜子，再设法帮助病人解决问题。心理治疗师不在

治疗中袒露内心，避免在处理内心冲突时损及病人的利益，这背后的理
2025-11-27 20:50:43,690 [INFO] --------------------------------------------------------------------------------
2025-11-27 20:50:47,258 [INFO] ✅ 实体抽取成功: 共 1 个实体
2025-11-27 20:50:47,258 [INFO]    完整结果:
{"人物": [], "概念": [], "方法": [], "理论": [], "组织": [], "书籍": [], "情绪": [], "行为": ["保持超然"]}
2025-11-27 20:50:50,433 [INFO] ✅ 关系抽取成功: 共 0 个关系
2025-11-27 20:50:50,433 [INFO]    完整结果:
{"提出": [], "包含": [], "应用": [], "来源": [], "解释": [], "相关": [], "导致": [], "影响": []}
2025-11-27 20:50:50,433 [INFO] 
📊 进度统计:
2025-11-27 20:50:50,433 [INFO]    已处理批次: 637/693 (91.9%)
2025-11-27 20:50:50,434 [INFO]    已处理段落: 3185/3465
2025-11-27 20:50:50,434 [INFO]    成功: 636, 失败: 1
2025-11-27 20:50:50,434 [INFO]    已用时: 87.1 分钟
2025-11-27 20:50:50,434 [INFO]    预计剩余: 7.7 分钟
2025-11-27 20:50:50,434 [INFO]    预计总时间: 94.7 分钟
2025-11-27 20:50:50,434 [INFO] 
================================================================================
2025-11-27 20:50:50,434 [INFO] 处理第 638/693 批 (段落 3186-3190)
2025-11-27 20:50:50,434 [INFO] ================================================================================
2025-11-27 20:50:50,434 [INFO] 📄 本批段落数: 5
2025-11-27 20:50:50,434 [INFO] 📄 合并文本长度: 160 字符
2025-11-27 20:50:50,434 [INFO] 📄 完整文本:
论和道理我十分理解。然而，对于要和来访者保持必要的心理距离，我

总是感到不太舒服。不仅如此，我坚信将自己带到治疗过程中是有益

于是，我开始试着用非暴力沟通的语言来替代医疗术语。我不再用

我所学到的人格理论来分析来访者，而是全然地和他们同在，并且同理

他们说的话；我不再诊断他们得了什么病症，而是袒露这个过程中我的
2025-11-27 20:50:50,434 [INFO] --------------------------------------------------------------------------------
2025-11-27 20:50:55,130 [INFO] ✅ 实体抽取成功: 共 3 个实体
2025-11-27 20:50:55,130 [INFO]    完整结果:
{"人物": [], "概念": ["心理距离", "非暴力沟通", "人格理论"], "方法": [], "理论": [], "组织": [], "书籍": [], "情绪": [], "行为": []}
2025-11-27 20:51:00,232 [INFO] ✅ 关系抽取成功: 共 1 个关系
2025-11-27 20:51:00,232 [INFO]    完整结果:
{"提出": [], "包含": [], "应用": [{"subject": "非暴力沟通", "object": "语言"}], "来源": [], "解释": [], "相关": [], "导致": [], "影响": []}
2025-11-27 20:51:00,232 [INFO] 
📊 进度统计:
2025-11-27 20:51:00,232 [INFO]    已处理批次: 638/693 (92.1%)
2025-11-27 20:51:00,232 [INFO]    已处理段落: 3190/3465
2025-11-27 20:51:00,232 [INFO]    成功: 637, 失败: 1
2025-11-27 20:51:00,232 [INFO]    已用时: 87.3 分钟
2025-11-27 20:51:00,232 [INFO]    预计剩余: 7.5 分钟
2025-11-27 20:51:00,232 [INFO]    预计总时间: 94.8 分钟
2025-11-27 20:51:00,232 [INFO] 
================================================================================
2025-11-27 20:51:00,232 [INFO] 处理第 639/693 批 (段落 3191-3195)
2025-11-27 20:51:00,232 [INFO] ================================================================================
2025-11-27 20:51:00,232 [INFO] 📄 本批段落数: 5
2025-11-27 20:51:00,232 [INFO] 📄 合并文本长度: 162 字符
2025-11-27 20:51:00,232 [INFO] 📄 完整文本:
内心。刚开始，我颇有些胆战心惊，不知道同事们对此会有什么样的看

法。然而，这样做的效果却令来访者和我都很满意，很快我便放下了自

己的顾虑。35年后的今天，将自己完全地投入咨访关系，这样的概念早

已不再被视为离经叛道。记得在刚开始时，经常有心理治疗团体邀请我

有一次，我受邀去一所州立精神疾病医院，向一大群精神病学领域
2025-11-27 20:51:00,232 [INFO] --------------------------------------------------------------------------------
2025-11-27 20:51:04,482 [INFO] ✅ 实体抽取成功: 共 2 个实体
2025-11-27 20:51:04,483 [INFO]    完整结果:
{"人物": [], "概念": ["咨访关系"], "方法": ["心理治疗"], "理论": [], "组织": [], "书籍": [], "情绪": [], "行为": []}
2025-11-27 20:51:09,991 [INFO] ✅ 关系抽取成功: 共 1 个关系
2025-11-27 20:51:09,991 [INFO]    完整结果:
{"提出": [], "包含": [], "应用": [{"subject": "咨访关系", "object": "心理治疗团体"}], "来源": [], "解释": [], "相关": [], "导致": [], "影响": []}
2025-11-27 20:51:09,991 [INFO] 
📊 进度统计:
2025-11-27 20:51:09,991 [INFO]    已处理批次: 639/693 (92.2%)
2025-11-27 20:51:09,991 [INFO]    已处理段落: 3195/3465
2025-11-27 20:51:09,991 [INFO]    成功: 638, 失败: 1
2025-11-27 20:51:09,991 [INFO]    已用时: 87.4 分钟
2025-11-27 20:51:09,991 [INFO]    预计剩余: 7.4 分钟
2025-11-27 20:51:09,991 [INFO]    预计总时间: 94.8 分钟
2025-11-27 20:51:09,991 [INFO] 
================================================================================
2025-11-27 20:51:09,991 [INFO] 处理第 640/693 批 (段落 3196-3200)
2025-11-27 20:51:09,991 [INFO] ================================================================================
2025-11-27 20:51:09,991 [INFO] 📄 本批段落数: 5
2025-11-27 20:51:09,991 [INFO] 📄 合并文本长度: 163 字符
2025-11-27 20:51:09,991 [INFO] 📄 完整文本:
的专业人士演示如何用非暴力沟通帮助精神极度痛苦的人。讲解了一小

时后，他们请我会见一位病人，评估她的病情并给出治疗建议。那是一

位有着3个孩子的29岁母亲，我们谈了约半小时。在她离开房间后，负

责治疗她的医生便向我提问：“卢森堡博士，请您做出一个鉴别诊断。

在您看来，这位女士表现的是精神分裂症状还是由毒品引起的精神错
2025-11-27 20:51:09,991 [INFO] --------------------------------------------------------------------------------
2025-11-27 20:51:14,070 [INFO] ✅ 实体抽取成功: 共 2 个实体
2025-11-27 20:51:14,071 [INFO]    完整结果:
{"人物": ["卢森堡"], "概念": [], "方法": ["非暴力沟通"], "理论": [], "组织": [], "书籍": [], "情绪": [], "行为": []}
2025-11-27 20:51:19,340 [INFO] ✅ 关系抽取成功: 共 1 个关系
2025-11-27 20:51:19,341 [INFO]    完整结果:
{"提出": [], "包含": [], "应用": [{"subject": "非暴力沟通", "object": "精神极度痛苦"}], "来源": [], "解释": [], "相关": [], "导致": [], "影响": []}
2025-11-27 20:51:19,341 [INFO] 
📊 进度统计:
2025-11-27 20:51:19,341 [INFO]    已处理批次: 640/693 (92.4%)
2025-11-27 20:51:19,341 [INFO]    已处理段落: 3200/3465
2025-11-27 20:51:19,341 [INFO]    成功: 639, 失败: 1
2025-11-27 20:51:19,341 [INFO]    已用时: 87.6 分钟
2025-11-27 20:51:19,341 [INFO]    预计剩余: 7.3 分钟
2025-11-27 20:51:19,341 [INFO]    预计总时间: 94.8 分钟
2025-11-27 20:51:19,341 [INFO] 
================================================================================
2025-11-27 20:51:19,341 [INFO] 处理第 641/693 批 (段落 3201-3205)
2025-11-27 20:51:19,341 [INFO] ================================================================================
2025-11-27 20:51:19,341 [INFO] 📄 本批段落数: 5
2025-11-27 20:51:19,341 [INFO] 📄 合并文本长度: 159 字符
2025-11-27 20:51:19,341 [INFO] 📄 完整文本:
我回答说，对于这类问题，我感到不舒服。即使是在精神病医院实

习时，我也不太知道该如何对病人做出诊断分类。后来我读到的研究报

告让我发现，精神病医生与心理学专家对诊断分类其实也没有一致的意

见。那些报告的结论是，精神病医生会对病人做出什么诊断，主要取决

接着，我告诉他们，就算精神病医生对这些术语的运用具有共识，
2025-11-27 20:51:19,341 [INFO] --------------------------------------------------------------------------------
2025-11-27 20:51:22,607 [INFO] ✅ 实体抽取成功: 共 1 个实体
2025-11-27 20:51:22,607 [INFO]    完整结果:
{"人物": [], "概念": [], "方法": [], "理论": [], "组织": [], "书籍": [], "情绪": ["不舒服"], "行为": []}
2025-11-27 20:51:25,692 [INFO] ✅ 关系抽取成功: 共 0 个关系
2025-11-27 20:51:25,692 [INFO]    完整结果:
{"提出": [], "包含": [], "应用": [], "来源": [], "解释": [], "相关": [], "导致": [], "影响": []}
2025-11-27 20:51:25,692 [INFO] 
📊 进度统计:
2025-11-27 20:51:25,692 [INFO]    已处理批次: 641/693 (92.5%)
2025-11-27 20:51:25,692 [INFO]    已处理段落: 3205/3465
2025-11-27 20:51:25,692 [INFO]    成功: 640, 失败: 1
2025-11-27 20:51:25,692 [INFO]    已用时: 87.7 分钟
2025-11-27 20:51:25,692 [INFO]    预计剩余: 7.1 分钟
2025-11-27 20:51:25,692 [INFO]    预计总时间: 94.8 分钟
2025-11-27 20:51:25,692 [INFO] 
================================================================================
2025-11-27 20:51:25,692 [INFO] 处理第 642/693 批 (段落 3206-3210)
2025-11-27 20:51:25,692 [INFO] ================================================================================
2025-11-27 20:51:25,692 [INFO] 📄 本批段落数: 5
2025-11-27 20:51:25,692 [INFO] 📄 合并文本长度: 163 字符
2025-11-27 20:51:25,692 [INFO] 📄 完整文本:
我也不太想用它们，因为我看不出这样对病人有什么好处。在物理医学

领域，医师如果能了解疾病形成的原因，往往就能确定治疗的方向；但

在精神疾病领域，情况并非如此。根据我的经历，在医院的病例讨论会

上，医生们用大部分时间来讨论病人属于哪种精神病类型。到了会议必

须结束时，主治医生可能会请其他人帮忙确立一个治疗方案，由于医生
2025-11-27 20:51:25,692 [INFO] --------------------------------------------------------------------------------
2025-11-27 20:51:28,957 [INFO] ✅ 实体抽取成功: 共 1 个实体
2025-11-27 20:51:28,957 [INFO]    完整结果:
{"人物": [], "概念": [], "方法": [], "理论": [], "组织": [], "书籍": [], "情绪": [], "行为": ["讨论"]}
2025-11-27 20:51:32,043 [INFO] ✅ 关系抽取成功: 共 0 个关系
2025-11-27 20:51:32,043 [INFO]    完整结果:
{"提出": [], "包含": [], "应用": [], "来源": [], "解释": [], "相关": [], "导致": [], "影响": []}
2025-11-27 20:51:32,043 [INFO] 
📊 进度统计:
2025-11-27 20:51:32,043 [INFO]    已处理批次: 642/693 (92.6%)
2025-11-27 20:51:32,043 [INFO]    已处理段落: 3210/3465
2025-11-27 20:51:32,043 [INFO]    成功: 641, 失败: 1
2025-11-27 20:51:32,043 [INFO]    已用时: 87.8 分钟
2025-11-27 20:51:32,043 [INFO]    预计剩余: 7.0 分钟
2025-11-27 20:51:32,043 [INFO]    预计总时间: 94.8 分钟
2025-11-27 20:51:32,043 [INFO] 
================================================================================
2025-11-27 20:51:32,044 [INFO] 处理第 643/693 批 (段落 3211-3215)
2025-11-27 20:51:32,044 [INFO] ================================================================================
2025-11-27 20:51:32,044 [INFO] 📄 本批段落数: 5
2025-11-27 20:51:32,044 [INFO] 📄 合并文本长度: 156 字符
2025-11-27 20:51:32,044 [INFO] 📄 完整文本:
们大多更加热衷于对诊断的争论，这类请求通常会被忽略。

我向提问的这位医生解释：非暴力沟通让我不再去探讨病人有什么

问题，而是转而关注这样一些方面：“他（她）现在的感受是什么？他

（她）需要什么？面对他（她），我有什么感受呢？我的感受反映了我

怎样的需要呢？我想请求他（她）采取什么行动或做出什么行动，使他
2025-11-27 20:51:32,044 [INFO] --------------------------------------------------------------------------------
2025-11-27 20:51:35,537 [INFO] ✅ 实体抽取成功: 共 1 个实体
2025-11-27 20:51:35,537 [INFO]    完整结果:
{"人物": [], "概念": [], "方法": ["非暴力沟通"], "理论": [], "组织": [], "书籍": [], "情绪": [], "行为": []}
2025-11-27 20:51:40,455 [INFO] ✅ 关系抽取成功: 共 1 个关系
2025-11-27 20:51:40,455 [INFO]    完整结果:
{"提出": [], "包含": [], "应用": [{"subject": "非暴力沟通", "object": "医生"}], "来源": [], "解释": [], "相关": [], "导致": [], "影响": []}
2025-11-27 20:51:40,455 [INFO] 
📊 进度统计:
2025-11-27 20:51:40,456 [INFO]    已处理批次: 643/693 (92.8%)
2025-11-27 20:51:40,456 [INFO]    已处理段落: 3215/3465
2025-11-27 20:51:40,456 [INFO]    成功: 642, 失败: 1
2025-11-27 20:51:40,456 [INFO]    已用时: 87.9 分钟
2025-11-27 20:51:40,456 [INFO]    预计剩余: 6.8 分钟
2025-11-27 20:51:40,456 [INFO]    预计总时间: 94.8 分钟
2025-11-27 20:51:40,456 [INFO] 
================================================================================
2025-11-27 20:51:40,456 [INFO] 处理第 644/693 批 (段落 3216-3220)
2025-11-27 20:51:40,456 [INFO] ================================================================================
2025-11-27 20:51:40,456 [INFO] 📄 本批段落数: 5
2025-11-27 20:51:40,456 [INFO] 📄 合并文本长度: 163 字符
2025-11-27 20:51:40,456 [INFO] 📄 完整文本:
（她）过得更幸福呢？”由于对这些问题的回答透露出我们的内心世界

和我们的价值观，因而，相较于只是对他人做出诊断，我们会感到更加

在另一次活动中，我受邀示范如何向那些被诊断为慢性精神分裂的

人教授非暴力沟通。在大约80名心理学家、心理治疗师、社工和护工的

围观下，15位病人被请到台上。我开始介绍自己，讲解非暴力沟通的目
2025-11-27 20:51:40,456 [INFO] --------------------------------------------------------------------------------
2025-11-27 20:51:44,429 [INFO] ✅ 实体抽取成功: 共 2 个实体
2025-11-27 20:51:44,429 [INFO]    完整结果:
{"人物": [], "概念": ["价值观"], "方法": ["非暴力沟通"], "理论": [], "组织": [], "书籍": [], "情绪": [], "行为": []}
2025-11-27 20:51:49,893 [INFO] ✅ 关系抽取成功: 共 1 个关系
2025-11-27 20:51:49,893 [INFO]    完整结果:
{"提出": [], "包含": [], "应用": [{"subject": "非暴力沟通", "object": "慢性精神分裂"}], "来源": [], "解释": [], "相关": [], "导致": [], "影响": []}
2025-11-27 20:51:49,893 [INFO] 
📊 进度统计:
2025-11-27 20:51:49,893 [INFO]    已处理批次: 644/693 (92.9%)
2025-11-27 20:51:49,893 [INFO]    已处理段落: 3220/3465
2025-11-27 20:51:49,893 [INFO]    成功: 643, 失败: 1
2025-11-27 20:51:49,893 [INFO]    已用时: 88.1 分钟
2025-11-27 20:51:49,893 [INFO]    预计剩余: 6.7 分钟
2025-11-27 20:51:49,893 [INFO]    预计总时间: 94.8 分钟
2025-11-27 20:51:49,893 [INFO] 
================================================================================
2025-11-27 20:51:49,893 [INFO] 处理第 645/693 批 (段落 3221-3225)
2025-11-27 20:51:49,893 [INFO] ================================================================================
2025-11-27 20:51:49,893 [INFO] 📄 本批段落数: 5
2025-11-27 20:51:49,893 [INFO] 📄 合并文本长度: 162 字符
2025-11-27 20:51:49,893 [INFO] 📄 完整文本:
的，忽然一位病人做了一个看似与我所述无关的回应。由于依然带着他

被确诊为慢性精神分裂的临床思维，我下意识地认定，自己无法理解他

讲的话是因为他头脑混乱，于是我对他说：“你看上去不太明白我说的

此时，另一位病人插话道：“我懂他在说什么。”紧接着他解释了那

位病人先前的话与我之前的介绍有什么关联。当我发现并非那个男人神
2025-11-27 20:51:49,893 [INFO] --------------------------------------------------------------------------------
2025-11-27 20:51:53,404 [INFO] ✅ 实体抽取成功: 共 1 个实体
2025-11-27 20:51:53,404 [INFO]    完整结果:
{"人物": [], "概念": ["慢性精神分裂"], "方法": [], "理论": [], "组织": [], "书籍": [], "情绪": [], "行为": []}
2025-11-27 20:51:58,481 [INFO] ✅ 关系抽取成功: 共 1 个关系
2025-11-27 20:51:58,482 [INFO]    完整结果:
{"提出": [], "包含": [], "应用": [], "来源": [], "解释": [], "相关": [], "导致": [{"subject": "慢性精神分裂", "object": "临床思维"}], "影响": []}
2025-11-27 20:51:58,482 [INFO] 
📊 进度统计:
2025-11-27 20:51:58,482 [INFO]    已处理批次: 645/693 (93.1%)
2025-11-27 20:51:58,482 [INFO]    已处理段落: 3225/3465
2025-11-27 20:51:58,482 [INFO]    成功: 644, 失败: 1
2025-11-27 20:51:58,482 [INFO]    已用时: 88.2 分钟
2025-11-27 20:51:58,482 [INFO]    预计剩余: 6.6 分钟
2025-11-27 20:51:58,482 [INFO]    预计总时间: 94.8 分钟
2025-11-27 20:51:58,482 [INFO] 
================================================================================
2025-11-27 20:51:58,482 [INFO] 处理第 646/693 批 (段落 3226-3230)
2025-11-27 20:51:58,482 [INFO] ================================================================================
2025-11-27 20:51:58,482 [INFO] 📄 本批段落数: 5
2025-11-27 20:51:58,482 [INFO] 📄 合并文本长度: 161 字符
2025-11-27 20:51:58,482 [INFO] 📄 完整文本:
智不清，而是我自己没有领悟其中的关联时，我惊愕地看到自己如此轻

易就把沟通障碍归咎于他。我真希望为自己的感受负起责任，但愿说出

口的话是：“我感到困惑，我想理解我的话与你的回答之间的关联，但

除了这一片刻我跌入了临床诊断思维，余下的时间里，我与病人顺

畅地交流。那些病人的反应让医生惊讶。他们问我是否认为这是一群特
2025-11-27 20:51:58,482 [INFO] --------------------------------------------------------------------------------
2025-11-27 20:52:02,404 [INFO] ✅ 实体抽取成功: 共 2 个实体
2025-11-27 20:52:02,404 [INFO]    完整结果:
{"人物": [], "概念": [], "方法": [], "理论": ["临床诊断"], "组织": [], "书籍": [], "情绪": ["困惑"], "行为": []}
2025-11-27 20:52:05,670 [INFO] ✅ 关系抽取成功: 共 0 个关系
2025-11-27 20:52:05,670 [INFO]    完整结果:
{"提出": [], "包含": [], "应用": [], "来源": [], "解释": [], "相关": [], "导致": [], "影响": []}
2025-11-27 20:52:05,670 [INFO] 
📊 进度统计:
2025-11-27 20:52:05,670 [INFO]    已处理批次: 646/693 (93.2%)
2025-11-27 20:52:05,670 [INFO]    已处理段落: 3230/3465
2025-11-27 20:52:05,670 [INFO]    成功: 645, 失败: 1
2025-11-27 20:52:05,670 [INFO]    已用时: 88.3 分钟
2025-11-27 20:52:05,670 [INFO]    预计剩余: 6.4 分钟
2025-11-27 20:52:05,670 [INFO]    预计总时间: 94.8 分钟
2025-11-27 20:52:05,670 [INFO] 
================================================================================
2025-11-27 20:52:05,670 [INFO] 处理第 647/693 批 (段落 3231-3235)
2025-11-27 20:52:05,670 [INFO] ================================================================================
2025-11-27 20:52:05,670 [INFO] 📄 本批段落数: 5
2025-11-27 20:52:05,670 [INFO] 📄 合并文本长度: 156 字符
2025-11-27 20:52:05,670 [INFO] 📄 完整文本:
别合作的病人。我回答说：当我不再试图诊断、分析人，而是把我的内

心世界与他们的内心世界连结时，人们通常都会给予积极的回应。

后来，一位工作人员请求我再进行一轮相似的交流，让心理学家和

治疗师参与其中。于是，台上的几位病人与观众席的志愿者交换了位

置。与工作人员一起工作时，我艰难地试图向其中一位心理学家澄
2025-11-27 20:52:05,670 [INFO] --------------------------------------------------------------------------------
2025-11-27 20:52:09,001 [INFO] ✅ 实体抽取成功: 共 1 个实体
2025-11-27 20:52:09,001 [INFO]    完整结果:
{"人物": [], "概念": [], "方法": [], "理论": [], "组织": [], "书籍": [], "情绪": [], "行为": ["交流"]}
2025-11-27 20:52:12,142 [INFO] ✅ 关系抽取成功: 共 0 个关系
2025-11-27 20:52:12,142 [INFO]    完整结果:
{"提出": [], "包含": [], "应用": [], "来源": [], "解释": [], "相关": [], "导致": [], "影响": []}
2025-11-27 20:52:12,142 [INFO] 
📊 进度统计:
2025-11-27 20:52:12,143 [INFO]    已处理批次: 647/693 (93.4%)
2025-11-27 20:52:12,143 [INFO]    已处理段落: 3235/3465
2025-11-27 20:52:12,143 [INFO]    成功: 646, 失败: 1
2025-11-27 20:52:12,143 [INFO]    已用时: 88.5 分钟
2025-11-27 20:52:12,143 [INFO]    预计剩余: 6.3 分钟
2025-11-27 20:52:12,143 [INFO]    预计总时间: 94.7 分钟
2025-11-27 20:52:12,143 [INFO] 
================================================================================
2025-11-27 20:52:12,143 [INFO] 处理第 648/693 批 (段落 3236-3240)
2025-11-27 20:52:12,143 [INFO] ================================================================================
2025-11-27 20:52:12,143 [INFO] 📄 本批段落数: 5
2025-11-27 20:52:12,143 [INFO] 📄 合并文本长度: 164 字符
2025-11-27 20:52:12,143 [INFO] 📄 完整文本:
清，“头脑的理解”与“非暴力沟通的同理”有何不同。每当组里有人表达

感受，他便会从心理学的角度阐述自己的分析，而不是同理那些感受。

当他第3次做出这样的表达时，一位观众席上的病人大声喊道：“你看不

到自己又在分析了吗？你在解释她说的话，而不是在同理她的感受！”

用非暴力沟通的方法和意识来辅导他人时，我们和对方创造的是真
2025-11-27 20:52:12,143 [INFO] --------------------------------------------------------------------------------
2025-11-27 20:52:18,179 [INFO] ✅ 实体抽取成功: 共 6 个实体
2025-11-27 20:52:18,180 [INFO]    完整结果:
{"人物": [], "概念": ["头脑的理解", "非暴力沟通", "同理", "感受", "心理学"], "方法": ["非暴力沟通的方法"], "理论": [], "组织": [], "书籍": [], "情绪": [], "行为": []}
2025-11-27 20:52:23,281 [INFO] ✅ 关系抽取成功: 共 1 个关系
2025-11-27 20:52:23,281 [INFO]    完整结果:
{"提出": [], "包含": [], "应用": [{"subject": "非暴力沟通", "object": "辅导"}], "来源": [], "解释": [], "相关": [], "导致": [], "影响": []}
2025-11-27 20:52:23,281 [INFO] 
📊 进度统计:
2025-11-27 20:52:23,281 [INFO]    已处理批次: 648/693 (93.5%)
2025-11-27 20:52:23,281 [INFO]    已处理段落: 3240/3465
2025-11-27 20:52:23,281 [INFO]    成功: 647, 失败: 1
2025-11-27 20:52:23,281 [INFO]    已用时: 88.6 分钟
2025-11-27 20:52:23,281 [INFO]    预计剩余: 6.2 分钟
2025-11-27 20:52:23,281 [INFO]    预计总时间: 94.8 分钟
2025-11-27 20:52:23,281 [INFO] 
================================================================================
2025-11-27 20:52:23,281 [INFO] 处理第 649/693 批 (段落 3241-3245)
2025-11-27 20:52:23,281 [INFO] ================================================================================
2025-11-27 20:52:23,282 [INFO] 📄 本批段落数: 5
2025-11-27 20:52:23,282 [INFO] 📄 合并文本长度: 153 字符
2025-11-27 20:52:23,282 [INFO] 📄 完整文本:
诚、坦率和双向的关系，而不是和对方保持情感上的距离，也不是在诊

断对方，或是摆出一副高高在上的专业辅导者姿态。

非暴力沟通可以帮助我们将内心的负面信息转化成感受和需要，从

而改善和自己的沟通。如果有能力做到同理自身的感受和需要，我们就

可以转化抑郁情绪。非暴力沟通教导我们如何专注在自己及他人心底真
2025-11-27 20:52:23,282 [INFO] --------------------------------------------------------------------------------
2025-11-27 20:52:27,351 [INFO] ✅ 实体抽取成功: 共 3 个实体
2025-11-27 20:52:27,351 [INFO]    完整结果:
{"人物": [], "概念": ["负面信息"], "方法": ["非暴力沟通"], "理论": [], "组织": [], "书籍": [], "情绪": ["抑郁情绪"], "行为": []}
2025-11-27 20:52:32,309 [INFO] ✅ 关系抽取成功: 共 1 个关系
2025-11-27 20:52:32,310 [INFO]    完整结果:
{"提出": [], "包含": [], "应用": [{"subject": "非暴力沟通", "object": "改善和自己的沟通"}], "来源": [], "解释": [], "相关": [], "导致": [], "影响": []}
2025-11-27 20:52:32,310 [INFO] 
📊 进度统计:
2025-11-27 20:52:32,310 [INFO]    已处理批次: 649/693 (93.7%)
2025-11-27 20:52:32,310 [INFO]    已处理段落: 3245/3465
2025-11-27 20:52:32,310 [INFO]    成功: 648, 失败: 1
2025-11-27 20:52:32,310 [INFO]    已用时: 88.8 分钟
2025-11-27 20:52:32,310 [INFO]    预计剩余: 6.0 分钟
2025-11-27 20:52:32,310 [INFO]    预计总时间: 94.8 分钟
2025-11-27 20:52:32,310 [INFO] 
================================================================================
2025-11-27 20:52:32,310 [INFO] 处理第 650/693 批 (段落 3246-3250)
2025-11-27 20:52:32,310 [INFO] ================================================================================
2025-11-27 20:52:32,310 [INFO] 📄 本批段落数: 5
2025-11-27 20:52:32,310 [INFO] 📄 合并文本长度: 161 字符
2025-11-27 20:52:32,310 [INFO] 📄 完整文本:
正的渴望上，摆脱在自己或他人身上纠错的习惯，从而创造更加和平的

心境。心理辅导与治疗的专业人士也可以用非暴力沟通与来访者建立真

有一次，我结束了非暴力沟通的集训回到家，发现两年没见的朋友

艾瑞斯正在等我。25年来，她一直在一所小学担任图书管理员。6年

前，我们在科罗拉多一个为期两周的荒野探寻活动中相识，这是一个极
2025-11-27 20:52:32,310 [INFO] --------------------------------------------------------------------------------
2025-11-27 20:52:37,414 [INFO] ✅ 实体抽取成功: 共 4 个实体
2025-11-27 20:52:37,414 [INFO]    完整结果:
{"人物": ["艾瑞斯"], "概念": [], "方法": ["心理辅导", "治疗", "非暴力沟通"], "理论": [], "组织": [], "书籍": [], "情绪": [], "行为": []}
2025-11-27 20:52:42,917 [INFO] ✅ 关系抽取成功: 共 1 个关系
2025-11-27 20:52:42,917 [INFO]    完整结果:
{"提出": [], "包含": [], "应用": [{"subject": "非暴力沟通", "object": "心理辅导与治疗"}], "来源": [], "解释": [], "相关": [], "导致": [], "影响": []}
2025-11-27 20:52:42,917 [INFO] 
📊 进度统计:
2025-11-27 20:52:42,917 [INFO]    已处理批次: 650/693 (93.8%)
2025-11-27 20:52:42,917 [INFO]    已处理段落: 3250/3465
2025-11-27 20:52:42,917 [INFO]    成功: 649, 失败: 1
2025-11-27 20:52:42,917 [INFO]    已用时: 89.0 分钟
2025-11-27 20:52:42,917 [INFO]    预计剩余: 5.9 分钟
2025-11-27 20:52:42,917 [INFO]    预计总时间: 94.9 分钟
2025-11-27 20:52:42,918 [INFO] 💾 中间结果已保存: /root/projects/cwy/DeepKE/cwy/src/full_book_results/checkpoint_20251127_192319_batch650.pkl
2025-11-27 20:52:42,918 [INFO] 
================================================================================
2025-11-27 20:52:42,918 [INFO] 处理第 651/693 批 (段落 3251-3255)
2025-11-27 20:52:42,918 [INFO] ================================================================================
2025-11-27 20:52:42,918 [INFO] 📄 本批段落数: 5
2025-11-27 20:52:42,918 [INFO] 📄 合并文本长度: 163 字符
2025-11-27 20:52:42,918 [INFO] 📄 完整文本:
富挑战性的训练营，其中最后一个环节是在落基山独自断食3天。一见

面，我就迫不及待地和她分享非暴力沟通课程的情况。这时，艾瑞斯告

诉我，虽然已经过了6年，但只要一想起那次活动的野外领队对她说的

话，她还是会感到愤愤不平。我知道她说的是莉芙，一位令人印象深刻

的豪放女子。我记得她的手掌布满了被麻绳割开的痕迹；攀岩时，她稳
2025-11-27 20:52:42,918 [INFO] --------------------------------------------------------------------------------
2025-11-27 20:52:48,411 [INFO] ✅ 实体抽取成功: 共 4 个实体
2025-11-27 20:52:48,411 [INFO]    完整结果:
{"人物": ["艾瑞斯", "莉芙"], "概念": [], "方法": ["非暴力沟通"], "理论": [], "组织": [], "书籍": [], "情绪": [], "行为": ["断食"]}
2025-11-27 20:52:51,852 [INFO] ✅ 关系抽取成功: 共 0 个关系
2025-11-27 20:52:51,852 [INFO]    完整结果:
{"提出": [], "包含": [], "应用": [], "来源": [], "解释": [], "相关": [], "导致": [], "影响": []}
2025-11-27 20:52:51,852 [INFO] 
📊 进度统计:
2025-11-27 20:52:51,852 [INFO]    已处理批次: 651/693 (93.9%)
2025-11-27 20:52:51,852 [INFO]    已处理段落: 3255/3465
2025-11-27 20:52:51,852 [INFO]    成功: 650, 失败: 1
2025-11-27 20:52:51,852 [INFO]    已用时: 89.1 分钟
2025-11-27 20:52:51,852 [INFO]    预计剩余: 5.7 分钟
2025-11-27 20:52:51,852 [INFO]    预计总时间: 94.9 分钟
2025-11-27 20:52:51,853 [INFO] 
================================================================================
2025-11-27 20:52:51,853 [INFO] 处理第 652/693 批 (段落 3256-3260)
2025-11-27 20:52:51,853 [INFO] ================================================================================
2025-11-27 20:52:51,853 [INFO] 📄 本批段落数: 5
2025-11-27 20:52:51,853 [INFO] 📄 合并文本长度: 151 字符
2025-11-27 20:52:51,853 [INFO] 📄 完整文本:
稳地将自己悬挂在悬崖上；她能辨识动物的粪便，会在黑暗中长嚎；开

心时，她会舞蹈，不快时，她会直率地说出心里话。最后一天，我们在

巴士上向她挥手告别时，她甚至朝着我们撅起了屁股。

而让艾瑞斯耿耿于怀的是莉芙在一次个人反馈环节中对她说的话：

“艾瑞斯，我真受不了像你这样的人，不管什么时候、在什么地
2025-11-27 20:52:51,853 [INFO] --------------------------------------------------------------------------------
2025-11-27 20:52:57,309 [INFO] ✅ 实体抽取成功: 共 3 个实体
2025-11-27 20:52:57,309 [INFO]    完整结果:
{"人物": ["艾瑞斯", "莉芙"], "概念": [], "方法": [], "理论": [], "组织": [], "书籍": [], "情绪": [], "行为": ["直率地说出心里话"]}
2025-11-27 20:53:00,743 [INFO] ✅ 关系抽取成功: 共 0 个关系
2025-11-27 20:53:00,743 [INFO]    完整结果:
{"提出": [], "包含": [], "应用": [], "来源": [], "解释": [], "相关": [], "导致": [], "影响": []}
2025-11-27 20:53:00,743 [INFO] 
📊 进度统计:
2025-11-27 20:53:00,743 [INFO]    已处理批次: 652/693 (94.1%)
2025-11-27 20:53:00,743 [INFO]    已处理段落: 3260/3465
2025-11-27 20:53:00,744 [INFO]    成功: 651, 失败: 1
2025-11-27 20:53:00,744 [INFO]    已用时: 89.3 分钟
2025-11-27 20:53:00,744 [INFO]    预计剩余: 5.6 分钟
2025-11-27 20:53:00,744 [INFO]    预计总时间: 94.9 分钟
2025-11-27 20:53:00,744 [INFO] 
================================================================================
2025-11-27 20:53:00,744 [INFO] 处理第 653/693 批 (段落 3261-3265)
2025-11-27 20:53:00,744 [INFO] ================================================================================
2025-11-27 20:53:00,744 [INFO] 📄 本批段落数: 5
2025-11-27 20:53:00,744 [INFO] 📄 合并文本长度: 152 字符
2025-11-27 20:53:00,744 [INFO] 📄 完整文本:
方，你都甜得腻死人，总是一副温顺的小图书管理员样儿。你为什么不

6年来，艾瑞斯时不时地想起莉芙这些话，并在心里不断驳斥她。

于是，我们决定看看如何用非暴力沟通处理这个情形。

于是，我首先扮演莉芙的角色，对艾瑞斯再次说了当年的那些话。

艾瑞斯：（暂不考虑非暴力沟通，认为莉芙在批评和羞辱她）你没有权
2025-11-27 20:53:00,744 [INFO] --------------------------------------------------------------------------------
2025-11-27 20:53:06,008 [INFO] ✅ 实体抽取成功: 共 4 个实体
2025-11-27 20:53:06,008 [INFO]    完整结果:
{"人物": ["方", "艾瑞斯", "莉芙"], "概念": [], "方法": ["非暴力沟通"], "理论": [], "组织": [], "书籍": [], "情绪": [], "行为": []}
2025-11-27 20:53:09,267 [INFO] ✅ 关系抽取成功: 共 0 个关系
2025-11-27 20:53:09,267 [INFO]    完整结果:
{"提出": [], "包含": [], "应用": [], "来源": [], "解释": [], "相关": [], "导致": [], "影响": []}
2025-11-27 20:53:09,267 [INFO] 
📊 进度统计:
2025-11-27 20:53:09,267 [INFO]    已处理批次: 653/693 (94.2%)
2025-11-27 20:53:09,267 [INFO]    已处理段落: 3265/3465
2025-11-27 20:53:09,267 [INFO]    成功: 652, 失败: 1
2025-11-27 20:53:09,267 [INFO]    已用时: 89.4 分钟
2025-11-27 20:53:09,267 [INFO]    预计剩余: 5.5 分钟
2025-11-27 20:53:09,267 [INFO]    预计总时间: 94.9 分钟
2025-11-27 20:53:09,267 [INFO] 
================================================================================
2025-11-27 20:53:09,267 [INFO] 处理第 654/693 批 (段落 3266-3270)
2025-11-27 20:53:09,267 [INFO] ================================================================================
2025-11-27 20:53:09,268 [INFO] 📄 本批段落数: 5
2025-11-27 20:53:09,268 [INFO] 📄 合并文本长度: 160 字符
2025-11-27 20:53:09,268 [INFO] 📄 完整文本:
利这样对我说话。你根本不了解我，你也不知道我是什么样的图书管理

员！我很认真地对待我的工作，并且我认为自己是一名教育工作者，和

我：（扮演莉芙的角色，带着非暴力沟通的意识，同理艾瑞斯）

听起来你很生气，因为你希望我在评价你之前了解你真正的样子，是这

艾瑞斯：没错！你根本不知道我鼓起多大的勇气才报名参加了这场野外
2025-11-27 20:53:09,268 [INFO] --------------------------------------------------------------------------------
2025-11-27 20:53:14,376 [INFO] ✅ 实体抽取成功: 共 5 个实体
2025-11-27 20:53:14,376 [INFO]    完整结果:
{"人物": ["利", "莉芙", "艾瑞斯"], "概念": [], "方法": ["非暴力沟通"], "理论": [], "组织": [], "书籍": [], "情绪": ["生气"], "行为": []}
2025-11-27 20:53:17,501 [INFO] ✅ 关系抽取成功: 共 0 个关系
2025-11-27 20:53:17,501 [INFO]    完整结果:
{"提出": [], "包含": [], "应用": [], "来源": [], "解释": [], "相关": [], "导致": [], "影响": []}
2025-11-27 20:53:17,501 [INFO] 
📊 进度统计:
2025-11-27 20:53:17,501 [INFO]    已处理批次: 654/693 (94.4%)
2025-11-27 20:53:17,501 [INFO]    已处理段落: 3270/3465
2025-11-27 20:53:17,501 [INFO]    成功: 653, 失败: 1
2025-11-27 20:53:17,501 [INFO]    已用时: 89.5 分钟
2025-11-27 20:53:17,501 [INFO]    预计剩余: 5.3 分钟
2025-11-27 20:53:17,501 [INFO]    预计总时间: 94.9 分钟
2025-11-27 20:53:17,501 [INFO] 
================================================================================
2025-11-27 20:53:17,501 [INFO] 处理第 655/693 批 (段落 3271-3275)
2025-11-27 20:53:17,501 [INFO] ================================================================================
2025-11-27 20:53:17,501 [INFO] 📄 本批段落数: 5
2025-11-27 20:53:17,501 [INFO] 📄 合并文本长度: 159 字符
2025-11-27 20:53:17,501 [INFO] 📄 完整文本:
活动……你看！我不是完成了吗？这14天里，我接受了所有的挑战，并

我：（继续扮演莉芙）你是不是觉得很委屈，希望你的勇气和努

经过一番对话后，艾瑞斯有了一些转变。如果一个人感觉被充分聆

听了，我们能从他（她）身上观察到相应的变化。比如，他（她）可能

会放松下来并且深呼一口气。这样的举动往往意味着这个人获得了足够
2025-11-27 20:53:17,501 [INFO] --------------------------------------------------------------------------------
2025-11-27 20:53:22,498 [INFO] ✅ 实体抽取成功: 共 4 个实体
2025-11-27 20:53:22,498 [INFO]    完整结果:
{"人物": ["莉芙", "艾瑞斯"], "概念": [], "方法": [], "理论": [], "组织": [], "书籍": [], "情绪": [], "行为": ["放松下来", "深呼一口气"]}
2025-11-27 20:53:25,630 [INFO] ✅ 关系抽取成功: 共 0 个关系
2025-11-27 20:53:25,630 [INFO]    完整结果:
{"提出": [], "包含": [], "应用": [], "来源": [], "解释": [], "相关": [], "导致": [], "影响": []}
2025-11-27 20:53:25,631 [INFO] 
📊 进度统计:
2025-11-27 20:53:25,631 [INFO]    已处理批次: 655/693 (94.5%)
2025-11-27 20:53:25,631 [INFO]    已处理段落: 3275/3465
2025-11-27 20:53:25,631 [INFO]    成功: 654, 失败: 1
2025-11-27 20:53:25,631 [INFO]    已用时: 89.7 分钟
2025-11-27 20:53:25,631 [INFO]    预计剩余: 5.2 分钟
2025-11-27 20:53:25,631 [INFO]    预计总时间: 94.9 分钟
2025-11-27 20:53:25,631 [INFO] 
================================================================================
2025-11-27 20:53:25,631 [INFO] 处理第 656/693 批 (段落 3276-3280)
2025-11-27 20:53:25,631 [INFO] ================================================================================
2025-11-27 20:53:25,631 [INFO] 📄 本批段落数: 5
2025-11-27 20:53:25,631 [INFO] 📄 合并文本长度: 153 字符
2025-11-27 20:53:25,631 [INFO] 📄 完整文本:
的同理，因而，内心释放了更多的空间去关注其他的事情；或许，这个

人甚至能够开始聆听别人的感受和需要。但有时，若有其他痛苦浮现出

来，他们便需要继续被同理。我注意到，艾瑞斯还流露出有心事的样

子，需要多一些聆听。毕竟，6年来她都一直为自己当时没能反驳莉芙

艾瑞斯：该死的！6年前，我就该和她说这番话！
2025-11-27 20:53:25,631 [INFO] --------------------------------------------------------------------------------
2025-11-27 20:53:30,118 [INFO] ✅ 实体抽取成功: 共 3 个实体
2025-11-27 20:53:30,118 [INFO]    完整结果:
{"人物": ["艾瑞斯", "莉芙"], "概念": [], "方法": [], "理论": [], "组织": [], "书籍": [], "情绪": [], "行为": ["聆听"]}
2025-11-27 20:53:33,314 [INFO] ✅ 关系抽取成功: 共 0 个关系
2025-11-27 20:53:33,314 [INFO]    完整结果:
{"提出": [], "包含": [], "应用": [], "来源": [], "解释": [], "相关": [], "导致": [], "影响": []}
2025-11-27 20:53:33,314 [INFO] 
📊 进度统计:
2025-11-27 20:53:33,314 [INFO]    已处理批次: 656/693 (94.7%)
2025-11-27 20:53:33,314 [INFO]    已处理段落: 3280/3465
2025-11-27 20:53:33,314 [INFO]    成功: 655, 失败: 1
2025-11-27 20:53:33,314 [INFO]    已用时: 89.8 分钟
2025-11-27 20:53:33,314 [INFO]    预计剩余: 5.1 分钟
2025-11-27 20:53:33,314 [INFO]    预计总时间: 94.9 分钟
2025-11-27 20:53:33,314 [INFO] 
================================================================================
2025-11-27 20:53:33,314 [INFO] 处理第 657/693 批 (段落 3281-3285)
2025-11-27 20:53:33,314 [INFO] ================================================================================
2025-11-27 20:53:33,314 [INFO] 📄 本批段落数: 5
2025-11-27 20:53:33,314 [INFO] 📄 合并文本长度: 143 字符
2025-11-27 20:53:33,314 [INFO] 📄 完整文本:
我：（我作为我自己，一个充满同理心的友人）你是不是觉得很

挫败，因为你希望当初能够说得清楚一些，是吗？

艾瑞斯：我觉得自己就是一个白痴！我知道自己不是那种“温顺的小图

艾瑞斯：是的。我对自己很生气！真希望我当时没有任她摆布。

艾瑞斯：正是！我要记住这一点，我有权为自己挺身而出。
2025-11-27 20:53:33,314 [INFO] --------------------------------------------------------------------------------
2025-11-27 20:53:37,422 [INFO] ✅ 实体抽取成功: 共 3 个实体
2025-11-27 20:53:37,422 [INFO]    完整结果:
{"人物": ["艾瑞斯"], "概念": [], "方法": [], "理论": [], "组织": [], "书籍": [], "情绪": ["挫败", "生气"], "行为": []}
2025-11-27 20:53:40,582 [INFO] ✅ 关系抽取成功: 共 0 个关系
2025-11-27 20:53:40,582 [INFO]    完整结果:
{"提出": [], "包含": [], "应用": [], "来源": [], "解释": [], "相关": [], "导致": [], "影响": []}
2025-11-27 20:53:40,582 [INFO] 
📊 进度统计:
2025-11-27 20:53:40,582 [INFO]    已处理批次: 657/693 (94.8%)
2025-11-27 20:53:40,582 [INFO]    已处理段落: 3285/3465
2025-11-27 20:53:40,582 [INFO]    成功: 656, 失败: 1
2025-11-27 20:53:40,582 [INFO]    已用时: 89.9 分钟
2025-11-27 20:53:40,582 [INFO]    预计剩余: 4.9 分钟
2025-11-27 20:53:40,582 [INFO]    预计总时间: 94.9 分钟
2025-11-27 20:53:40,583 [INFO] 
================================================================================
2025-11-27 20:53:40,583 [INFO] 处理第 658/693 批 (段落 3286-3290)
2025-11-27 20:53:40,583 [INFO] ================================================================================
2025-11-27 20:53:40,583 [INFO] 📄 本批段落数: 5
2025-11-27 20:53:40,583 [INFO] 📄 合并文本长度: 148 字符
2025-11-27 20:53:40,583 [INFO] 📄 完整文本:
艾瑞斯沉默了片刻后表示，她准备好了，愿意用非暴力沟通的方式

我：（扮演莉芙）艾瑞斯，我真受不了像你这样的人。不管什么

时候、在什么地方，你都甜得腻死人，总是一副温顺的小图书管理员样

儿。你为什么不能丢下这些包袱，直率一些呢？

艾瑞斯：（试着聆听莉芙的感受、需要和请求）哦，莉芙，听起来，你
2025-11-27 20:53:40,583 [INFO] --------------------------------------------------------------------------------
2025-11-27 20:53:45,411 [INFO] ✅ 实体抽取成功: 共 3 个实体
2025-11-27 20:53:45,412 [INFO]    完整结果:
{"人物": ["艾瑞斯", "莉芙"], "概念": [], "方法": ["非暴力沟通"], "理论": [], "组织": [], "书籍": [], "情绪": [], "行为": []}
2025-11-27 20:53:48,635 [INFO] ✅ 关系抽取成功: 共 0 个关系
2025-11-27 20:53:48,635 [INFO]    完整结果:
{"提出": [], "包含": [], "应用": [], "来源": [], "解释": [], "相关": [], "导致": [], "影响": []}
2025-11-27 20:53:48,635 [INFO] 
📊 进度统计:
2025-11-27 20:53:48,635 [INFO]    已处理批次: 658/693 (94.9%)
2025-11-27 20:53:48,635 [INFO]    已处理段落: 3290/3465
2025-11-27 20:53:48,635 [INFO]    成功: 657, 失败: 1
2025-11-27 20:53:48,635 [INFO]    已用时: 90.1 分钟
2025-11-27 20:53:48,635 [INFO]    预计剩余: 4.8 分钟
2025-11-27 20:53:48,635 [INFO]    预计总时间: 94.9 分钟
2025-11-27 20:53:48,635 [INFO] 
================================================================================
2025-11-27 20:53:48,635 [INFO] 处理第 659/693 批 (段落 3291-3295)
2025-11-27 20:53:48,635 [INFO] ================================================================================
2025-11-27 20:53:48,635 [INFO] 📄 本批段落数: 5
2025-11-27 20:53:48,635 [INFO] 📄 合并文本长度: 151 字符
2025-11-27 20:53:48,635 [INFO] 📄 完整文本:
好像有些恼火，你很恼火因为我……因为我……

艾瑞斯意识到自己犯了一个常见错误。当用到“因为我”时，她将

莉芙的感受归咎到了自己身上，而不是去体会莉芙的感受源于莉芙自己

的需要。也就是说，莉芙感到恼火不是因为艾瑞斯做了什么，而是因为

艾瑞斯：（再次尝试）好，莉芙，听起来你非常恼火，因为你希望……
2025-11-27 20:53:48,635 [INFO] --------------------------------------------------------------------------------
2025-11-27 20:53:53,097 [INFO] ✅ 实体抽取成功: 共 3 个实体
2025-11-27 20:53:53,097 [INFO]    完整结果:
{"人物": ["艾瑞斯", "莉芙"], "概念": [], "方法": [], "理论": [], "组织": [], "书籍": [], "情绪": ["恼火"], "行为": []}
2025-11-27 20:53:56,220 [INFO] ✅ 关系抽取成功: 共 0 个关系
2025-11-27 20:53:56,221 [INFO]    完整结果:
{"提出": [], "包含": [], "应用": [], "来源": [], "解释": [], "相关": [], "导致": [], "影响": []}
2025-11-27 20:53:56,221 [INFO] 
📊 进度统计:
2025-11-27 20:53:56,221 [INFO]    已处理批次: 659/693 (95.1%)
2025-11-27 20:53:56,221 [INFO]    已处理段落: 3295/3465
2025-11-27 20:53:56,221 [INFO]    成功: 658, 失败: 1
2025-11-27 20:53:56,221 [INFO]    已用时: 90.2 分钟
2025-11-27 20:53:56,221 [INFO]    预计剩余: 4.7 分钟
2025-11-27 20:53:56,221 [INFO]    预计总时间: 94.8 分钟
2025-11-27 20:53:56,221 [INFO] 
================================================================================
2025-11-27 20:53:56,221 [INFO] 处理第 660/693 批 (段落 3296-3300)
2025-11-27 20:53:56,221 [INFO] ================================================================================
2025-11-27 20:53:56,221 [INFO] 📄 本批段落数: 5
2025-11-27 20:53:56,221 [INFO] 📄 合并文本长度: 155 字符
2025-11-27 20:53:56,221 [INFO] 📄 完整文本:
当我在角色扮演过程中认真体会莉芙时，我突然意识到莉芙的渴望

我：（作为莉芙）和你连结！……这是我想要的！艾瑞斯，我想

和你有更多的连结！但你总是表现得那么乖巧可人，我不知道要如何与

你连结。所以我想要把你的这个面具扯下来，让我能真正触碰到你的

当我说出这番话后，我们两人都愣了一下，接着艾瑞斯说：“如果
2025-11-27 20:53:56,221 [INFO] --------------------------------------------------------------------------------
2025-11-27 20:54:00,875 [INFO] ✅ 实体抽取成功: 共 3 个实体
2025-11-27 20:54:00,875 [INFO]    完整结果:
{"人物": ["莉芙", "艾瑞斯"], "概念": [], "方法": [], "理论": [], "组织": [], "书籍": [], "情绪": [], "行为": ["角色扮演"]}
2025-11-27 20:54:04,084 [INFO] ✅ 关系抽取成功: 共 0 个关系
2025-11-27 20:54:04,084 [INFO]    完整结果:
{"提出": [], "包含": [], "应用": [], "来源": [], "解释": [], "相关": [], "导致": [], "影响": []}
2025-11-27 20:54:04,084 [INFO] 
📊 进度统计:
2025-11-27 20:54:04,084 [INFO]    已处理批次: 660/693 (95.2%)
2025-11-27 20:54:04,084 [INFO]    已处理段落: 3300/3465
2025-11-27 20:54:04,084 [INFO]    成功: 659, 失败: 1
2025-11-27 20:54:04,084 [INFO]    已用时: 90.3 分钟
2025-11-27 20:54:04,084 [INFO]    预计剩余: 4.5 分钟
2025-11-27 20:54:04,084 [INFO]    预计总时间: 94.8 分钟
2025-11-27 20:54:04,084 [INFO] 
================================================================================
2025-11-27 20:54:04,084 [INFO] 处理第 661/693 批 (段落 3301-3305)
2025-11-27 20:54:04,084 [INFO] ================================================================================
2025-11-27 20:54:04,084 [INFO] 📄 本批段落数: 5
2025-11-27 20:54:04,084 [INFO] 📄 合并文本长度: 159 字符
2025-11-27 20:54:04,084 [INFO] 📄 完整文本:
当时我能知道她渴望的是这个，如果她能告诉我她想和我建立真正的连

结……天啊，这些话听起来是如此充满爱意。”虽然艾瑞斯并未找到莉

芙来证实这番猜测，但经过这次非暴力沟通的对话练习，艾瑞斯终于打

开了心结。之后，当身边的人再对她说一些从前可能会被她当成“贬

低”的话时，她也能够带着更多觉察来聆听对方真正的渴望了。
2025-11-27 20:54:04,084 [INFO] --------------------------------------------------------------------------------
2025-11-27 20:54:09,503 [INFO] ✅ 实体抽取成功: 共 4 个实体
2025-11-27 20:54:09,504 [INFO]    完整结果:
{"人物": ["艾瑞斯", "莉\n芙"], "概念": [], "方法": ["非暴力沟通"], "理论": [], "组织": [], "书籍": [], "情绪": [], "行为": ["对话练习"]}
2025-11-27 20:54:12,688 [INFO] ✅ 关系抽取成功: 共 0 个关系
2025-11-27 20:54:12,688 [INFO]    完整结果:
{"提出": [], "包含": [], "应用": [], "来源": [], "解释": [], "相关": [], "导致": [], "影响": []}
2025-11-27 20:54:12,688 [INFO] 
📊 进度统计:
2025-11-27 20:54:12,688 [INFO]    已处理批次: 661/693 (95.4%)
2025-11-27 20:54:12,688 [INFO]    已处理段落: 3305/3465
2025-11-27 20:54:12,688 [INFO]    成功: 660, 失败: 1
2025-11-27 20:54:12,688 [INFO]    已用时: 90.5 分钟
2025-11-27 20:54:12,688 [INFO]    预计剩余: 4.4 分钟
2025-11-27 20:54:12,688 [INFO]    预计总时间: 94.8 分钟
2025-11-27 20:54:12,689 [INFO] 
================================================================================
2025-11-27 20:54:12,689 [INFO] 处理第 662/693 批 (段落 3306-3310)
2025-11-27 20:54:12,689 [INFO] ================================================================================
2025-11-27 20:54:12,689 [INFO] 📄 本批段落数: 5
2025-11-27 20:54:12,689 [INFO] 📄 合并文本长度: 137 字符
2025-11-27 20:54:12,689 [INFO] 📄 完整文本:
“你愈懂得感谢，就愈不会为仇恨、压抑与绝望所苦。感恩是灵丹妙

药，能消融小我占有和掌控的硬壳，让你成为一个胸怀坦荡的人。感恩

之心是真正的灵性炼金术，让我们成为宽厚仁慈的灵魂。”

——桑姆·基恩 (Sam Keen)，哲人

“你昨天晚上开车送我回家，真是太暖心了。”
2025-11-27 20:54:12,689 [INFO] --------------------------------------------------------------------------------
2025-11-27 20:54:17,285 [INFO] ✅ 实体抽取成功: 共 3 个实体
2025-11-27 20:54:17,285 [INFO]    完整结果:
{"人物": ["桑姆·基恩", "Sam Keen"], "概念": [], "方法": [], "理论": [], "组织": [], "书籍": [], "情绪": ["感恩"], "行为": []}
2025-11-27 20:54:20,422 [INFO] ✅ 关系抽取成功: 共 0 个关系
2025-11-27 20:54:20,422 [INFO]    完整结果:
{"提出": [], "包含": [], "应用": [], "来源": [], "解释": [], "相关": [], "导致": [], "影响": []}
2025-11-27 20:54:20,422 [INFO] 
📊 进度统计:
2025-11-27 20:54:20,422 [INFO]    已处理批次: 662/693 (95.5%)
2025-11-27 20:54:20,422 [INFO]    已处理段落: 3310/3465
2025-11-27 20:54:20,422 [INFO]    成功: 661, 失败: 1
2025-11-27 20:54:20,422 [INFO]    已用时: 90.6 分钟
2025-11-27 20:54:20,422 [INFO]    预计剩余: 4.2 分钟
2025-11-27 20:54:20,422 [INFO]    预计总时间: 94.8 分钟
2025-11-27 20:54:20,422 [INFO] 
================================================================================
2025-11-27 20:54:20,422 [INFO] 处理第 663/693 批 (段落 3311-3315)
2025-11-27 20:54:20,422 [INFO] ================================================================================
2025-11-27 20:54:20,422 [INFO] 📄 本批段落数: 5
2025-11-27 20:54:20,422 [INFO] 📄 合并文本长度: 159 字符
2025-11-27 20:54:20,422 [INFO] 📄 完整文本:
在我看来，以上这些我们常常用来表达赞赏和感激的话却是一种疏

离生命的沟通方式。你也许会感到惊讶，我竟然将夸奖与恭维视为疏离

生命的沟通！请注意，说话人以这样的形式表达赞赏时，并未传递其内

心，而是以裁判者自居。也就是说，我将所有评判——无论是正向的还

在为企业开展培训时，我经常遇到管理者捍卫表扬与赞美的语言，
2025-11-27 20:54:20,422 [INFO] --------------------------------------------------------------------------------
2025-11-27 20:54:25,230 [INFO] ✅ 实体抽取成功: 共 4 个实体
2025-11-27 20:54:25,230 [INFO]    完整结果:
{"人物": [], "概念": [], "方法": [], "理论": [], "组织": [], "书籍": [], "情绪": [], "行为": ["赞赏", "感激", "夸奖", "恭维"]}
2025-11-27 20:54:28,386 [INFO] ✅ 关系抽取成功: 共 0 个关系
2025-11-27 20:54:28,386 [INFO]    完整结果:
{"提出": [], "包含": [], "应用": [], "来源": [], "解释": [], "相关": [], "导致": [], "影响": []}
2025-11-27 20:54:28,386 [INFO] 
📊 进度统计:
2025-11-27 20:54:28,386 [INFO]    已处理批次: 663/693 (95.7%)
2025-11-27 20:54:28,386 [INFO]    已处理段落: 3315/3465
2025-11-27 20:54:28,386 [INFO]    成功: 662, 失败: 1
2025-11-27 20:54:28,386 [INFO]    已用时: 90.7 分钟
2025-11-27 20:54:28,386 [INFO]    预计剩余: 4.1 分钟
2025-11-27 20:54:28,386 [INFO]    预计总时间: 94.8 分钟
2025-11-27 20:54:28,386 [INFO] 
================================================================================
2025-11-27 20:54:28,386 [INFO] 处理第 664/693 批 (段落 3316-3320)
2025-11-27 20:54:28,386 [INFO] ================================================================================
2025-11-27 20:54:28,386 [INFO] 📄 本批段落数: 5
2025-11-27 20:54:28,386 [INFO] 📄 合并文本长度: 164 字符
2025-11-27 20:54:28,386 [INFO] 📄 完整文本:
称这样的表达是“管用的”。他们坚持的理由是：“研究表明，如果管理

人员表扬员工，员工会更努力工作；在学校也是一样，受到老师表扬的

学生会更努力学习。”我阅读过这类研究，我认为受到赞美的人虽然会

因此更努力，但效果却并不长久。一旦人们发现表扬是为了控制，他们

的生产力就会下滑。最让我感到不安的是，一旦人们发现隐藏在赞赏背
2025-11-27 20:54:28,386 [INFO] --------------------------------------------------------------------------------
2025-11-27 20:54:31,710 [INFO] ✅ 实体抽取成功: 共 1 个实体
2025-11-27 20:54:31,710 [INFO]    完整结果:
{"人物": [], "概念": [], "方法": [], "理论": [], "组织": [], "书籍": [], "情绪": [], "行为": ["表扬"]}
2025-11-27 20:54:34,847 [INFO] ✅ 关系抽取成功: 共 0 个关系
2025-11-27 20:54:34,847 [INFO]    完整结果:
{"提出": [], "包含": [], "应用": [], "来源": [], "解释": [], "相关": [], "导致": [], "影响": []}
2025-11-27 20:54:34,847 [INFO] 
📊 进度统计:
2025-11-27 20:54:34,847 [INFO]    已处理批次: 664/693 (95.8%)
2025-11-27 20:54:34,847 [INFO]    已处理段落: 3320/3465
2025-11-27 20:54:34,847 [INFO]    成功: 663, 失败: 1
2025-11-27 20:54:34,847 [INFO]    已用时: 90.8 分钟
2025-11-27 20:54:34,847 [INFO]    预计剩余: 4.0 分钟
2025-11-27 20:54:34,847 [INFO]    预计总时间: 94.8 分钟
2025-11-27 20:54:34,847 [INFO] 
================================================================================
2025-11-27 20:54:34,847 [INFO] 处理第 665/693 批 (段落 3321-3325)
2025-11-27 20:54:34,847 [INFO] ================================================================================
2025-11-27 20:54:34,847 [INFO] 📄 本批段落数: 5
2025-11-27 20:54:34,847 [INFO] 📄 合并文本长度: 160 字符
2025-11-27 20:54:34,847 [INFO] 📄 完整文本:
后的意图是为了从他们身上索取回报，人们便不会再看到赞赏的美好所

此外，当我们试图用正向的反馈来影响他人时，并不能确定对方会

有什么反应。记得一则漫画这样描绘：一位北美原住民对同伴说：“看

我怎么把现代心理学用在我的马上！”接着他将朋友带到马匹可以听见

他们说话的地方，大声喊道：“我有一匹全西部跑得最快、最勇敢的
2025-11-27 20:54:34,847 [INFO] --------------------------------------------------------------------------------
2025-11-27 20:54:38,682 [INFO] ✅ 实体抽取成功: 共 2 个实体
2025-11-27 20:54:38,682 [INFO]    完整结果:
{"人物": [], "概念": ["反馈"], "方法": ["现代心理学"], "理论": [], "组织": [], "书籍": [], "情绪": [], "行为": []}
2025-11-27 20:54:43,596 [INFO] ✅ 关系抽取成功: 共 1 个关系
2025-11-27 20:54:43,597 [INFO]    完整结果:
{"提出": [], "包含": [], "应用": [{"subject": "心理学", "object": "马上"}], "来源": [], "解释": [], "相关": [], "导致": [], "影响": []}
2025-11-27 20:54:43,597 [INFO] 
📊 进度统计:
2025-11-27 20:54:43,597 [INFO]    已处理批次: 665/693 (96.0%)
2025-11-27 20:54:43,597 [INFO]    已处理段落: 3325/3465
2025-11-27 20:54:43,597 [INFO]    成功: 664, 失败: 1
2025-11-27 20:54:43,597 [INFO]    已用时: 91.0 分钟
2025-11-27 20:54:43,597 [INFO]    预计剩余: 3.8 分钟
2025-11-27 20:54:43,597 [INFO]    预计总时间: 94.8 分钟
2025-11-27 20:54:43,597 [INFO] 
================================================================================
2025-11-27 20:54:43,597 [INFO] 处理第 666/693 批 (段落 3326-3330)
2025-11-27 20:54:43,597 [INFO] ================================================================================
2025-11-27 20:54:43,597 [INFO] 📄 本批段落数: 5
2025-11-27 20:54:43,597 [INFO] 📄 合并文本长度: 156 字符
2025-11-27 20:54:43,597 [INFO] 📄 完整文本:
马！”这时，只见那匹马露出了悲伤的神情，它自言自语道：“真是的！

当我们用非暴力沟通来表达赞赏和感激时，纯粹是为了庆祝生命，

不为获取任何回报。我们唯一的意图就是去庆祝他人的作为如何使我们

在使用非暴力沟通表达感激时，我们会清楚地包含以下三个要素：

·因为这些需要得到了满足，引起了我们什么样的愉悦感受。
2025-11-27 20:54:43,597 [INFO] --------------------------------------------------------------------------------
2025-11-27 20:54:47,312 [INFO] ✅ 实体抽取成功: 共 2 个实体
2025-11-27 20:54:47,312 [INFO]    完整结果:
{"人物": [], "概念": [], "方法": ["非暴力沟通"], "理论": [], "组织": [], "书籍": [], "情绪": ["悲伤"], "行为": []}
2025-11-27 20:54:54,060 [INFO] ✅ 关系抽取成功: 共 2 个关系
2025-11-27 20:54:54,061 [INFO]    完整结果:
{"提出": [], "包含": [{"subject": "非暴力沟通", "object": "赞赏"}, {"subject": "非暴力沟通", "object": "感激"}], "应用": [], "来源": [], "解释": [], "相关": [], "导致": [], "影响": []}
2025-11-27 20:54:54,061 [INFO] 
📊 进度统计:
2025-11-27 20:54:54,061 [INFO]    已处理批次: 666/693 (96.1%)
2025-11-27 20:54:54,061 [INFO]    已处理段落: 3330/3465
2025-11-27 20:54:54,061 [INFO]    成功: 665, 失败: 1
2025-11-27 20:54:54,061 [INFO]    已用时: 91.2 分钟
2025-11-27 20:54:54,061 [INFO]    预计剩余: 3.7 分钟
2025-11-27 20:54:54,061 [INFO]    预计总时间: 94.8 分钟
2025-11-27 20:54:54,061 [INFO] 
================================================================================
2025-11-27 20:54:54,061 [INFO] 处理第 667/693 批 (段落 3331-3335)
2025-11-27 20:54:54,061 [INFO] ================================================================================
2025-11-27 20:54:54,061 [INFO] 📄 本批段落数: 5
2025-11-27 20:54:54,061 [INFO] 📄 合并文本长度: 155 字符
2025-11-27 20:54:54,061 [INFO] 📄 完整文本:
表达这三个要素时，并不一定要遵照以上的顺序。有时哪怕是一个

微笑或一句简单的“谢谢你”就足以传递这一切。不过，如果我们想要确

保对方能够充分收到我们的心意，用语言完整地表达这三个要素是有意

义的。在下文的对话中，大家可以看到如何用这三个要素来表达“赞

学 员：（在工作坊结束后来找我）马歇尔，你太棒了！
2025-11-27 20:54:54,061 [INFO] --------------------------------------------------------------------------------
2025-11-27 20:54:58,286 [INFO] ✅ 实体抽取成功: 共 3 个实体
2025-11-27 20:54:58,286 [INFO]    完整结果:
{"人物": ["马歇尔"], "概念": [], "方法": [], "理论": [], "组织": [], "书籍": [], "情绪": [], "行为": ["微笑", "谢谢你"]}
2025-11-27 20:55:03,026 [INFO] ✅ 关系抽取成功: 共 1 个关系
2025-11-27 20:55:03,026 [INFO]    完整结果:
{"提出": [], "包含": [], "应用": [{"subject": "这三个要素", "object": "表达"}], "来源": [], "解释": [], "相关": [], "导致": [], "影响": []}
2025-11-27 20:55:03,026 [INFO] 
📊 进度统计:
2025-11-27 20:55:03,026 [INFO]    已处理批次: 667/693 (96.2%)
2025-11-27 20:55:03,026 [INFO]    已处理段落: 3335/3465
2025-11-27 20:55:03,026 [INFO]    成功: 666, 失败: 1
2025-11-27 20:55:03,026 [INFO]    已用时: 91.3 分钟
2025-11-27 20:55:03,026 [INFO]    预计剩余: 3.6 分钟
2025-11-27 20:55:03,026 [INFO]    预计总时间: 94.9 分钟
2025-11-27 20:55:03,026 [INFO] 
================================================================================
2025-11-27 20:55:03,026 [INFO] 处理第 668/693 批 (段落 3336-3340)
2025-11-27 20:55:03,026 [INFO] ================================================================================
2025-11-27 20:55:03,026 [INFO] 📄 本批段落数: 5
2025-11-27 20:55:03,026 [INFO] 📄 合并文本长度: 154 字符
2025-11-27 20:55:03,026 [INFO] 📄 完整文本:
马歇尔：我好像不太理解你为什么要这么称赞我。

马歇尔：人们给过我无数的头衔，但我却完全无法从这些表述中学到什

么。我想从你对我的赞赏中有所学习，并且因此感到喜悦，但我需要你

马歇尔：首先，我想知道我说了什么或者做了什么让你的生命变得更加

马歇尔：恐怕你刚刚又给了我另一个评判。我依然想知道我做了什么让
2025-11-27 20:55:03,026 [INFO] --------------------------------------------------------------------------------
2025-11-27 20:55:06,747 [INFO] ✅ 实体抽取成功: 共 2 个实体
2025-11-27 20:55:06,747 [INFO]    完整结果:
{"人物": ["马歇尔"], "概念": [], "方法": [], "理论": [], "组织": [], "书籍": [], "情绪": ["喜悦"], "行为": []}
2025-11-27 20:55:09,902 [INFO] ✅ 关系抽取成功: 共 0 个关系
2025-11-27 20:55:09,902 [INFO]    完整结果:
{"提出": [], "包含": [], "应用": [], "来源": [], "解释": [], "相关": [], "导致": [], "影响": []}
2025-11-27 20:55:09,903 [INFO] 
📊 进度统计:
2025-11-27 20:55:09,903 [INFO]    已处理批次: 668/693 (96.4%)
2025-11-27 20:55:09,903 [INFO]    已处理段落: 3340/3465
2025-11-27 20:55:09,903 [INFO]    成功: 667, 失败: 1
2025-11-27 20:55:09,903 [INFO]    已用时: 91.4 分钟
2025-11-27 20:55:09,903 [INFO]    预计剩余: 3.4 分钟
2025-11-27 20:55:09,903 [INFO]    预计总时间: 94.8 分钟
2025-11-27 20:55:09,903 [INFO] 
================================================================================
2025-11-27 20:55:09,903 [INFO] 处理第 669/693 批 (段落 3341-3345)
2025-11-27 20:55:09,903 [INFO] ================================================================================
2025-11-27 20:55:09,903 [INFO] 📄 本批段落数: 5
2025-11-27 20:55:09,903 [INFO] 📄 合并文本长度: 147 字符
2025-11-27 20:55:09,903 [INFO] 📄 完整文本:
学 员：（思索了一会儿后，她指着自己在工作坊上写下的笔记）看这

马歇尔：接下来，我想要知道这些话带给你的感受。

马歇尔：那么现在我想知道，我说了这两点满足了你哪些需要。

学 员：我一直无法和我18岁的儿子沟通，一直在努力寻找一种更加情

意相通的方式和他相处，你说的这两点让我找到了方向。
2025-11-27 20:55:09,903 [INFO] --------------------------------------------------------------------------------
2025-11-27 20:55:13,700 [INFO] ✅ 实体抽取成功: 共 2 个实体
2025-11-27 20:55:13,700 [INFO]    完整结果:
{"人物": ["马歇尔"], "概念": [], "方法": [], "理论": [], "组织": [], "书籍": [], "情绪": [], "行为": ["指着"]}
2025-11-27 20:55:16,850 [INFO] ✅ 关系抽取成功: 共 0 个关系
2025-11-27 20:55:16,850 [INFO]    完整结果:
{"提出": [], "包含": [], "应用": [], "来源": [], "解释": [], "相关": [], "导致": [], "影响": []}
2025-11-27 20:55:16,850 [INFO] 
📊 进度统计:
2025-11-27 20:55:16,850 [INFO]    已处理批次: 669/693 (96.5%)
2025-11-27 20:55:16,850 [INFO]    已处理段落: 3345/3465
2025-11-27 20:55:16,850 [INFO]    成功: 668, 失败: 1
2025-11-27 20:55:16,850 [INFO]    已用时: 91.5 分钟
2025-11-27 20:55:16,850 [INFO]    预计剩余: 3.3 分钟
2025-11-27 20:55:16,850 [INFO]    预计总时间: 94.8 分钟
2025-11-27 20:55:16,850 [INFO] 
================================================================================
2025-11-27 20:55:16,850 [INFO] 处理第 670/693 批 (段落 3346-3350)
2025-11-27 20:55:16,850 [INFO] ================================================================================
2025-11-27 20:55:16,850 [INFO] 📄 本批段落数: 5
2025-11-27 20:55:16,850 [INFO] 📄 合并文本长度: 159 字符
2025-11-27 20:55:16,850 [INFO] 📄 完整文本:
听到这三个要素的内容（我做了什么，她有何感受以及满足了她哪

些需要）后，我就能真正和她一起享受这份赞赏。如果一开始就用非暴

力沟通的方式来表达，她可以说：“马歇尔，当你说这两点时（向我展

示她的笔记），我感到充满了希望并且释然，因为我一直在寻找方法和

对于许多人来说，得体地接收别人的赞赏和感激并非易事。我们会
2025-11-27 20:55:16,850 [INFO] --------------------------------------------------------------------------------
2025-11-27 20:55:21,264 [INFO] ✅ 实体抽取成功: 共 4 个实体
2025-11-27 20:55:21,264 [INFO]    完整结果:
{"人物": ["马歇尔"], "概念": [], "方法": [], "理论": [], "组织": [], "书籍": [], "情绪": ["希望"], "行为": ["赞赏", "感激"]}
2025-11-27 20:55:24,438 [INFO] ✅ 关系抽取成功: 共 0 个关系
2025-11-27 20:55:24,438 [INFO]    完整结果:
{"提出": [], "包含": [], "应用": [], "来源": [], "解释": [], "相关": [], "导致": [], "影响": []}
2025-11-27 20:55:24,438 [INFO] 
📊 进度统计:
2025-11-27 20:55:24,438 [INFO]    已处理批次: 670/693 (96.7%)
2025-11-27 20:55:24,438 [INFO]    已处理段落: 3350/3465
2025-11-27 20:55:24,438 [INFO]    成功: 669, 失败: 1
2025-11-27 20:55:24,438 [INFO]    已用时: 91.7 分钟
2025-11-27 20:55:24,438 [INFO]    预计剩余: 3.1 分钟
2025-11-27 20:55:24,438 [INFO]    预计总时间: 94.8 分钟
2025-11-27 20:55:24,438 [INFO] 
================================================================================
2025-11-27 20:55:24,438 [INFO] 处理第 671/693 批 (段落 3351-3355)
2025-11-27 20:55:24,438 [INFO] ================================================================================
2025-11-27 20:55:24,438 [INFO] 📄 本批段落数: 5
2025-11-27 20:55:24,439 [INFO] 📄 合并文本长度: 161 字符
2025-11-27 20:55:24,439 [INFO] 📄 完整文本:
担心自己是否值得他人的感激；也会担心感激背后的期待，特别当我们

的老师或上司用感激作为激励我们的手段时；我们还会因为不想辜负感

激而感到焦虑。在当今的文化中，人们已经习惯了基于买卖、有偿或者

估值来运作的关系，以至于对于纯粹的施与受，我们多半会感到不适。

非暴力沟通鼓励我们带着同理心来接收感激，就像我们同理他人那
2025-11-27 20:55:24,439 [INFO] --------------------------------------------------------------------------------
2025-11-27 20:55:28,495 [INFO] ✅ 实体抽取成功: 共 3 个实体
2025-11-27 20:55:28,495 [INFO]    完整结果:
{"人物": [], "概念": ["感激", "焦虑"], "方法": ["非暴力沟通"], "理论": [], "组织": [], "书籍": [], "情绪": [], "行为": []}
2025-11-27 20:55:31,666 [INFO] ✅ 关系抽取成功: 共 0 个关系
2025-11-27 20:55:31,666 [INFO]    完整结果:
{"提出": [], "包含": [], "应用": [], "来源": [], "解释": [], "相关": [], "导致": [], "影响": []}
2025-11-27 20:55:31,666 [INFO] 
📊 进度统计:
2025-11-27 20:55:31,666 [INFO]    已处理批次: 671/693 (96.8%)
2025-11-27 20:55:31,666 [INFO]    已处理段落: 3355/3465
2025-11-27 20:55:31,666 [INFO]    成功: 670, 失败: 1
2025-11-27 20:55:31,666 [INFO]    已用时: 91.8 分钟
2025-11-27 20:55:31,666 [INFO]    预计剩余: 3.0 分钟
2025-11-27 20:55:31,666 [INFO]    预计总时间: 94.8 分钟
2025-11-27 20:55:31,666 [INFO] 
================================================================================
2025-11-27 20:55:31,666 [INFO] 处理第 672/693 批 (段落 3356-3360)
2025-11-27 20:55:31,666 [INFO] ================================================================================
2025-11-27 20:55:31,666 [INFO] 📄 本批段落数: 5
2025-11-27 20:55:31,666 [INFO] 📄 合并文本长度: 161 字符
2025-11-27 20:55:31,666 [INFO] 📄 完整文本:
样。我们聆听自己做了什么增进了他人的福祉，由此满足了他人什么样

的需要以及引发的感受。因为能为彼此的生命做出贡献，我们从心底为

我的朋友那菲兹·阿萨黎教会了我如何优雅地接收感激。他是我邀

请前来瑞士参加非暴力沟通培训的巴勒斯坦小组成员之一。当时，巴勒

斯坦和以色列两国局势紧张，基于安全考虑，无论是在以色列或巴勒斯
2025-11-27 20:55:31,666 [INFO] --------------------------------------------------------------------------------
2025-11-27 20:55:37,178 [INFO] ✅ 实体抽取成功: 共 3 个实体
2025-11-27 20:55:37,178 [INFO]    完整结果:
{"人物": ["那菲兹·阿萨黎"], "概念": [], "方法": ["非暴力沟通"], "理论": [], "组织": ["巴勒斯坦小组"], "书籍": [], "情绪": [], "行为": []}
2025-11-27 20:55:40,406 [INFO] ✅ 关系抽取成功: 共 0 个关系
2025-11-27 20:55:40,406 [INFO]    完整结果:
{"提出": [], "包含": [], "应用": [], "来源": [], "解释": [], "相关": [], "导致": [], "影响": []}
2025-11-27 20:55:40,406 [INFO] 
📊 进度统计:
2025-11-27 20:55:40,406 [INFO]    已处理批次: 672/693 (97.0%)
2025-11-27 20:55:40,406 [INFO]    已处理段落: 3360/3465
2025-11-27 20:55:40,406 [INFO]    成功: 671, 失败: 1
2025-11-27 20:55:40,406 [INFO]    已用时: 91.9 分钟
2025-11-27 20:55:40,406 [INFO]    预计剩余: 2.9 分钟
2025-11-27 20:55:40,406 [INFO]    预计总时间: 94.8 分钟
2025-11-27 20:55:40,406 [INFO] 
================================================================================
2025-11-27 20:55:40,406 [INFO] 处理第 673/693 批 (段落 3361-3365)
2025-11-27 20:55:40,406 [INFO] ================================================================================
2025-11-27 20:55:40,406 [INFO] 📄 本批段落数: 5
2025-11-27 20:55:40,406 [INFO] 📄 合并文本长度: 161 字符
2025-11-27 20:55:40,406 [INFO] 📄 完整文本:
坦都无法让双方的学员一起参加培训。工作坊结束那一天，那菲兹来到

我跟前对我说：“这个培训对于我们以后在国内推动和平工作太有价值

了。我想以我们苏菲穆斯林信徒赞美神的方式来向你表达感激。”于

是，他用大拇指紧扣着我的大拇指，并注视着我的眼睛说：“我亲吻你

内心那位让你为我们带来这一切的神明。”接着，他亲吻了我的手。
2025-11-27 20:55:40,406 [INFO] --------------------------------------------------------------------------------
2025-11-27 20:55:44,865 [INFO] ✅ 实体抽取成功: 共 3 个实体
2025-11-27 20:55:44,865 [INFO]    完整结果:
{"人物": ["坦", "那菲兹"], "概念": [], "方法": [], "理论": [], "组织": [], "书籍": [], "情绪": [], "行为": ["亲吻"]}
2025-11-27 20:55:48,106 [INFO] ✅ 关系抽取成功: 共 0 个关系
2025-11-27 20:55:48,106 [INFO]    完整结果:
{"提出": [], "包含": [], "应用": [], "来源": [], "解释": [], "相关": [], "导致": [], "影响": []}
2025-11-27 20:55:48,106 [INFO] 
📊 进度统计:
2025-11-27 20:55:48,106 [INFO]    已处理批次: 673/693 (97.1%)
2025-11-27 20:55:48,106 [INFO]    已处理段落: 3365/3465
2025-11-27 20:55:48,106 [INFO]    成功: 672, 失败: 1
2025-11-27 20:55:48,107 [INFO]    已用时: 92.1 分钟
2025-11-27 20:55:48,107 [INFO]    预计剩余: 2.7 分钟
2025-11-27 20:55:48,107 [INFO]    预计总时间: 94.8 分钟
2025-11-27 20:55:48,107 [INFO] 
================================================================================
2025-11-27 20:55:48,107 [INFO] 处理第 674/693 批 (段落 3366-3370)
2025-11-27 20:55:48,107 [INFO] ================================================================================
2025-11-27 20:55:48,107 [INFO] 📄 本批段落数: 5
2025-11-27 20:55:48,107 [INFO] 📄 合并文本长度: 162 字符
2025-11-27 20:55:48,107 [INFO] 📄 完整文本:
那菲兹向我展示了我们可以用不同的方式接收来自他人的赞赏和感

激。通常，人们在听见对自己的赞赏时会有两种极端的反应——一种是

自负，因为得到了赞美而认为自己高人一等；另一种是故作谦虚，满不

在乎地否认赞赏：“哦，那没什么。”那菲兹让我明白，记得是神给了我

们每个人丰盈他人生命的力量，我就能充满喜悦地接收感激，而不会掉
2025-11-27 20:55:48,107 [INFO] --------------------------------------------------------------------------------
2025-11-27 20:55:52,479 [INFO] ✅ 实体抽取成功: 共 3 个实体
2025-11-27 20:55:52,479 [INFO]    完整结果:
{"人物": ["那菲兹"], "概念": [], "方法": [], "理论": [], "组织": [], "书籍": [], "情绪": ["自负", "谦虚"], "行为": []}
2025-11-27 20:55:55,619 [INFO] ✅ 关系抽取成功: 共 0 个关系
2025-11-27 20:55:55,619 [INFO]    完整结果:
{"提出": [], "包含": [], "应用": [], "来源": [], "解释": [], "相关": [], "导致": [], "影响": []}
2025-11-27 20:55:55,619 [INFO] 
📊 进度统计:
2025-11-27 20:55:55,619 [INFO]    已处理批次: 674/693 (97.3%)
2025-11-27 20:55:55,619 [INFO]    已处理段落: 3370/3465
2025-11-27 20:55:55,619 [INFO]    成功: 673, 失败: 1
2025-11-27 20:55:55,619 [INFO]    已用时: 92.2 分钟
2025-11-27 20:55:55,619 [INFO]    预计剩余: 2.6 分钟
2025-11-27 20:55:55,620 [INFO]    预计总时间: 94.8 分钟
2025-11-27 20:55:55,620 [INFO] 
================================================================================
2025-11-27 20:55:55,620 [INFO] 处理第 675/693 批 (段落 3371-3375)
2025-11-27 20:55:55,620 [INFO] ================================================================================
2025-11-27 20:55:55,620 [INFO] 📄 本批段落数: 5
2025-11-27 20:55:55,620 [INFO] 📄 合并文本长度: 151 字符
2025-11-27 20:55:55,620 [INFO] 📄 完整文本:
以色列前总理梅厄夫人曾经训斥她的一位内阁大臣：“别这么谦

虚，你没有那么伟大。”下面这段文字来自当代作家玛丽安娜·威廉姆斯

（Marianne Williamson），也提醒着我们不要掉入故作谦虚的陷阱。

让我们恐惧的不是自身的幽暗，而是我们的光芒。

你是神的孩子。你的退缩对这个世界并无益处。
2025-11-27 20:55:55,620 [INFO] --------------------------------------------------------------------------------
2025-11-27 20:56:00,826 [INFO] ✅ 实体抽取成功: 共 4 个实体
2025-11-27 20:56:00,826 [INFO]    完整结果:
{"人物": ["梅厄", "玛丽安娜·威廉姆斯", "Marianne Williamson"], "概念": [], "方法": [], "理论": [], "组织": ["内阁"], "书籍": [], "情绪": [], "行为": []}
2025-11-27 20:56:03,928 [INFO] ✅ 关系抽取成功: 共 0 个关系
2025-11-27 20:56:03,928 [INFO]    完整结果:
{"提出": [], "包含": [], "应用": [], "来源": [], "解释": [], "相关": [], "导致": [], "影响": []}
2025-11-27 20:56:03,929 [INFO] 
📊 进度统计:
2025-11-27 20:56:03,929 [INFO]    已处理批次: 675/693 (97.4%)
2025-11-27 20:56:03,929 [INFO]    已处理段落: 3375/3465
2025-11-27 20:56:03,929 [INFO]    成功: 674, 失败: 1
2025-11-27 20:56:03,929 [INFO]    已用时: 92.3 分钟
2025-11-27 20:56:03,929 [INFO]    预计剩余: 2.5 分钟
2025-11-27 20:56:03,929 [INFO]    预计总时间: 94.8 分钟
2025-11-27 20:56:03,929 [INFO] 
================================================================================
2025-11-27 20:56:03,929 [INFO] 处理第 676/693 批 (段落 3376-3380)
2025-11-27 20:56:03,929 [INFO] ================================================================================
2025-11-27 20:56:03,929 [INFO] 📄 本批段落数: 5
2025-11-27 20:56:03,929 [INFO] 📄 合并文本长度: 137 字符
2025-11-27 20:56:03,929 [INFO] 📄 完整文本:
为了让身边的人不受威胁而缩小自己，决不会带来任何启迪。

那不仅存在于某些人，而是存在于每个人之中。

当我们容许自己的光芒闪耀，也就默许了他人一同绽放。

当我们挣脱了自己的恐惧，我们的存在也会让他人得到解放。

说来矛盾，尽管我们在接收赞赏和感激时会感到不自在，但大多数
2025-11-27 20:56:03,929 [INFO] --------------------------------------------------------------------------------
2025-11-27 20:56:07,182 [INFO] ✅ 实体抽取成功: 共 1 个实体
2025-11-27 20:56:07,182 [INFO]    完整结果:
{"人物": [], "概念": [], "方法": [], "理论": [], "组织": [], "书籍": [], "情绪": ["恐惧"], "行为": []}
2025-11-27 20:56:10,262 [INFO] ✅ 关系抽取成功: 共 0 个关系
2025-11-27 20:56:10,263 [INFO]    完整结果:
{"提出": [], "包含": [], "应用": [], "来源": [], "解释": [], "相关": [], "导致": [], "影响": []}
2025-11-27 20:56:10,263 [INFO] 
📊 进度统计:
2025-11-27 20:56:10,263 [INFO]    已处理批次: 676/693 (97.5%)
2025-11-27 20:56:10,263 [INFO]    已处理段落: 3380/3465
2025-11-27 20:56:10,263 [INFO]    成功: 675, 失败: 1
2025-11-27 20:56:10,263 [INFO]    已用时: 92.4 分钟
2025-11-27 20:56:10,263 [INFO]    预计剩余: 2.3 分钟
2025-11-27 20:56:10,263 [INFO]    预计总时间: 94.7 分钟
2025-11-27 20:56:10,263 [INFO] 
================================================================================
2025-11-27 20:56:10,263 [INFO] 处理第 677/693 批 (段落 3381-3385)
2025-11-27 20:56:10,263 [INFO] ================================================================================
2025-11-27 20:56:10,263 [INFO] 📄 本批段落数: 5
2025-11-27 20:56:10,263 [INFO] 📄 合并文本长度: 162 字符
2025-11-27 20:56:10,263 [INFO] 📄 完整文本:
人依然渴望得到真诚的肯定与欣赏。在一次为我举办的惊喜派对中，一

位我认识了12年之久的朋友提议大家玩一个游戏让彼此熟悉。他让每个

人在纸上写下一个问题后，投入一个盒子里，接着让每人轮流抽出一个

由于那段时间我为许多不同的社会服务机构和商业机构做咨询，我

惊讶地发现人们时常提及自己有多么渴望在工作中得到赞赏。他们会叹
2025-11-27 20:56:10,263 [INFO] --------------------------------------------------------------------------------
2025-11-27 20:56:14,315 [INFO] ✅ 实体抽取成功: 共 3 个实体
2025-11-27 20:56:14,315 [INFO]    完整结果:
{"人物": [], "概念": [], "方法": [], "理论": [], "组织": [], "书籍": [], "情绪": [], "行为": ["渴望", "肯定", "欣赏"]}
2025-11-27 20:56:17,458 [INFO] ✅ 关系抽取成功: 共 0 个关系
2025-11-27 20:56:17,458 [INFO]    完整结果:
{"提出": [], "包含": [], "应用": [], "来源": [], "解释": [], "相关": [], "导致": [], "影响": []}
2025-11-27 20:56:17,458 [INFO] 
📊 进度统计:
2025-11-27 20:56:17,458 [INFO]    已处理批次: 677/693 (97.7%)
2025-11-27 20:56:17,458 [INFO]    已处理段落: 3385/3465
2025-11-27 20:56:17,458 [INFO]    成功: 676, 失败: 1
2025-11-27 20:56:17,458 [INFO]    已用时: 92.5 分钟
2025-11-27 20:56:17,458 [INFO]    预计剩余: 2.2 分钟
2025-11-27 20:56:17,458 [INFO]    预计总时间: 94.7 分钟
2025-11-27 20:56:17,458 [INFO] 
================================================================================
2025-11-27 20:56:17,458 [INFO] 处理第 678/693 批 (段落 3386-3390)
2025-11-27 20:56:17,458 [INFO] ================================================================================
2025-11-27 20:56:17,458 [INFO] 📄 本批段落数: 5
2025-11-27 20:56:17,458 [INFO] 📄 合并文本长度: 159 字符
2025-11-27 20:56:17,458 [INFO] 📄 完整文本:
着气说：“不管你工作多么努力，都没有人说你一句好话。可如果你犯

了一个错误，一定会有人立马来训斥你。”于是，我在这个游戏中写下

了这样一个问题：“什么样的赞赏会让你在听到后欢欣雀跃呢？”

一位女士抽到了这个问题，念完问题后她便哭了起来。她说，自己

是一名受虐女性庇护中心的主任，为了尽可能让大家都满意，每个月她
2025-11-27 20:56:17,459 [INFO] --------------------------------------------------------------------------------
2025-11-27 20:56:20,871 [INFO] ✅ 实体抽取成功: 共 1 个实体
2025-11-27 20:56:20,872 [INFO]    完整结果:
{"人物": [], "概念": [], "方法": [], "理论": [], "组织": [], "书籍": [], "情绪": ["着气"], "行为": []}
2025-11-27 20:56:24,004 [INFO] ✅ 关系抽取成功: 共 0 个关系
2025-11-27 20:56:24,004 [INFO]    完整结果:
{"提出": [], "包含": [], "应用": [], "来源": [], "解释": [], "相关": [], "导致": [], "影响": []}
2025-11-27 20:56:24,004 [INFO] 
📊 进度统计:
2025-11-27 20:56:24,004 [INFO]    已处理批次: 678/693 (97.8%)
2025-11-27 20:56:24,004 [INFO]    已处理段落: 3390/3465
2025-11-27 20:56:24,004 [INFO]    成功: 677, 失败: 1
2025-11-27 20:56:24,004 [INFO]    已用时: 92.7 分钟
2025-11-27 20:56:24,004 [INFO]    预计剩余: 2.0 分钟
2025-11-27 20:56:24,004 [INFO]    预计总时间: 94.7 分钟
2025-11-27 20:56:24,004 [INFO] 
================================================================================
2025-11-27 20:56:24,005 [INFO] 处理第 679/693 批 (段落 3391-3395)
2025-11-27 20:56:24,005 [INFO] ================================================================================
2025-11-27 20:56:24,005 [INFO] 📄 本批段落数: 5
2025-11-27 20:56:24,005 [INFO] 📄 合并文本长度: 158 字符
2025-11-27 20:56:24,005 [INFO] 📄 完整文本:
都要投入大量精力设计各种活动。然而每次公布安排表时，总有几个人

会表示不满，却没有谁曾感谢她所做的努力。当她在念这个问题时，脑

海中便浮现出这些事情，又想到自己是多么渴望得到赞赏，此情此景她

听完这位女士的故事，另一位朋友说他也想来回答这个问题。接

着，所有人都纷纷要来回答，好几个人在这个过程中流下了眼泪。
2025-11-27 20:56:24,005 [INFO] --------------------------------------------------------------------------------
2025-11-27 20:56:27,322 [INFO] ✅ 实体抽取成功: 共 1 个实体
2025-11-27 20:56:27,322 [INFO]    完整结果:
{"人物": [], "概念": [], "方法": [], "理论": [], "组织": [], "书籍": [], "情绪": ["不满"], "行为": []}
2025-11-27 20:56:30,441 [INFO] ✅ 关系抽取成功: 共 0 个关系
2025-11-27 20:56:30,442 [INFO]    完整结果:
{"提出": [], "包含": [], "应用": [], "来源": [], "解释": [], "相关": [], "导致": [], "影响": []}
2025-11-27 20:56:30,442 [INFO] 
📊 进度统计:
2025-11-27 20:56:30,442 [INFO]    已处理批次: 679/693 (98.0%)
2025-11-27 20:56:30,442 [INFO]    已处理段落: 3395/3465
2025-11-27 20:56:30,442 [INFO]    成功: 678, 失败: 1
2025-11-27 20:56:30,442 [INFO]    已用时: 92.8 分钟
2025-11-27 20:56:30,442 [INFO]    预计剩余: 1.9 分钟
2025-11-27 20:56:30,442 [INFO]    预计总时间: 94.7 分钟
2025-11-27 20:56:30,442 [INFO] 
================================================================================
2025-11-27 20:56:30,442 [INFO] 处理第 680/693 批 (段落 3396-3400)
2025-11-27 20:56:30,442 [INFO] ================================================================================
2025-11-27 20:56:30,442 [INFO] 📄 本批段落数: 5
2025-11-27 20:56:30,442 [INFO] 📄 合并文本长度: 161 字符
2025-11-27 20:56:30,442 [INFO] 📄 完整文本:
人们渴望在工作中得到赞赏（真诚而非操控式的），在家庭中也未

尝不是这样。一天晚上，当我提醒儿子布莱特忘了做一件家务活儿时，

他回嘴道：“爸，你有没有注意到，你常常说我哪里做得不好，却几乎

从没有说过我哪里做得好！”我一直谨记他的这番话。他让我意识到自

己总是在试图寻找哪里可以做得更好，却很少停下来去庆祝那些做得好
2025-11-27 20:56:30,442 [INFO] --------------------------------------------------------------------------------
2025-11-27 20:56:33,942 [INFO] ✅ 实体抽取成功: 共 1 个实体
2025-11-27 20:56:33,942 [INFO]    完整结果:
{"人物": ["布莱特"], "概念": [], "方法": [], "理论": [], "组织": [], "书籍": [], "情绪": [], "行为": []}
2025-11-27 20:56:37,057 [INFO] ✅ 关系抽取成功: 共 0 个关系
2025-11-27 20:56:37,057 [INFO]    完整结果:
{"提出": [], "包含": [], "应用": [], "来源": [], "解释": [], "相关": [], "导致": [], "影响": []}
2025-11-27 20:56:37,057 [INFO] 
📊 进度统计:
2025-11-27 20:56:37,057 [INFO]    已处理批次: 680/693 (98.1%)
2025-11-27 20:56:37,057 [INFO]    已处理段落: 3400/3465
2025-11-27 20:56:37,057 [INFO]    成功: 679, 失败: 1
2025-11-27 20:56:37,057 [INFO]    已用时: 92.9 分钟
2025-11-27 20:56:37,058 [INFO]    预计剩余: 1.8 分钟
2025-11-27 20:56:37,058 [INFO]    预计总时间: 94.6 分钟
2025-11-27 20:56:37,058 [INFO] 
================================================================================
2025-11-27 20:56:37,058 [INFO] 处理第 681/693 批 (段落 3401-3405)
2025-11-27 20:56:37,058 [INFO] ================================================================================
2025-11-27 20:56:37,058 [INFO] 📄 本批段落数: 5
2025-11-27 20:56:37,058 [INFO] 📄 合并文本长度: 141 字符
2025-11-27 20:56:37,058 [INFO] 📄 完整文本:
的地方。例如，我刚带领完一场参与人数过百的工作坊，除了一个人，

所有参加者都给予了极高的评价。然而，让我念念不忘的仍是那一个人

无论做什么，就算我有百分之九十八做得很好，

但事后我记得的，却是那让我不满的百分之二。

这也启发了我向我认识的一位老师学习。她的一位学生由于没有准
2025-11-27 20:56:37,058 [INFO] --------------------------------------------------------------------------------
2025-11-27 20:56:40,309 [INFO] ✅ 实体抽取成功: 共 1 个实体
2025-11-27 20:56:40,309 [INFO]    完整结果:
{"人物": [], "概念": [], "方法": [], "理论": [], "组织": [], "书籍": [], "情绪": [], "行为": ["带领"]}
2025-11-27 20:56:43,391 [INFO] ✅ 关系抽取成功: 共 0 个关系
2025-11-27 20:56:43,391 [INFO]    完整结果:
{"提出": [], "包含": [], "应用": [], "来源": [], "解释": [], "相关": [], "导致": [], "影响": []}
2025-11-27 20:56:43,391 [INFO] 
📊 进度统计:
2025-11-27 20:56:43,391 [INFO]    已处理批次: 681/693 (98.3%)
2025-11-27 20:56:43,391 [INFO]    已处理段落: 3405/3465
2025-11-27 20:56:43,391 [INFO]    成功: 680, 失败: 1
2025-11-27 20:56:43,391 [INFO]    已用时: 93.0 分钟
2025-11-27 20:56:43,391 [INFO]    预计剩余: 1.6 分钟
2025-11-27 20:56:43,391 [INFO]    预计总时间: 94.6 分钟
2025-11-27 20:56:43,391 [INFO] 
================================================================================
2025-11-27 20:56:43,391 [INFO] 处理第 682/693 批 (段落 3406-3410)
2025-11-27 20:56:43,391 [INFO] ================================================================================
2025-11-27 20:56:43,391 [INFO] 📄 本批段落数: 5
2025-11-27 20:56:43,391 [INFO] 📄 合并文本长度: 169 字符
2025-11-27 20:56:43,391 [INFO] 📄 完整文本:
备考试，只写了名字便交了白卷。当学生拿到批改好的卷子时，十分吃

惊地发现自己竟然得了14分。他满腹怀疑地问老师：“我做了什么可以

拿到这14分呢？”“你的考卷很整洁。”老师回答他。自从我的儿子给了

我当头一棒后，我便开始更多地觉察别人做了什么让我的生命更加美

约翰·鲍威尔（John Powell）在他的《爱的秘密》一书中有一段文
2025-11-27 20:56:43,391 [INFO] --------------------------------------------------------------------------------
2025-11-27 20:56:49,008 [INFO] ✅ 实体抽取成功: 共 3 个实体
2025-11-27 20:56:49,008 [INFO]    完整结果:
{"人物": ["约翰·鲍威尔", "John Powell"], "概念": [], "方法": [], "理论": [], "组织": [], "书籍": ["《爱的秘密》"], "情绪": [], "行为": []}
2025-11-27 20:56:52,641 [INFO] ✅ 关系抽取成功: 共 0 个关系
2025-11-27 20:56:52,641 [INFO]    完整结果:
{"提出": [], "包含": [], "应用": [], "来源": [], "解释": [], "相关": [], "导致": [], "影响": []}
2025-11-27 20:56:52,641 [INFO] 
📊 进度统计:
2025-11-27 20:56:52,641 [INFO]    已处理批次: 682/693 (98.4%)
2025-11-27 20:56:52,641 [INFO]    已处理段落: 3410/3465
2025-11-27 20:56:52,641 [INFO]    成功: 681, 失败: 1
2025-11-27 20:56:52,641 [INFO]    已用时: 93.1 分钟
2025-11-27 20:56:52,641 [INFO]    预计剩余: 1.5 分钟
2025-11-27 20:56:52,641 [INFO]    预计总时间: 94.6 分钟
2025-11-27 20:56:52,641 [INFO] 
================================================================================
2025-11-27 20:56:52,641 [INFO] 处理第 683/693 批 (段落 3411-3415)
2025-11-27 20:56:52,641 [INFO] ================================================================================
2025-11-27 20:56:52,641 [INFO] 📄 本批段落数: 5
2025-11-27 20:56:52,641 [INFO] 📄 合并文本长度: 159 字符
2025-11-27 20:56:52,641 [INFO] 📄 完整文本:
字深深打动了我。他描述了父亲在世时，自己从来没有向他表达过感

激，为此他深感悲伤。我想如果错失了机会向那些对我们很重要的人表

这使我想到了我的舅舅尤利思·福克斯。当我还小的时候，他每天

会到我们家照顾我那位已经全身瘫痪的祖母。我记得当他在照顾祖母

时，脸上总是挂着温暖又充满爱的笑容。无论那些活儿在年少的我眼中
2025-11-27 20:56:52,641 [INFO] --------------------------------------------------------------------------------
2025-11-27 20:56:57,052 [INFO] ✅ 实体抽取成功: 共 2 个实体
2025-11-27 20:56:57,052 [INFO]    完整结果:
{"人物": ["尤利思·福克斯"], "概念": [], "方法": [], "理论": [], "组织": [], "书籍": [], "情绪": [], "行为": ["照顾"]}
2025-11-27 20:57:00,386 [INFO] ✅ 关系抽取成功: 共 0 个关系
2025-11-27 20:57:00,386 [INFO]    完整结果:
{"提出": [], "包含": [], "应用": [], "来源": [], "解释": [], "相关": [], "导致": [], "影响": []}
2025-11-27 20:57:00,386 [INFO] 
📊 进度统计:
2025-11-27 20:57:00,386 [INFO]    已处理批次: 683/693 (98.6%)
2025-11-27 20:57:00,386 [INFO]    已处理段落: 3415/3465
2025-11-27 20:57:00,386 [INFO]    成功: 682, 失败: 1
2025-11-27 20:57:00,386 [INFO]    已用时: 93.3 分钟
2025-11-27 20:57:00,386 [INFO]    预计剩余: 1.4 分钟
2025-11-27 20:57:00,386 [INFO]    预计总时间: 94.6 分钟
2025-11-27 20:57:00,386 [INFO] 
================================================================================
2025-11-27 20:57:00,386 [INFO] 处理第 684/693 批 (段落 3416-3420)
2025-11-27 20:57:00,386 [INFO] ================================================================================
2025-11-27 20:57:00,386 [INFO] 📄 本批段落数: 5
2025-11-27 20:57:00,386 [INFO] 📄 合并文本长度: 159 字符
2025-11-27 20:57:00,386 [INFO] 📄 完整文本:
是多么不堪，他却好像视照顾祖母为莫大的恩惠。他的亲身示范教会了

我何为男性的力量，所有这些，我在往后的岁月里时常都会忆起。

直至舅舅病危，我才发现自己从未向他表达过感激。每当我想要这

么做时，总感到自己有些抗拒：“我相信他已经知道他对我有多重要，

所以没必要说出来吧。如果我真的说出来了，可能反而会让他觉得尴尬
2025-11-27 20:57:00,386 [INFO] --------------------------------------------------------------------------------
2025-11-27 20:57:03,693 [INFO] ✅ 实体抽取成功: 共 1 个实体
2025-11-27 20:57:03,693 [INFO]    完整结果:
{"人物": [], "概念": [], "方法": [], "理论": [], "组织": [], "书籍": [], "情绪": [], "行为": ["照顾"]}
2025-11-27 20:57:06,814 [INFO] ✅ 关系抽取成功: 共 0 个关系
2025-11-27 20:57:06,814 [INFO]    完整结果:
{"提出": [], "包含": [], "应用": [], "来源": [], "解释": [], "相关": [], "导致": [], "影响": []}
2025-11-27 20:57:06,814 [INFO] 
📊 进度统计:
2025-11-27 20:57:06,814 [INFO]    已处理批次: 684/693 (98.7%)
2025-11-27 20:57:06,814 [INFO]    已处理段落: 3420/3465
2025-11-27 20:57:06,814 [INFO]    成功: 683, 失败: 1
2025-11-27 20:57:06,814 [INFO]    已用时: 93.4 分钟
2025-11-27 20:57:06,814 [INFO]    预计剩余: 1.2 分钟
2025-11-27 20:57:06,814 [INFO]    预计总时间: 94.6 分钟
2025-11-27 20:57:06,814 [INFO] 
================================================================================
2025-11-27 20:57:06,814 [INFO] 处理第 685/693 批 (段落 3421-3425)
2025-11-27 20:57:06,814 [INFO] ================================================================================
2025-11-27 20:57:06,814 [INFO] 📄 本批段落数: 5
2025-11-27 20:57:06,814 [INFO] 📄 合并文本长度: 161 字符
2025-11-27 20:57:06,814 [INFO] 📄 完整文本:
吧。”当脑海中浮现出这些想法时，我马上知道这并不是真的。我经常

以为别人知道我有多么感激他们，后来却发现事实并非如此。而即使人

们听见感激的话时会感到尴尬，却依然希望能从别人那里听到对自己的

可我还是有些犹豫，我对自己说：语言并不足以表达我对他的感激

之情。好在，很快我就醒悟了：是的，尽管语言不足以充分传递我们的
2025-11-27 20:57:06,814 [INFO] --------------------------------------------------------------------------------
2025-11-27 20:57:10,113 [INFO] ✅ 实体抽取成功: 共 1 个实体
2025-11-27 20:57:10,113 [INFO]    完整结果:
{"人物": [], "概念": [], "方法": [], "理论": [], "组织": [], "书籍": [], "情绪": ["感激"], "行为": []}
2025-11-27 20:57:13,227 [INFO] ✅ 关系抽取成功: 共 0 个关系
2025-11-27 20:57:13,227 [INFO]    完整结果:
{"提出": [], "包含": [], "应用": [], "来源": [], "解释": [], "相关": [], "导致": [], "影响": []}
2025-11-27 20:57:13,227 [INFO] 
📊 进度统计:
2025-11-27 20:57:13,227 [INFO]    已处理批次: 685/693 (98.8%)
2025-11-27 20:57:13,227 [INFO]    已处理段落: 3425/3465
2025-11-27 20:57:13,227 [INFO]    成功: 684, 失败: 1
2025-11-27 20:57:13,227 [INFO]    已用时: 93.5 分钟
2025-11-27 20:57:13,227 [INFO]    预计剩余: 1.1 分钟
2025-11-27 20:57:13,228 [INFO]    预计总时间: 94.6 分钟
2025-11-27 20:57:13,228 [INFO] 
================================================================================
2025-11-27 20:57:13,228 [INFO] 处理第 686/693 批 (段落 3426-3430)
2025-11-27 20:57:13,228 [INFO] ================================================================================
2025-11-27 20:57:13,228 [INFO] 📄 本批段落数: 5
2025-11-27 20:57:13,228 [INFO] 📄 合并文本长度: 157 字符
2025-11-27 20:57:13,228 [INFO] 📄 完整文本:
心意，但我已经知道“一件值得做的事情，即使我们做得不怎么样也值

在不久后的一次家庭聚会中，当我坐在尤利思舅舅身旁时，感激的

话便从我心里涌了出来。舅舅听了非常高兴，没有丝毫尴尬。当晚，激

动不已的我回到家后写下了一首诗寄给他。3个星期后，他便过世了。

我后来得知，舅舅在去世前，每天都请人把那首诗念给他听。
2025-11-27 20:57:13,228 [INFO] --------------------------------------------------------------------------------
2025-11-27 20:57:17,248 [INFO] ✅ 实体抽取成功: 共 2 个实体
2025-11-27 20:57:17,248 [INFO]    完整结果:
{"人物": ["尤利思"], "概念": [], "方法": [], "理论": [], "组织": [], "书籍": [], "情绪": ["感激"], "行为": []}
2025-11-27 20:57:20,479 [INFO] ✅ 关系抽取成功: 共 0 个关系
2025-11-27 20:57:20,479 [INFO]    完整结果:
{"提出": [], "包含": [], "应用": [], "来源": [], "解释": [], "相关": [], "导致": [], "影响": []}
2025-11-27 20:57:20,479 [INFO] 
📊 进度统计:
2025-11-27 20:57:20,479 [INFO]    已处理批次: 686/693 (99.0%)
2025-11-27 20:57:20,479 [INFO]    已处理段落: 3430/3465
2025-11-27 20:57:20,479 [INFO]    成功: 685, 失败: 1
2025-11-27 20:57:20,479 [INFO]    已用时: 93.6 分钟
2025-11-27 20:57:20,479 [INFO]    预计剩余: 1.0 分钟
2025-11-27 20:57:20,479 [INFO]    预计总时间: 94.5 分钟
2025-11-27 20:57:20,479 [INFO] 
================================================================================
2025-11-27 20:57:20,479 [INFO] 处理第 687/693 批 (段落 3431-3435)
2025-11-27 20:57:20,479 [INFO] ================================================================================
2025-11-27 20:57:20,480 [INFO] 📄 本批段落数: 5
2025-11-27 20:57:20,480 [INFO] 📄 合并文本长度: 160 字符
2025-11-27 20:57:20,480 [INFO] 📄 完整文本:
我们惯常的赞美方式往往带有评判，哪怕是正向的，有时甚至被用

来操纵他人的行为。非暴力沟通所鼓励的是，向他人表达感激时，庆祝

是我们唯一的意图。我们表达的内容包括：（1）对方做了什么对我们

的福祉做出了贡献；（2）我们有哪些需要得到了满足；（3）我们因此

当我们接收这样的赞赏和感谢时，我们也能免于自负或是假谦虚，
2025-11-27 20:57:20,480 [INFO] --------------------------------------------------------------------------------
2025-11-27 20:57:25,460 [INFO] ✅ 实体抽取成功: 共 5 个实体
2025-11-27 20:57:25,460 [INFO]    完整结果:
{"人物": [], "概念": [], "方法": ["非暴力沟通"], "理论": [], "组织": [], "书籍": [], "情绪": [], "行为": ["赞美", "评判", "表达感激", "庆祝"]}
2025-11-27 20:57:28,593 [INFO] ✅ 关系抽取成功: 共 0 个关系
2025-11-27 20:57:28,593 [INFO]    完整结果:
{"提出": [], "包含": [], "应用": [], "来源": [], "解释": [], "相关": [], "导致": [], "影响": []}
2025-11-27 20:57:28,593 [INFO] 
📊 进度统计:
2025-11-27 20:57:28,593 [INFO]    已处理批次: 687/693 (99.1%)
2025-11-27 20:57:28,593 [INFO]    已处理段落: 3435/3465
2025-11-27 20:57:28,593 [INFO]    成功: 686, 失败: 1
2025-11-27 20:57:28,593 [INFO]    已用时: 93.7 分钟
2025-11-27 20:57:28,593 [INFO]    预计剩余: 0.8 分钟
2025-11-27 20:57:28,593 [INFO]    预计总时间: 94.5 分钟
2025-11-27 20:57:28,593 [INFO] 
================================================================================
2025-11-27 20:57:28,593 [INFO] 处理第 688/693 批 (段落 3436-3440)
2025-11-27 20:57:28,594 [INFO] ================================================================================
2025-11-27 20:57:28,594 [INFO] 📄 本批段落数: 5
2025-11-27 20:57:28,594 [INFO] 📄 合并文本长度: 162 字符
2025-11-27 20:57:28,594 [INFO] 📄 完整文本:
有一次，我问舅舅朱利亚斯，他何以做到如此由衷地给予。对于我

的提问，他似乎颇引以为荣，他思索了一会儿后答道：“那是因为我很

幸运地遇到了好老师。”我问他老师是谁，他说：“你的祖母是我最好的

老师。你和她一起住的时候她已经生病了，所以你并没有见识到她真正

的样子。在大萧条时期，一位裁缝和他的老婆、两个孩子丢了房子和生
2025-11-27 20:57:28,594 [INFO] --------------------------------------------------------------------------------
2025-11-27 20:57:32,465 [INFO] ✅ 实体抽取成功: 共 1 个实体
2025-11-27 20:57:32,465 [INFO]    完整结果:
{"人物": ["朱利亚斯"], "概念": [], "方法": [], "理论": [], "组织": [], "书籍": [], "情绪": [], "行为": []}
2025-11-27 20:57:35,797 [INFO] ✅ 关系抽取成功: 共 0 个关系
2025-11-27 20:57:35,798 [INFO]    完整结果:
{"提出": [], "包含": [], "应用": [], "来源": [], "解释": [], "相关": [], "导致": [], "影响": []}
2025-11-27 20:57:35,798 [INFO] 
📊 进度统计:
2025-11-27 20:57:35,798 [INFO]    已处理批次: 688/693 (99.3%)
2025-11-27 20:57:35,798 [INFO]    已处理段落: 3440/3465
2025-11-27 20:57:35,798 [INFO]    成功: 687, 失败: 1
2025-11-27 20:57:35,798 [INFO]    已用时: 93.8 分钟
2025-11-27 20:57:35,798 [INFO]    预计剩余: 0.7 分钟
2025-11-27 20:57:35,798 [INFO]    预计总时间: 94.5 分钟
2025-11-27 20:57:35,798 [INFO] 
================================================================================
2025-11-27 20:57:35,798 [INFO] 处理第 689/693 批 (段落 3441-3445)
2025-11-27 20:57:35,798 [INFO] ================================================================================
2025-11-27 20:57:35,798 [INFO] 📄 本批段落数: 5
2025-11-27 20:57:35,798 [INFO] 📄 合并文本长度: 159 字符
2025-11-27 20:57:35,798 [INFO] 📄 完整文本:
意后，你的祖母把他们接到我们家，同住了3年。你的妈妈告诉过你

吗?”我对这个故事记忆深刻。母亲第一次告诉我时，我清晰地记得当时

我完全无法想象，养育9个孩子的祖母是如何在她那幢不算大的房子里

朱利亚斯舅舅又回忆了一些奶奶的善行，那些都是我小时候听过的

故事，接着他问我：“你妈妈一定和你说过有关耶稣的故事吧？”
2025-11-27 20:57:35,798 [INFO] --------------------------------------------------------------------------------
2025-11-27 20:57:39,777 [INFO] ✅ 实体抽取成功: 共 2 个实体
2025-11-27 20:57:39,777 [INFO]    完整结果:
{"人物": ["朱利亚斯", "耶稣"], "概念": [], "方法": [], "理论": [], "组织": [], "书籍": [], "情绪": [], "行为": []}
2025-11-27 20:57:42,943 [INFO] ✅ 关系抽取成功: 共 0 个关系
2025-11-27 20:57:42,943 [INFO]    完整结果:
{"提出": [], "包含": [], "应用": [], "来源": [], "解释": [], "相关": [], "导致": [], "影响": []}
2025-11-27 20:57:42,943 [INFO] 
📊 进度统计:
2025-11-27 20:57:42,943 [INFO]    已处理批次: 689/693 (99.4%)
2025-11-27 20:57:42,943 [INFO]    已处理段落: 3445/3465
2025-11-27 20:57:42,943 [INFO]    成功: 688, 失败: 1
2025-11-27 20:57:42,943 [INFO]    已用时: 94.0 分钟
2025-11-27 20:57:42,943 [INFO]    预计剩余: 0.5 分钟
2025-11-27 20:57:42,943 [INFO]    预计总时间: 94.5 分钟
2025-11-27 20:57:42,943 [INFO] 
================================================================================
2025-11-27 20:57:42,943 [INFO] 处理第 690/693 批 (段落 3446-3450)
2025-11-27 20:57:42,943 [INFO] ================================================================================
2025-11-27 20:57:42,943 [INFO] 📄 本批段落数: 5
2025-11-27 20:57:42,943 [INFO] 📄 合并文本长度: 151 字符
2025-11-27 20:57:42,943 [INFO] 📄 完整文本:
“没有，她从来没有告诉过我关于耶稣的故事。”

有关耶稣的故事是舅舅临终前送给我最后的珍贵礼物。一次，一个

男人来到祖母家的后门向她乞求食物。这样的事并不罕见。尽管祖母很

穷，所有的邻里都知道只要有人上门来要饭，她一定都会给他们东西

吃。这个男人留着胡子，有一头乱蓬蓬的黑发，衣衫褴褛，脖子上挂着
2025-11-27 20:57:42,943 [INFO] --------------------------------------------------------------------------------
2025-11-27 20:57:46,354 [INFO] ✅ 实体抽取成功: 共 1 个实体
2025-11-27 20:57:46,354 [INFO]    完整结果:
{"人物": ["耶稣"], "概念": [], "方法": [], "理论": [], "组织": [], "书籍": [], "情绪": [], "行为": []}
2025-11-27 20:57:49,527 [INFO] ✅ 关系抽取成功: 共 0 个关系
2025-11-27 20:57:49,527 [INFO]    完整结果:
{"提出": [], "包含": [], "应用": [], "来源": [], "解释": [], "相关": [], "导致": [], "影响": []}
2025-11-27 20:57:49,527 [INFO] 
📊 进度统计:
2025-11-27 20:57:49,527 [INFO]    已处理批次: 690/693 (99.6%)
2025-11-27 20:57:49,527 [INFO]    已处理段落: 3450/3465
2025-11-27 20:57:49,527 [INFO]    成功: 689, 失败: 1
2025-11-27 20:57:49,527 [INFO]    已用时: 94.1 分钟
2025-11-27 20:57:49,527 [INFO]    预计剩余: 0.4 分钟
2025-11-27 20:57:49,527 [INFO]    预计总时间: 94.5 分钟
2025-11-27 20:57:49,528 [INFO] 
================================================================================
2025-11-27 20:57:49,528 [INFO] 处理第 691/693 批 (段落 3451-3455)
2025-11-27 20:57:49,528 [INFO] ================================================================================
2025-11-27 20:57:49,528 [INFO] 📄 本批段落数: 5
2025-11-27 20:57:49,528 [INFO] 📄 合并文本长度: 160 字符
2025-11-27 20:57:49,528 [INFO] 📄 完整文本:
一串木枝做的十字架。祖母请他进厨房，在他吃东西的时候问起他的名

“我叫主耶稣。”（祖母的英语不是太好。另外一位舅舅艾西多后来

告诉我，那天男子在用餐时，他正好进了厨房，祖母向他介绍这位陌生

说到非暴力沟通，我的祖母是个天生的能手。她没有去想这个男人

是什么样的人，否则她可能会把这个人当作疯子而打发走。不，祖母所
2025-11-27 20:57:49,528 [INFO] --------------------------------------------------------------------------------
2025-11-27 20:57:54,523 [INFO] ✅ 实体抽取成功: 共 3 个实体
2025-11-27 20:57:54,523 [INFO]    完整结果:
{"人物": ["耶稣", "艾西多"], "概念": ["非暴力沟通"], "方法": [], "理论": [], "组织": [], "书籍": [], "情绪": [], "行为": []}
2025-11-27 20:57:58,036 [INFO] ✅ 关系抽取成功: 共 0 个关系
2025-11-27 20:57:58,036 [INFO]    完整结果:
{"提出": [], "包含": [], "应用": [], "来源": [], "解释": [], "相关": [], "导致": [], "影响": []}
2025-11-27 20:57:58,036 [INFO] 
📊 进度统计:
2025-11-27 20:57:58,036 [INFO]    已处理批次: 691/693 (99.7%)
2025-11-27 20:57:58,037 [INFO]    已处理段落: 3455/3465
2025-11-27 20:57:58,037 [INFO]    成功: 690, 失败: 1
2025-11-27 20:57:58,037 [INFO]    已用时: 94.2 分钟
2025-11-27 20:57:58,037 [INFO]    预计剩余: 0.3 分钟
2025-11-27 20:57:58,037 [INFO]    预计总时间: 94.5 分钟
2025-11-27 20:57:58,037 [INFO] 
================================================================================
2025-11-27 20:57:58,037 [INFO] 处理第 692/693 批 (段落 3456-3460)
2025-11-27 20:57:58,037 [INFO] ================================================================================
2025-11-27 20:57:58,037 [INFO] 📄 本批段落数: 5
2025-11-27 20:57:58,037 [INFO] 📄 合并文本长度: 157 字符
2025-11-27 20:57:58,037 [INFO] 📄 完整文本:
想的是他人的感受和需要。如果有人饿了，她就拿吃的给他们；如果有

祖母热爱跳舞，我的母亲记得祖母经常说：“若你能跳舞就永远不

要走路。”因此，我想以一首关于祖母的歌来作为这本书的结尾，因为

她终其一生都说着非暴力沟通的语言，都活出了非暴力沟通的精神。

马歇尔·卢森堡博士由于在促进人类和谐共处方面的突出成就，
2025-11-27 20:57:58,037 [INFO] --------------------------------------------------------------------------------
2025-11-27 20:58:02,788 [INFO] ✅ 实体抽取成功: 共 2 个实体
2025-11-27 20:58:02,788 [INFO]    完整结果:
{"人物": ["马歇尔·卢森堡"], "概念": [], "方法": ["非暴力沟通"], "理论": [], "组织": [], "书籍": [], "情绪": [], "行为": []}
2025-11-27 20:58:08,766 [INFO] ✅ 关系抽取成功: 共 1 个关系
2025-11-27 20:58:08,766 [INFO]    完整结果:
{"提出": [{"subject": "非暴力沟通", "object": "马歇尔·卢森堡"}], "包含": [], "应用": [], "来源": [], "解释": [], "相关": [], "导致": [], "影响": []}
2025-11-27 20:58:08,766 [INFO] 
📊 进度统计:
2025-11-27 20:58:08,766 [INFO]    已处理批次: 692/693 (99.9%)
2025-11-27 20:58:08,766 [INFO]    已处理段落: 3460/3465
2025-11-27 20:58:08,766 [INFO]    成功: 691, 失败: 1
2025-11-27 20:58:08,766 [INFO]    已用时: 94.4 分钟
2025-11-27 20:58:08,766 [INFO]    预计剩余: 0.1 分钟
2025-11-27 20:58:08,766 [INFO]    预计总时间: 94.5 分钟
2025-11-27 20:58:08,766 [INFO] 
================================================================================
2025-11-27 20:58:08,766 [INFO] 处理第 693/693 批 (段落 3461-3465)
2025-11-27 20:58:08,766 [INFO] ================================================================================
2025-11-27 20:58:08,766 [INFO] 📄 本批段落数: 5
2025-11-27 20:58:08,766 [INFO] 📄 合并文本长度: 165 字符
2025-11-27 20:58:08,766 [INFO] 📄 完整文本:
2006 年获得了地球村基金会颁发的和平之桥奖。卢森堡博士早年师从

心理学大师卡尔·罗杰斯，后来他发展出极具启发性和影响力的非暴力

沟通的原则和方法，不仅教会人们如何使个人生活更加和谐美好，同时

解决了众多世界范围内的冲突和争端。非暴力沟通被联合国教科文组织

列为全球正式教育和非正式教育领域非暴力解决冲突的最佳实践之一。
2025-11-27 20:58:08,766 [INFO] --------------------------------------------------------------------------------
2025-11-27 20:58:15,330 [INFO] ✅ 实体抽取成功: 共 5 个实体
2025-11-27 20:58:15,330 [INFO]    完整结果:
{"人物": ["卢森堡", "卡尔·罗杰斯"], "概念": [], "方法": ["非暴力沟通"], "理论": [], "组织": ["地球村基金会", "联合国教科文组织"], "书籍": [], "情绪": [], "行为": []}
2025-11-27 20:58:18,500 [INFO] ✅ 关系抽取成功: 共 0 个关系
2025-11-27 20:58:18,500 [INFO]    完整结果:
{"提出": [], "包含": [], "应用": [], "来源": [], "解释": [], "相关": [], "导致": [], "影响": []}
2025-11-27 20:58:18,500 [INFO] 
📊 进度统计:
2025-11-27 20:58:18,501 [INFO]    已处理批次: 693/693 (100.0%)
2025-11-27 20:58:18,501 [INFO]    已处理段落: 3465/3465
2025-11-27 20:58:18,501 [INFO]    成功: 692, 失败: 1
2025-11-27 20:58:18,501 [INFO]    已用时: 94.6 分钟
2025-11-27 20:58:18,501 [INFO]    预计剩余: 0.0 分钟
2025-11-27 20:58:18,501 [INFO]    预计总时间: 94.6 分钟
2025-11-27 20:58:18,501 [INFO] 
================================================================================
2025-11-27 20:58:18,501 [INFO] 正在去重...
2025-11-27 20:58:18,501 [INFO] ✅ 批量抽取完成！
2025-11-27 20:58:18,501 [INFO]    处理批次: 693/693
2025-11-27 20:58:18,501 [INFO]    处理段落: 3465
2025-11-27 20:58:18,501 [INFO]    实体总数: 1138
2025-11-27 20:58:18,501 [INFO]    关系总数: 212
2025-11-27 20:58:18,501 [INFO]    总耗时: 94.6 分钟
2025-11-27 20:58:18,501 [INFO]    加速比: 约 5x
2025-11-27 20:58:18,502 [INFO] ================================================================================
2025-11-27 20:58:18,502 [INFO] 
================================================================================
2025-11-27 20:58:18,502 [INFO] 保存结果...
2025-11-27 20:58:18,502 [INFO] ✅ 完整结果已保存: /root/projects/cwy/DeepKE/cwy/src/full_book_results/full_results_20251127_192319.pkl
2025-11-27 20:58:18,504 [INFO] ✅ JSON 结果已保存: /root/projects/cwy/DeepKE/cwy/src/full_book_results/kg_result_20251127_192319.json
2025-11-27 20:58:18,504 [INFO] ✅ 统计报告已保存: /root/projects/cwy/DeepKE/cwy/src/full_book_results/report_20251127_192319.txt
2025-11-27 20:58:18,504 [INFO] ================================================================================
2025-11-27 20:58:18,504 [INFO] 
================================================================================
2025-11-27 20:58:18,504 [INFO] 🎉 全部完成！
2025-11-27 20:58:18,504 [INFO] ================================================================================
